mack,doanhthuthuan,loinhuangop,loinhuanthuan,loinhuantruocthue,loinhuansauthue,laitrencophieu
,12782355466948.0,1488874039290.0,410860502242.0,407929704810.0,310126892347.0,1673.2919042189283
,1171901547172.0,50413302276.0,36663393826.0,26023785608.0,17826187239.0,151.0
,153483344374.0,4359664475.0,-3726008322.0,-6303936748.0,-6312368664.0,-604.0
,409538425164.0,247148422547.0,109802759224.0,102525900897.0,79901608933.0,347.0
,582832152244.0,54958501990.0,36798940.0,3378534748.0,-445414922.0,-62.0
,38485998242.0,-92032770.0,-13293446337.0,-13640457070.0,-13640457070.0,-173.0
,3035259000000.0,610514752463.5018,2181451000000.0,794660000000.0,610773000000.0,1673.2919042189283
,1146997928816.0,1007672064.0,18489275785.0,18467115634.0,14481951949.0,710.0
,2153284689756.0,694430340705.0,255532216318.0,256144304898.0,204717146978.0,1673.2919042189283
,26703698429.0,21460359350.0,26408028351.0,26281607352.0,17959180480.0,898.0
,396140857414.0,6291310700.0,11530034994.0,9572916021.0,2559401141.0,32.0
,574119095281.0,107555717064.0,91063176851.0,91276939023.0,81756052567.0,6942.0
,379455976931.0,270307841003.0,141919890391.0,139770503450.0,110266827396.0,1090.0
,27794702000000.0,610514752463.5018,22612156000000.0,21005871000000.0,16789768000000.0,3669.0
,703993977474.0,109683471516.0,63596109836.0,67743899378.0,53013436443.0,502.0
,3980864021638.0,1251359909087.0,574855564191.0,523893633928.0,420115071480.0,2786.0
,1748735062071.0,189327774868.0,13495578027.0,13175245015.0,10536956998.0,210.0
,22554602968650.0,13813367936240.0,14299443517504.0,14332852757948.0,11576593004986.0,4741.0
,411845847050.0,139317696152.0,17626554505.0,17598246183.0,14078596946.0,3539.0
,464199961680.0,72865929263.0,28352140710.0,27184379527.0,21114304155.0,828.0
,4121908336161.3467,610514752463.5018,689896727788.6925,586855616546.8632,464930924081.62933,1673.2919042189283
,1629125227359.0,133233448330.0,57890479910.0,64905543676.0,56053340028.0,1673.2919042189283
,2057034336851.0,69933797265.0,32386833450.0,34786636420.0,27927396520.0,798.0
,506856558830.0,51572479984.0,-1043418673.0,-3824246432.0,-3824246432.0,-136.0
,1913398478509.0,593473568303.0,306828547284.0,301619529470.0,261003901664.0,2242.0
,240919812502.0,-415757714.0,-252484468977.0,-251401359996.0,-251401359996.0,-13813.0
,793261193442.0,233016962350.0,60595199807.0,60481183498.0,48894940952.0,2025.0
,412896892995.0,300927415668.0,168857093433.0,168543782608.0,135152065932.0,627.0
,2356140451956.0,180656968506.0,15847192847.0,15497804753.0,11372576718.0,1673.2919042189283
,12386543096944.0,1964710710159.0,1036492666411.0,1042237331013.0,841610270466.0,4006.0
,414845942519.0,48114650662.0,3792037587.0,3813970236.0,1700205147.0,296.0
,159789927069.0,64107327938.0,8282239910.0,7963194521.0,6186953400.0,1901.0
,3371087038356.0,151878369023.0,29017023770.0,28850845768.0,22967968509.0,352.0
,3432318861415.0,317144589285.0,94083327933.0,65287342743.0,54689190246.0,911.0
,309827146588.0,32708488649.0,-6636221641.0,6284158251.0,3334576695.0,36.0
,1444280778883.0,349442170998.0,84398161763.0,85001474438.0,71608857807.0,3855.0
,4911265972913.0,560372104802.0,119281689339.0,78513586158.0,48406232686.0,317.0
,131101428097.0,31742943973.0,-20560066182.0,-20359327376.0,-20859878771.0,-1048.0
,6561666425115.0,588476936618.0,162057709291.0,161758049231.0,156869218933.0,5164.0
,131294482810.0,-101377977814.0,-146254789137.0,-146174367275.0,-149252024828.0,-750.0
,14192696932359.0,1788244853719.0,427115971923.0,422794530291.0,308499580446.0,1673.2919042189283
,209580465103.0,75877336939.0,-15809478823.0,-13167823681.0,-19403382296.0,-232.0
,238090038677.0,12452373034.0,21085440133.0,20569033750.0,21839072600.0,1673.2919042189283
,329859793051.0,36436210011.0,5791403260.0,6037181300.0,4772506039.0,1534.0
,810594636.0,-5224703630.0,-19697377904.0,-20964065888.0,-20964065888.0,-216.0
,1915534107117.0,305083677969.0,78865970001.0,78102786600.0,53476646270.0,319.0
,12013117890000.0,1380915215783.0,336968232319.0,316035009775.0,253265295115.0,523.0
,3306339272217.0,323943757585.0,-8109153517.0,212569540.0,3839413830.0,134.0
,1330042251352.0,813143277614.0,256266995959.0,256088365005.0,202378837412.0,3179.0
,12813696308.0,4014934951.0,332114297.0,246438633.0,9773309.0,1.0
,50615224450.0,2647951665.0,775877300.0,354145677.0,198740216.0,57.0
,752328702442.0,404514411148.0,373185608428.0,376658166180.0,302171925726.0,1673.2919042189283
,686885399725.0,31520937662.0,14032497749.0,13560277750.0,12805817408.0,718.0
,3321210000000.0,610514752463.5018,1411691000000.0,1260278000000.0,1011255000000.0,1673.2919042189283
,5553656895109.0,738017016685.0,286019649910.0,393229314298.0,323869639379.0,1355.0
,72989804812.0,41299972630.0,33549185182.0,33865001975.0,26578738211.0,3241.0
,1780711929951.0,621655021573.0,131548056734.0,131607923042.0,116700028048.0,6170.0
,58481897633.0,13780658966.0,860266974.0,844923152.0,640540399.0,320.0
,355507372286.0,36432410381.0,8907066354.0,8692467719.0,6186113313.0,1031.0
,5528816582131.0,167608835065.0,-51036595693.0,-52895753018.0,-51542684979.0,-2713.0
,3487978470438.0,300372359617.0,-26532260780.0,-8133203878.0,-8133426100.0,-50.0
,254214077693.0,89033332108.0,57244456169.0,56227483841.0,52052940752.0,1086.0
,761888236324.0,200334704171.0,129958940428.0,133034065429.0,106860498086.0,3152.0
,4371857554867.0,1150049927558.0,882347082040.0,999352326942.0,844797960881.0,1673.2919042189283
,5195123457122.0,3392262537911.0,2467849404921.0,2451489518457.0,2309721093748.0,1923.0
,669293653728.0,127655132835.0,282622040121.0,306808884285.0,258868101184.0,557.0
,69059167443.0,6109657737.0,760524377.0,886702562.0,687854921.0,1673.2919042189283
,1816529657684.0,312335413351.0,203226283015.0,209278178786.0,174651060653.0,6591.0
,188106088619.0,54337124180.0,-16509327430.0,-13531458705.0,-14282343628.0,-344.0
,285225152800.0,101112481833.0,41520542265.0,44964355264.0,35904572211.0,2893.0
,79516683126.0,21129690716.0,7575227297.0,9495033580.0,7492371842.0,2373.0
,9358243746877.0,1393574129207.0,531573724714.0,531112811455.0,428073542058.0,5640.0
,1277960452464.0,628668244424.0,441279227848.0,468038477135.0,394320363622.0,489.0
,179980998434.0,69642411243.0,15080920731.0,14889166688.0,11487759308.0,633.0
,364125331903.0,243193484990.0,176371294119.0,169584534959.0,163041675630.0,1673.2919042189283
,7636981845.0,1773607644.0,631650151.0,459010396.0,301032990.0,67.0
,2885082483183.0,-31158545914.0,8360698979.0,10800552310.0,8098598747.0,82.0
,154588021348.0,39369912736.0,3388994476.0,5768708337.0,4588485589.0,952.0
,8219620812274.0,2185624392370.0,491172168061.0,518620224902.0,402838693548.0,1649.0
,4263652481420.0,1187229359068.0,649490989629.0,650026189696.0,499926615540.0,3131.0
,58007600000000.0,610514752463.5018,53269569000000.0,31383041000000.0,25121739000000.0,1673.2919042189283
,567481233266.0,95771153349.0,64968061624.0,66062998199.0,53911449645.0,4593.0
,289023851965.0,28433874301.0,19706387478.0,18874428610.0,15221663388.0,213.0
,1250751633361.0,219755254220.0,81293430179.0,82075769273.0,65192731818.0,1066.0
,195319562182.0,53809562358.0,32115783361.0,32116848261.0,25541438834.0,2061.0
,3420009031516.0,76228561446.0,20620046869.0,20285068242.0,16148959380.0,1673.2919042189283
,5122748106370.0,252676628914.0,270155500675.0,272733651732.0,237674042228.0,1639.0
,535069458414.0,78057354626.0,60804415045.0,60770595613.0,48560175521.0,462.0
,4615678655546.0,1988626867992.0,1228940159698.0,1240532853687.0,990761729138.0,12103.0
,292317180642.0,173296030049.0,98532451946.0,101285633775.0,81536860646.0,1673.2919042189283
,649783859237.0,38193096040.0,3370711115.0,4361695462.0,1876727670.0,1673.2919042189283
,1726061598246.0,179938097397.0,71034454048.0,69071046151.0,53764585280.0,2135.0
,286984251029.0,89220276445.0,60133523840.0,61197534230.0,51279213733.0,1358.0
,413925301481.0,357287322257.0,248394140256.0,248394125256.0,248394125256.0,4193.0
,268896118470.0,24538241610.0,1420627535.0,1526246101.0,1110730415.0,292.0
,419054292150.0,82616595128.0,26885074380.0,27005998078.0,21702461466.0,1754.0
,398361764594.0,96735427594.0,106023540744.0,151075328042.0,132441971503.0,1177.0
,296141935115.0,112693938189.0,75200561537.0,75075866392.0,70295431056.0,1052.0
,11150559393.0,5964319046.0,2772040440.0,2772040440.0,2161232352.0,1673.2919042189283
,627512823414.0,93967072295.0,44292590631.0,44870618278.0,44870618278.0,1673.2919042189283
,638420842021.0,61503892698.0,51768245635.0,51817739641.0,40994097751.0,2050.0
,1410672301781.0,865271775516.0,515160652177.0,515685500462.0,413071438156.0,1956.0
,935030033556.0,56203659587.0,50738496376.0,50742220842.0,40363698264.0,808.0
,393670180890.0,29065163485.0,8457505616.0,8463915098.0,6639201584.0,531.0
,1993145618946.0,147589659535.0,125100716810.0,125405305504.0,100030328206.0,2080.0
,123027071014650.0,436229788787.0,652262300853.0,680185076861.0,585338384397.0,202.0
,83827432801.0,10643543811.0,2036165368.0,2100824633.0,1620250917.0,1673.2919042189283
,1814581527929.0,1017724061477.0,886536481781.0,887602934186.0,710071766324.0,28403.0
,357406763322.0,18191894479.0,36687995303.0,35555338483.0,34986302624.0,1673.2919042189283
,2609613580989.0,-7501350091.0,-252393956081.0,-197780397686.0,-197780397686.0,-1601.0
,276517719628.0,131586895763.0,59366055502.0,59333204213.0,47046105267.0,3476.0
,1174633846252.0,158555431114.0,39060908547.0,36931504104.0,29612710004.0,1673.2919042189283
,561464712365.0,218034994172.0,58895187393.0,59018854497.0,47058961483.0,5028.0
,2306247000000.0,610514752463.5018,1002427000000.0,390590000000.0,311252000000.0,564.0
,39862204136345.0,-2327410087321.0,1123628115578.0,2620410226576.0,2157033004533.0,2809.0
,805020057515.0,94729038180.0,21868092987.0,26624654397.0,14506003125.0,90.0
,990555836109.0,489881957954.0,205248611671.0,205133560954.0,171317038587.0,2315.0
,3958979633852.0,1693211157367.0,730875241896.0,741078844714.0,664091107284.0,2423.0
,744580341694.0,436596683469.0,285002344122.0,285322946630.0,255255933688.0,1673.2919042189283
,170165944457.0,17238993625.0,-734937668.0,756480862.0,543386290.0,1673.2919042189283
,93251958232.0,62705140828.0,-4669953027.0,20256020098.0,15557368365.0,752.0
,626831909349.0,61936577451.0,8988888916.0,11391634265.0,11339231513.0,755.0
,943790939631.0,83845678698.0,1281107823.0,10109206345.0,3762822351.0,108.0
,3171234279220.0,455021139594.0,212257632708.0,213464692677.0,178739586792.0,502.0
,1144998079035.0,55294917744.0,29426678376.0,28863927972.0,21957491260.0,1673.2919042189283
,14940277511.0,-436216698.0,-76518092790.0,-77602543863.0,-77602543863.0,-3731.0
,38371820418.0,1709426415.0,-5227362339.0,-820192838.0,-661573169.0,-48.0
,681810329515.0,137492313353.0,2910334574.0,2827701632.0,1540437342.0,308.0
,591753292991.0,91450333960.0,41433564664.0,39798810685.0,30921885524.0,2922.0
,41719645246.0,14940187394.0,4814719950.0,4779020716.0,3817784270.0,1673.2919042189283
,2188112421848.0,-1539130308.0,-144582425228.0,-150442421215.0,-150442421215.0,1673.2919042189283
,10157191034709.0,483944743453.0,315038284854.0,324755064236.0,259034460756.0,614.0
,456492806532.0,34875041450.0,31249301766.0,31666445311.0,25815015107.0,269.0
,1298479992202.0,151671713887.0,10328819029.0,12065805279.0,10003658308.0,597.0
,423749900407.0,40908098516.0,41879987209.0,41301571871.0,32827950428.0,1650.0
,301510530439.0,105649060120.0,56575577615.0,53508726270.0,42364525565.0,640.0
,178096396187.0,48778474067.0,20683878562.0,21087940991.0,16950645276.0,1673.2919042189283
,156103579385.0,31583931377.0,6229829890.0,5502360615.0,3648786668.0,133.0
,1167062556707.0,70746374625.0,5988417293.0,16891088522.0,28715511917.0,1257.0
,1452619154002.0,517534571394.0,371015453057.0,375291204821.0,301338435308.0,3044.0
,22230523406.0,2075483249.0,-1842734916.0,-1926359797.0,-1926359797.0,-61.0
,3208679818247.0,235904464993.0,26491178224.0,25787566982.0,17206769405.0,1673.2919042189283
,94883175209.0,5751623092.0,976408901.0,230628345.0,28768121.0,1673.2919042189283
,1307837430269.0,351108042794.0,241328189584.0,241488890563.0,169854814868.0,1673.2919042189283
,85209344106.0,4659183956.0,204650522.0,190811627.0,65111617.0,1673.2919042189283
,293676622715.0,68892730911.0,56242052602.0,59525008253.0,47027665471.0,3718.0
,814199531520.0,421369733121.0,332095197966.0,331957503429.0,313762375040.0,2135.0
,629900704992.0,119736265443.0,44051541382.0,44235682608.0,35271626429.0,1673.2919042189283
,123106972488.0,34375108282.0,7889446804.0,5956336986.0,4515878505.0,242.0
,94444115464.0,28196354603.0,12367355281.0,64399096086.0,64399096086.0,1673.2919042189283
,3040558120766.0,1682760904369.0,664142072044.0,616821449627.0,638804024015.0,783.0
,387378730941.0,30772920570.0,3697620986.0,7819705878.0,7819705878.0,977.0
,1255074124460.0,125247059581.0,106973176120.0,104560209175.0,97851151885.0,1673.2919042189283
,1341451162943.0,352594379344.0,163742669953.0,158419461859.0,126250390852.0,1325.0
,908245631120.0,46005303114.0,3664643021.0,3605640614.0,2782588005.0,694.0
,3691723816321.0,407010737739.0,189488093767.0,190291997878.0,150229088842.0,5159.0
,661186027676.0,94303622637.0,48543999457.0,48504796282.0,38679263999.0,3223.0
,322046854786.0,139739652855.0,121943934562.0,124372310729.0,99350352899.0,2726.0
,17524760208468.0,389625028827.0,154733854206.0,185300059814.0,143281398506.0,13026.0
,1303449271732.0,195963018475.0,66723929027.0,67005013378.0,53446789975.0,4111.0
,517918018543.0,158931443064.0,218409695376.0,219691079074.0,197714159291.0,1673.2919042189283
,78642081396.0,10188701255.0,398703006.0,338226893.0,80004450.0,22.0
,771459885921.0,87721431032.0,37650289879.0,37565401011.0,29986425816.0,2566.0
,36172276710.0,-2559843681.0,-13419244004.0,-20472856498.0,-20472856498.0,1673.2919042189283
,2647849213361.0,387124589261.0,81897121439.0,103966894389.0,88754501292.0,1673.2919042189283
,383675351036.0,95441883360.0,30341813098.0,30243170509.0,25299466155.0,1673.2919042189283
,202066527362.0,15313442743.0,501250491.0,6866509135.0,4960432175.0,195.0
,4609002093685.0,187715135254.0,-137176778.0,14105741507.0,9635176256.0,428.0
,135974693252.0,50697193396.0,16618293721.0,18318652312.0,14233870369.0,1673.2919042189283
,2981141404986.0,408135845787.0,97680610564.0,113213393981.0,96988181676.0,1673.2919042189283
,3516782742983.0,284972456676.0,113697860276.0,113767696377.0,90795554158.0,1673.2919042189283
,233265940693.0,173940731573.0,162987659978.0,166267167754.0,134166052946.0,2668.0
,4106543929913.0,198284619112.0,35314479067.0,33627719338.0,26814525232.0,1899.0
,30302374349.0,6750629875.0,-17345943716.0,-16648193204.0,-16648193204.0,1673.2919042189283
,190029517976.0,41060547161.0,12632622418.0,13816996910.0,9150901982.0,2242.0
,37098976163.0,4419704581.0,1010420718.0,2168023210.0,1990858716.0,55.0
,662274555759.0,194961518424.0,128787525826.0,149747209426.0,119211903372.0,1588.0
,592693625998.0,51140509414.0,4250035430.0,4196626625.0,3969469070.0,159.0
,447030635182.0,73348240963.0,44794562998.0,67611465709.0,66740121196.0,1290.0
,1538861395434.0,296283872210.0,94196373424.0,58265510565.0,42837174866.0,91.0
,590361400052.0,105265886409.0,38050506700.0,27079004307.0,20431470502.0,409.0
,11514698052.0,250683453.0,-13177043511.0,-14375839838.0,-14375839838.0,-856.0
,4712176016962.0,624976962156.0,70989671639.0,89101474908.0,76313142139.0,1673.2919042189283
,9465414074279.0,481469074669.0,136375786992.0,175158529011.0,139744444444.0,3261.0
,1855578766161.0,504857378426.0,327211422006.0,328271194726.0,258097064113.0,2811.0
,684754473081.0,137427196120.0,59867428937.0,59665895606.0,47317289001.0,3459.0
,21045158770378.0,712515105237.0,306498724661.0,386562030631.0,309592561393.0,3320.0
,8171292441970.0,464433481945.0,28984366215.0,58018315287.0,50932384458.0,552.0
,62402793000000.0,610514752463.5018,59357149000000.0,31758320000000.0,25475009000000.0,1673.2919042189283
,1118665972237.0,426367956271.0,131890601924.0,131513906607.0,120613747555.0,1947.0
,37776526169.0,786116339.0,487342140.0,487342140.0,389873712.0,1673.2919042189283
,12612944887926.0,882700734313.0,674336340710.0,671816187507.0,538692641780.0,4709.0
,1201799438231.0,676271138259.0,285114140997.0,287391524778.0,231086774298.0,1554.0
,2292680784030.0,159175847593.0,17423379282.0,16794050627.0,13174085520.0,2805.0
,495575643536.0,251056629514.0,136268242908.0,132040097249.0,104445865188.0,3198.0
,160661597738.0,49316579815.0,1268228201.0,14313528266.0,11366474712.0,145.0
,95730274466.0,13252908357.0,3315885503.0,3156585900.0,2822649004.0,95.0
,1711849859917.0,263439860649.0,88262716686.0,84538989851.0,59817899827.0,1630.0
,90020771803.0,3681733953.0,563922438.0,584384949.0,457692952.0,1673.2919042189283
,106293882447.0,16008622216.0,665735391.0,4811646115.0,3896943492.0,428.0
,346321381873.0,154928552035.0,112680038316.0,110701283890.0,88209222744.0,1673.2919042189283
,38218883913.0,3694376912.0,-2373112879.0,-1951299293.0,-1951299293.0,-1942.0
,500005871936.0,78792454168.0,15613875675.0,15511896527.0,11421629529.0,1839.0
,66760159719.0,18232291008.0,4089880299.0,4067979695.0,3165372456.0,1315.0
,74268617674.0,28518406798.0,10949939008.0,11816972416.0,9307353714.0,111.0
,564732021223.0,293216534711.0,98080526507.0,93328027466.0,71937041668.0,1673.2919042189283
,2938534598760.0,84888407176.0,65561719371.0,65543577817.0,58876691423.0,894.0
,13573523231898.0,1932209293709.0,834528520100.0,850683626312.0,769070818247.0,2298.0
,1727548387571.0,832573248856.0,329086211871.0,325135524332.0,275181949187.0,1673.2919042189283
,868411587644.0,345992357592.0,17048134906.0,20529624580.0,13693358381.0,1673.2919042189283
,250229267995.0,35244441858.0,8383682059.0,8276220982.0,5561838041.0,507.0
,1094711919843.0,241103190056.0,152052666037.0,152113733156.0,122336155703.0,2226.0
,1326405070911.0,109128926079.0,49652449846.0,50019618449.0,39384164583.0,1224.0
,1306797442020.0,204703984677.0,68767242251.0,68776802257.0,54145499702.0,733.0
,13455585149640.0,2384750012014.0,1249825608454.0,1448586860905.0,1341452428049.0,2286.0
,94879164053.0,6948190902.0,-86620760057.0,-80205239504.0,-80205239504.0,1673.2919042189283
,357793955736.0,61539082595.0,-647842804.0,15889968680.0,15468706255.0,1673.2919042189283
,258858166760.0,-39117643479.0,-208323577255.0,17121984694.0,17105549617.0,1673.2919042189283
,1392658709594.0,89986346170.0,2213273577.0,9243823246.0,7331313542.0,478.0
,3367693196873.0,363270921035.0,211688241939.0,212317654428.0,169466760730.0,1160.0
,291646906374.0,-5042623238.0,-396665457080.0,-402333301965.0,-402333301965.0,-5029.0
,9865301938473.0,3498556241379.0,3414160144988.0,3402608444483.0,3109580224213.0,7398.0
,269834576628.0,65331444465.0,-30049063678.0,4805191022.0,3217762592.0,37.0
,22078260362207.0,2055483405899.0,556488874659.0,568950772752.0,448547310254.0,2419.0
,296193414952.0,86727346067.0,75610276808.0,68270487826.0,51706620002.0,3512.0
,4439477098072.0,277074065077.0,-191136313736.0,6261379992.0,6261379992.0,1673.2919042189283
,3596507144729.0,426030312527.0,271091794518.0,279225253542.0,242198614252.0,2947.0
,664941272431.0,210171006444.0,48584378885.0,50728072310.0,40544914055.0,1451.0
,4884867655092.0,2137766133150.0,978656370753.0,904484566816.0,778920119960.0,5763.0
,3426213502971.0,26313882908.0,3594022559.0,3629750638.0,2545941152.0,1673.2919042189283
,237782477047.0,35065922891.0,14308384311.0,16005892777.0,13004714222.0,1673.2919042189283
,2086352824613.0,219818399204.0,82683615726.0,95221746275.0,75194063435.0,1673.2919042189283
,238359453631.0,16285791163.0,1613993231.0,2112585489.0,1371973481.0,88.0
,1314524344563.0,332300584221.0,169766600164.0,164893810143.0,102415870108.0,1673.2919042189283
,222112989462.0,39829069488.0,17459889307.0,17459889307.0,13567007345.0,1673.2919042189283
,547959392195.0,192684615489.0,40117930067.0,38296727025.0,33134910321.0,13.0
,1031980846097.0,298830991650.0,-36791302619.0,257949776799.0,250202763119.0,705.0
,12319501255.0,5772299228.0,-2501813002.0,10955523451.0,10823780258.0,2405.0
,868155807971.0,128095486948.0,75981317220.0,68883021571.0,54688214885.0,1673.2919042189283
,1899426872221.0,417480322565.0,249584323793.0,253446906527.0,202704519997.0,4961.0
,804254065280.0,75373730503.0,4050684927.0,3811888035.0,3532992739.0,1673.2919042189283
,2630406446317.0,515705166597.0,189862222254.0,197030001681.0,157554065593.0,2175.0
,937408787887.0,77057432162.0,53388845677.0,53491723905.0,42072932658.0,5241.0
,94510130009.0,13261927300.0,-2513755114.0,-7072208061.0,-7072208061.0,1673.2919042189283
,2080599352666.0,1090175726487.0,1108503754336.0,1110128937213.0,910238152596.0,2146.0
,644687222815.0,192932934401.0,103069767837.0,105593468819.0,94776969162.0,1673.2919042189283
,8898445300977.0,1504340090581.0,421445186638.0,228706945827.0,192598905427.0,337.0
,1282996622921.0,492458179110.0,384383751052.0,386169572792.0,346066572470.0,2506.0
,2025737354729.0,331424123792.0,140047054014.0,168741554248.0,132975841659.0,5657.0
,200193410113.0,17754467269.0,-5774106721.0,-5222175635.0,-5222175635.0,1673.2919042189283
,417485438238.0,276053827739.0,151849335627.0,151915020429.0,121171578583.0,5636.0
,31372875776.0,10354660555.0,-1851344100.0,-1761099467.0,-1761099467.0,-787.0
,3577129672372.0,545088016869.0,353049366721.0,343022426438.0,303233549337.0,3545.0
,13496142223703.0,1898080028247.0,738422779520.0,742878358817.0,610416287634.0,1221.0
,1224567614835.0,388143814651.0,345721377437.0,402747248968.0,344276195177.0,3217.0
,819277720976.0,190188247301.0,-102183158734.0,-100525900744.0,-101646259991.0,1673.2919042189283
,4673028857122.0,729459328514.0,290644657259.0,289111939031.0,231689620695.0,1950.0
,1191685595511.0,295160918728.0,179469520076.0,163185994231.0,124581818732.0,525.0
,2660045210.0,-2892674123.0,-184758979570.0,-187575946803.0,-197323703977.0,-1594.0
,470442520495.0,189578993300.0,141090945375.0,139676389989.0,110402882736.0,1489.0
,91341413148.0,59414124436.0,55973191379.0,55973191379.0,44647616917.0,4375.0
,51242863961.0,15199245587.0,9656176201.0,9788585713.0,9788585713.0,1673.2919042189283
,503109234914.0,337621478256.0,220698430617.0,220685259006.0,176819852316.0,1673.2919042189283
,169100821994.0,56973642336.0,12916809726.0,13019577466.0,11362533295.0,310.0
,807411969647.0,387934429377.0,213539404141.0,227501485005.0,181770625492.0,1673.2919042189283
,46081820884.0,1674836574.0,-13306556206.0,-18649193340.0,-18649193340.0,-622.0
,217636663313.0,132017120770.0,116317899761.0,116370968830.0,92592415761.0,6520.0
,194080618998.0,-39118467379.0,-21431698034.0,-20929517292.0,-20929517292.0,1673.2919042189283
,53034478392.0,1292274236.0,-2478814830.0,2921950524.0,2214434675.0,69.0
,140990451318.0,21897862411.0,91122150.0,3747824070.0,1777891388.0,98.0
,141521957080.0,-12719476086.0,-32099285738.0,-36955501333.0,-36955501333.0,-3696.0
,494573791771.0,220720692324.0,220688351247.0,220078911872.0,175832879507.0,2247.0
,364131608347.0,77890236093.0,28585504256.0,29027556153.0,23137343805.0,2770.0
,620650947433.0,1679700072.0,446951808.0,311949041.0,175798178.0,1673.2919042189283
,12839645638671.0,1244546493446.0,747826684100.0,751634727765.0,690292145065.0,1014.0
,2006659874277.0,-1986005498.0,-103406262396.0,2073984548.0,2073984548.0,36.0
,1293252290335.0,681468916200.0,264035620882.0,263986114877.0,237211269568.0,1673.2919042189283
,197386384524.0,33705511831.0,15683637088.0,15400089950.0,11616392827.0,1425.0
,174782026993.0,5314046455.0,-651088470.0,1348431645.0,1159193678.0,1673.2919042189283
,1579969259142.0,141054933309.0,59897214209.0,57477445986.0,49723578250.0,1162.0
,5521801445146.0,613403695600.0,504262839090.0,533751101827.0,486695245001.0,1760.0
,694341855567.0,326912995943.0,377168425953.0,403034350211.0,336224822010.0,8406.0
,287650158554.0,166430689695.0,49697402672.0,54862117404.0,49174003468.0,1560.0
,488807515091.0,156990103419.0,58030074007.0,55328920346.0,49451570519.0,1673.2919042189283
,4733193172494.0,2284828685686.0,691786284620.0,727690367519.0,454224823668.0,359.0
,681740913400.0,81573959172.0,67545641992.0,67517343725.0,54151350676.0,904.0
,2375608601388.0,1157091684926.0,347843831338.0,339426803954.0,252544149803.0,244.0
,177625193206.0,7632617537.0,-6931269231.0,-5680080988.0,-5680080988.0,-574.0
,21391226747.0,4214323906.0,-698108988.0,-904722405.0,-904722405.0,-168.0
,66449464733.0,6242834075.0,513680216.0,542762342.0,142492248.0,119.0
,72619116292.0,28698320559.0,18477667474.0,18482218077.0,17085623194.0,1673.2919042189283
,3775281685.0,720771406.0,-6367447886.0,61919133.0,-474872429.0,-487.0
,454052455516.0,29888879110.0,16805156205.0,17583413935.0,13954575584.0,698.0
,5923525000000.0,610514752463.5018,5157489000000.0,4188417000000.0,3326804000000.0,1673.2919042189283
,10972911239.0,1926215020.0,51059459311.0,51098201316.0,51095851370.0,1393.0
,1131861293497.0,293242580106.0,95488833610.0,95552082136.0,75752152338.0,5012.0
,40721510970.0,8105424521.0,-20539875789.0,-20800849182.0,-20800849182.0,1673.2919042189283
,800145221381.0,246041599793.0,119760139622.0,116875679920.0,101148079325.0,1158.0
,1848069710316.0,308190176870.0,86943462366.0,87259475080.0,65774645573.0,3132.0
,103578954128.0,39291541699.0,9188936813.0,9018601142.0,6710500146.0,1350.0
,741241688662.0,233084631119.0,-27309491491.0,-30071523464.0,-30443186461.0,-751.0
,1444335000000.0,610514752463.5018,1349080000000.0,703774000000.0,560822000000.0,704.0
,1192244445297.0,58620979834.0,61122008688.0,55730596746.0,43028313419.0,189.0
,251595463296.0,108240384792.0,21358582969.0,21323644300.0,17177035087.0,1673.2919042189283
,469074237334.0,48644837791.0,4528645125.0,2755642699.0,1005253301.0,38.0
,3374697356483.0,442257760792.0,62736700608.0,60698731944.0,30182353557.0,60.0
,405808298698.0,67124288687.0,-2622630827.0,-1480043178.0,-1480043178.0,-58.0
,28938468889.0,20321725610.0,6459458578.0,5062047483.0,5062047483.0,131.0
,15802593027.0,6584033413.0,-10065524589.0,-18316351386.0,-18316351386.0,-1248.0
,4093509173396.0,1043625260689.0,70672512968.0,72523946612.0,57685058789.0,4493.0
,1369180341465.0,188880043158.0,104935436900.0,102222650231.0,88882252073.0,694.0
,56128696800.0,1395388352.0,18647597005.0,17353669399.0,17353669399.0,508.0
,123961564779.0,75808687234.0,8691524225.0,8432308312.0,610194284.0,10.0
,1953658075141.0,392853494208.0,224797471089.0,227688734251.0,176507549459.0,351.0
,6912623489158.0,751680448585.0,422116807782.0,421810405344.0,422616028545.0,4675.0
,704503127877.0,319291283721.0,167931166746.0,167464619789.0,132828034428.0,6489.0
,17610400252637.0,8315776716636.0,3633301864610.0,3587597717336.0,2861086103961.0,1673.2919042189283
,2601818179.0,2579403397.0,-18945450209.0,-18945450209.0,-18945450209.0,-574.0
,62848794351368.0,23799752019317.0,11026253085978.0,11070838730842.0,9420078521864.0,4940.0
,40104492531184.0,7583060943947.0,543136778737.0,526957088186.0,408413632278.0,2331.0
,182779637902.0,488876857.0,-174248760586.0,-127288890722.0,-127288890722.0,1673.2919042189283
,1147748531060.0,742183792847.0,661173665835.0,663173267145.0,567317494337.0,1673.2919042189283
,1457086750627.0,134946988713.0,9557936985.0,31266489718.0,26823232214.0,1673.2919042189283
,103564126562888.0,17654357438748.0,13156405325870.0,13172107496375.0,10590120585510.0,4354.0
,578606297630.0,205571584658.0,89854130471.0,89997370917.0,66064866845.0,2053.0
,19135848654890.0,1449098011669.0,392938462936.0,428070236190.0,341769384401.0,1673.2919042189283
,335690343652.0,134223737618.0,70628487296.0,71110097909.0,55415941747.0,2427.0
,672328330017.0,262646522252.0,40084309461.0,50141396833.0,39890440238.0,1673.2919042189283
,21129621819327.0,3064081106561.0,2156584949031.0,2152933971779.0,1714776780948.0,5294.0
,2325314422750.0,1073183626740.0,179963344399.0,181530596172.0,92073390082.0,171.0
,33759276317811.0,6765534957795.0,3569408615313.0,3615941969157.0,2666898119207.0,1902.0
,22619246102.0,-5021409775.0,-18221365790.0,-18221365790.0,-18221365790.0,1673.2919042189283
,316625082835.0,188177833974.0,202717546208.0,204589519363.0,181487212189.0,3551.0
,159342953965.0,65059171707.0,17827597664.0,18091674245.0,16238924768.0,1673.2919042189283
,710892295393.0,146190231504.0,-1640466703.0,53213364156.0,27590535401.0,373.0
,145405107521.0,2864823370.0,9100464391.0,6732713050.0,5118396004.0,1673.2919042189283
,71833657748.0,24220996920.0,14141630221.0,15567989852.0,12367110663.0,687.0
,2814721287236.0,238306264606.0,19601201868.0,24612379071.0,18974003001.0,873.0
,856943650.0,664816606.0,-36674352414.0,-29834729847.0,-18204139255.0,-552.0
,4832308663161.0,2161756908589.0,2428563206261.0,2079511820907.0,1905012484015.0,4285.0
,88057102128.0,15975554769.0,8515464385.0,7816989989.0,6113897112.0,371.0
,164814261304.0,52822521752.0,21520964853.0,21047078775.0,16678374779.0,1388.0
,80590362340.0,10528715393.0,5844250369.0,6485786521.0,4870117945.0,99.0
,156696160287.0,87327452970.0,73439660330.0,73502767465.0,69812607516.0,2444.0
,2247003636730.0,190438020325.0,107688957884.0,126062006619.0,100635601052.0,1315.0
,261393684841.0,27594258249.0,9691786180.0,10741783527.0,8554817300.0,870.0
,1501926294033.0,99401732154.0,39862739739.0,41150771275.0,32705402009.0,1148.0
,26254333056966.0,6908144005205.0,5001209170202.0,5915892471321.0,5103472212259.0,1289.0
,62551409334.0,20401221107.0,3194675955.0,2760616390.0,2759140030.0,95.0
,171938536129.0,39519962630.0,7917633568.0,7944485531.0,6307588425.0,1673.2919042189283
,87306977445.0,32163457538.0,-16771835949.0,-16553125339.0,-16808899016.0,1673.2919042189283
,5693569443000.0,2176783266000.0,1199987431000.0,1019283806000.0,1056563495000.0,994.0
,3992094957163.0,1266705644034.0,980436237286.0,977289020386.0,800226211464.0,4986.0
,2598730471287.0,185113337338.0,75235049848.0,103139642547.0,67688000911.0,381.0
,419785053433.0,66286363899.0,-622935857.0,18725123261.0,13286300047.0,104.0
,17815218515.0,12078518075.0,11142609286.0,9857289670.0,9857289670.0,103.0
,69343852258.0,3352619858.0,-8039501476.0,-9820699027.0,-9896955521.0,-1269.0
,1349283371633.0,103143226261.0,22368460285.0,23926812784.0,19124484128.0,6124.0
,5513287344174.0,511923106139.0,177990925160.0,258356507150.0,203569675920.0,1163.0
,6374514460150.0,302272628442.0,268074855439.0,872168518965.0,851790262477.0,1673.2919042189283
,245805228803.0,8160091580.0,-746412674.0,340964779.0,156800890.0,10.0
,24908511704.0,17829448578.0,7302350441.0,7019243359.0,5615991717.0,170.0
,78498815539.0,19872240706.0,42161735208.0,46627833378.0,36352969645.0,1757.0
,300015394544.0,28989499724.0,16515307382.0,15896981840.0,12557591905.0,1926.0
,869270360383.0,55235977196.0,38169201341.0,38169202125.0,30508791171.0,825.0
,4276240392092.0,1720876568754.0,1295326227636.0,1295564056727.0,1039655044354.0,1673.2919042189283
,31116166892.0,2564893913.0,-1027102812.0,480262229.0,232841803.0,1673.2919042189283
,901410794996.0,200760215973.0,126055547856.0,109297718259.0,83245335705.0,1673.2919042189283
,1050468017.0,222740460.0,2354410892.0,2355910892.0,1868117407.0,187.0
,255973767442.0,94905679452.0,18096826169.0,19303648631.0,15818933165.0,506.0
,30856393000000.0,610514752463.5018,22052225000000.0,16730791000000.0,13247888000000.0,3671.0
,546438475898.0,220425816296.0,128818058863.0,88562156792.0,65732739250.0,1673.2919042189283
,2719227682602.0,1589020041753.0,921049716357.0,880104992052.0,753033213518.0,1673.2919042189283
,1953400922993.0,258718866860.0,133847768480.0,137333175331.0,109291643657.0,5438.0
,569438793798.0,160267124509.0,58467098883.0,58392217090.0,46129969285.0,1447.0
,24741368045.0,4343668542.0,26204975.0,32603726.0,32603726.0,1673.2919042189283
,309988216585.0,198694403564.0,63858257390.0,63868367677.0,51056810620.0,1673.2919042189283
,370448864861.0,241919192229.0,237180194399.0,232828080073.0,185338360133.0,14770.0
,57443538554.0,13441719962.0,64746412903.0,64777388604.0,63027388604.0,3151.0
,777178728893.0,174518656831.0,65066172827.0,63856604004.0,50342861085.0,3065.0
,40831422035.0,-20913483470.0,-33288567356.0,-32779742972.0,-33057977209.0,1673.2919042189283
,1870469957283.0,57982957768.0,29853723509.0,29736727654.0,23621405743.0,1673.2919042189283
,571225175340.0,63930307339.0,373259530358.0,381658770934.0,368524826740.0,1040.0
,3308270705928.0,1344050482178.0,558981283096.0,557845821119.0,473241678231.0,973.0
,7206334295379.0,546584652564.0,24396921560.0,23358958315.0,17870902476.0,1673.2919042189283
,119299308527.0,52062204121.0,22869054506.0,27387695380.0,21078760980.0,1004.0
,852499159848.0,89484498266.0,17757828667.0,17882177585.0,14054634116.0,1093.0
,149000069681.0,65176986814.0,59343575703.0,59115945920.0,47185289710.0,2245.0
,5970103950.0,2145752697.0,-58849329256.0,-58994592535.0,-58994592535.0,1673.2919042189283
,115188432401.0,1059491977.0,1112837723.0,1049710850.0,854645335.0,139.0
,2998557338965.0,326446534264.0,131942925462.0,108349154971.0,80399679625.0,3163.0
,28958565964.0,6239844644.0,4495761113.0,4520328034.0,4094160806.0,205.0
,4121908336161.3467,610514752463.5018,689896727788.6925,586855616546.8632,464930924081.62933,1673.2919042189283
,1542340804.0,-12851692.0,-4653598738.0,-10080496629.0,-10080496629.0,-10081.0
,4235459338475.0,92141986365.0,28986054239.0,29836636697.0,25627907250.0,939.0
,107881252448.0,20768792110.0,20226526630.0,20778501625.0,18114439481.0,1402.0
,52996318288.0,12189889878.0,9145843620.0,7889277565.0,6033053286.0,1673.2919042189283
,786926434334.0,314000884039.0,275372552245.0,277374189284.0,263109766924.0,1119.0
,11036275254339.0,587411095542.0,444391462392.0,444529674873.0,421755762024.0,844.0
,1970815184553.0,642034738261.0,204368189754.0,205825173664.0,178003981526.0,1673.2919042189283
,491919537000.0,-694558344000.0,-939394176000.0,-1280414134000.0,-1276588828000.0,-1152.0
,1182125636807.0,165567756605.0,98232590079.0,100942192575.0,79765070569.0,3355.0
,714397885666.0,112454140787.0,32101562322.0,37472695388.0,29579092847.0,666.0
,112241922650.0,37250560083.0,-8753850512.0,-8420624732.0,-8420624732.0,-421.0
,1709812611405.0,219359094421.0,-70514767167.0,-66988123484.0,-66988123484.0,-930.0
,43637111575.0,22211743297.0,22090100467.0,22441818778.0,20150881830.0,2426.0
,138855112131387.0,18497549127684.0,13267002948344.0,13693499624192.0,12020020984285.0,1673.2919042189283
,36773560408.0,53151637081.0,57394853801.0,60616224563.0,60616224563.0,1010.0
,1287784457723.0,483525029259.0,137208152853.0,138332381323.0,110665013713.0,1381.0
,1615870373752.0,519181026969.0,99023528000.0,111185484581.0,64811902827.0,197.0
,100163568760.0,90858056281.0,23902793734.0,40596551166.0,32598281084.0,56.0
,214268184543.0,45214938381.0,33743237764.0,71552556885.0,65578570826.0,2171.0
,39271893738448.0,4263666396467.0,510613852948.0,551203257346.0,514673976370.0,802.0
,139245565620.0,11071952211.0,7677535710.0,7646934881.0,7156774442.0,190.0
,1114792854721.0,54899904448.0,-83484141728.0,-74062704942.0,-79107549924.0,-3485.0
,417333864331.0,71568945625.0,29963883667.0,29060865116.0,24097950779.0,1673.2919042189283
,918600210086.0,21339524923.0,5908573304.0,5254451352.0,4071264970.0,1673.2919042189283
,6884245697137.0,645247803243.0,93771228845.0,85709337063.0,65178294411.0,170.0
,1014753133557.0,136776180152.0,43516254293.0,39063915231.0,30654943031.0,1397.0
,377831884690.0,10580858001.0,2758749504.0,2013125967.0,1610500774.0,71.0
,5102928678811.0,592181291655.0,334483915801.0,352837330214.0,282475938010.0,6633.0
,489839849627.0,164740809775.0,79790307124.0,79865591098.0,63782472879.0,2556.0
,495013148690.0,67010872468.0,21320248807.0,33646289781.0,26802036826.0,2234.0
,726493403362.0,372666760363.0,-25928637777.0,-24249511942.0,-24575874053.0,1673.2919042189283
,1140492454254.0,80048706223.0,30436778358.0,25297844522.0,18405212790.0,200.0
,1507708755.0,-666772218.0,-191849230412.0,-194651076349.0,-235274318971.0,-1224.0
,5272724948.0,1235474474.0,-6733427000.0,-7469155140.0,-7469155140.0,1673.2919042189283
,278276936599.0,27310403958.0,5173121118.0,12087737234.0,9290315636.0,699.0
,198591742188.0,10781535476.0,-2151624328.0,5629201396.0,3110779584.0,306.0
,155994902978.0,85851418765.0,19194504787.0,17775246205.0,13885770432.0,926.0
,309120694013.0,76018991434.0,78556508758.0,78470913068.0,67323496178.0,2238.0
,678363642180.0,159384115006.0,72789039986.0,73194389790.0,64252067823.0,1673.2919042189283
,30648032502235.0,2758190361614.0,355141924818.0,392268407409.0,284108182863.0,152.0
,16724562362.0,7447517529.0,9284657655.0,9222579483.0,7365647952.0,1673.2919042189283
,393590487971.0,64053346991.0,38317555125.0,38484676588.0,30598130274.0,744.0
,105786761172125.0,13825619134926.0,2517315301248.0,7722924466662.0,7267426862160.0,3108.0
,1451020006655.0,299508940939.0,105842044368.0,105365880502.0,84226596468.0,6899.0
,347809193817.0,-10364949776.0,-43917051234.0,-44104510933.0,-44122012115.0,-1063.0
,670180413702.0,291031314098.0,142874482046.0,154687974095.0,134894045401.0,1294.0
,45439820007.0,10979836622.0,-3497669810.0,278633145.0,278633145.0,22.0
,13209223017.0,6628442302.0,-5184605392.0,511470399.0,364286785.0,1673.2919042189283
,622811727724.0,323061248070.0,303082078990.0,303597541875.0,242577412543.0,1673.2919042189283
,1572511299308.0,128882736348.0,25607968450.0,38253552174.0,32031247801.0,995.0
,8846410510226.0,3337259599769.0,2972638680223.0,2993040316467.0,2393118551557.0,6050.0
,7136773393630.0,558801513083.0,106439826347.0,108119901162.0,72629357316.0,248.0
,714611187138.0,250267588389.0,86745305088.0,116866664781.0,91356745647.0,265.0
,7658150303528.0,3124965569608.0,1105078294809.0,1108404124001.0,875301760419.0,14162.0
,130939549954.0,86267995293.0,134794831138.0,153596017526.0,134159119720.0,3463.0
,1973155586000.0,676666468000.0,223289290000.0,220620354000.0,172925450000.0,1984.0
,1020637132951.0,459182235187.0,422063155433.0,416411958124.0,355457003081.0,1002.0
,139407533343.0,13052146009.0,643857904.0,328982620.0,93466354.0,1.0
,492908767087.0,191701144107.0,128240258112.0,128940103258.0,103199027619.0,3296.0
,186100957650.0,29930451992.0,9290807531.0,7626664277.0,6296440541.0,129.0
,2205119938413.0,855557152690.0,403284767405.0,404192934555.0,320862393082.0,1932.0
,21520326885.0,5236435405.0,848894014.0,798394014.0,287208727.0,144.0
,4121908336161.3467,610514752463.5018,-35383106666.0,-35911291089.0,-35911291089.0,-1726.0
,1766550070641.0,314121543633.0,134022237666.0,135201864548.0,113990460549.0,6348.0
,560054620730.0,287974969115.0,526455961525.0,526773746851.0,477795774146.0,1955.0
,25147448508.0,-434223281.0,-4648929801.0,17390170364.0,13807403300.0,789.0
,198338997510.0,106553831259.0,93797205345.0,94378389527.0,76193497889.0,1659.0
,455410381350.0,129778356774.0,81434432224.0,82210455703.0,65492292043.0,3506.0
,375849378401.0,206488797740.0,142271142425.0,139922769561.0,115478682753.0,121.0
,575626468075.0,193381547690.0,50583382149.0,62724822320.0,34287291182.0,373.0
,555393599691.0,27335460470.0,613341383.0,1048147645.0,1048147645.0,33.0
,1939027688094.0,67939077974.0,15044127010.0,10339733650.0,3612587111.0,126.0
,74751428498.0,53252601579.0,21539839436.0,21543203072.0,17118415814.0,247.0
,38607393291.0,-5142402494.0,-38204243840.0,-39499312109.0,-39499312109.0,-2626.0
,612521692173.0,151789798065.0,55361877602.0,63747073150.0,51886432712.0,461.0
,2775753386355.0,1283446290850.0,907006415261.0,763727824347.0,459879039452.0,555.0
,8331303343827.0,1523168594994.0,102066356966.0,107113897449.0,67896579353.0,135.0
,3278584206000.0,1740250562000.0,1130553838000.0,1050935191000.0,803073381000.0,800.0
,35660063272.0,1333879023.0,1722137118.0,1670033845.0,1344084148.0,189.0
,7402980225919.0,629119945548.0,15070603914.0,15258069417.0,5233868802.0,206.0
,309842135613.0,45407872498.0,80627769162.0,72727879134.0,56710436319.0,126.0
,7118614609836.0,259859352899.0,51291866729.0,70588306384.0,57169796279.0,947.0
,657528281152.0,77980396635.0,34756952947.0,17084833728.0,17084833728.0,1953.0
,435533916349.0,108593145411.0,97228572362.0,98327715366.0,87603738019.0,1673.2919042189283
,88587513537.0,4289865814.0,6713705186.0,7255154300.0,7255154300.0,1395.0
,3191226000000.0,610514752463.5018,1935006000000.0,1112058000000.0,887494000000.0,2455.0
,411624057742.0,56156790779.0,10699321191.0,9336336667.0,7309231628.0,1673.2919042189283
,4576289366558.0,100835441494.0,14927300487.0,14936893169.0,10724365167.0,1673.2919042189283
,1438926718406.0,169486941713.0,35638475935.0,33872281791.0,26315062954.0,120.0
,4121908336161.3467,610514752463.5018,-275422941155.0,-276911443953.0,-276911443953.0,-4549.0
,401275176502.0,177676235071.0,121609991211.0,83572221913.0,52752122115.0,431.0
,46391514376.0,5471568064.0,707420508.0,-975212287.0,-1008762763.0,-84.0
,2469776072818.0,1235973810961.0,976514642048.0,977331647342.0,776522931704.0,2268.0
,4121908336161.3467,610514752463.5018,-50274867.0,-51883748.0,-51883748.0,1673.2919042189283
,7450091674.0,85107217.0,-4648226291.0,-4448549423.0,-4448549423.0,-148.0
,450910060199.0,31190510468.0,13062212407.0,13006652400.0,10351644880.0,1645.0
,13250634406791.0,2524333946074.0,1547840590942.0,1497742106338.0,1170680574701.0,6145.0
,5487848457885.0,209242624114.0,25195155536.0,29574340558.0,25726823618.0,705.0
,963510808574.0,90286569006.0,37888301137.0,41539852556.0,41539852556.0,1673.2919042189283
,278961472158.0,63915847020.0,33460072339.0,31424300138.0,30912899429.0,6097.0
,155460874029.0,-8072264574.0,-19413635459.0,3561203504.0,3561203504.0,72.0
,1073199177579.0,51279957246.0,30979290025.0,31528812542.0,27564331931.0,2816.0
,136026574491.0,57963136326.0,21320277567.0,23094629903.0,17166936788.0,1673.2919042189283
,4924717468479.0,630106829422.0,304446774142.0,308153127861.0,225276812315.0,1673.2919042189283
,67939382540.0,3689433887.0,-729252015.0,-1481439872.0,-1492747472.0,-457.0
,340967016165.0,57964261261.0,50802219269.0,53710123306.0,42582068380.0,11904.0
,465961353640.0,103056065826.0,59258151817.0,56825683482.0,44954305958.0,3008.0
,3465768683539.0,622752721676.0,219314803515.0,216207267894.0,169547509765.0,1352.0
,325511294152.0,83439278607.0,23412395945.0,23449688159.0,20432297622.0,1673.2919042189283
,106009186186.0,12625576618.0,4507070577.0,4291194322.0,3387369558.0,1694.0
,873018594174.0,194159690056.0,104535803592.0,104147994369.0,82625349418.0,3540.0
,37677603513.0,10198016654.0,-22178947.0,874099788.0,86534241.0,52.0
,2513465377819.0,332247878996.0,172005510404.0,172181676058.0,131170095488.0,684.0
,33565216052.0,1739210053.0,2506409755.0,1677267299.0,1677267299.0,68.0
,-173233280116.0,-190275886247.0,-824427637307.0,-840056100008.0,-777868798713.0,-3036.0
,217957757303.0,64390399949.0,6461965274.0,6810241351.0,6810241351.0,536.0
,319686229615.0,93044741263.0,125370362957.0,124827947226.0,100130467661.0,1271.0
,126572357622.0,13839397047.0,-47933238895.0,-48253682287.0,-48262341236.0,-1520.0
,2503558386331.0,1690332797343.0,825556232231.0,825286243034.0,792089782258.0,2721.0
,102592491503.0,5652310161.0,-40525685736.0,-50603628273.0,-51671042498.0,-1024.0
,1229096725714.0,247485886427.0,145135055896.0,147233885041.0,116948825433.0,4647.0
,423446910138.0,218863529280.0,188944119233.0,232625062828.0,183840449729.0,1673.2919042189283
,2294452342939.0,257375446863.0,102357666609.0,88256524426.0,76600979504.0,1673.2919042189283
,3766238031498.0,135440194644.0,10572009645.0,6113389635.0,1488799883.0,7.0
,2876943464074.0,616366550343.0,256028353966.0,256553679099.0,201513867351.0,2793.0
,45045559220.0,25190271033.0,16217551875.0,15967731411.0,14056327020.0,5110.0
,6101713206847.0,143908008540.0,62434326608.0,78717531876.0,74531547478.0,1100.0
,1545729303608.0,101110490255.0,17781480925.0,21542851328.0,16387900755.0,1501.0
,4121908336161.3467,610514752463.5018,-5950636740.0,-5950636740.0,-5950636740.0,-232.0
,49485583507.0,3836304658.0,-1073852989.0,-5944113815.0,-5944113815.0,1673.2919042189283
,15393743000000.0,610514752463.5018,14121987000000.0,12168168000000.0,9720900000000.0,3904.0
,372057657207.0,28787737996.0,19237382452.0,17783712927.0,15298952477.0,1673.2919042189283
,3425000000.0,2379179215.0,-66342383678.0,3615025921.0,2731912554.0,1673.2919042189283
,4646638398567.0,554355310902.0,142132704981.0,141015787858.0,97791437987.0,1673.2919042189283
,124492177234.0,10783007072.0,54062863414.0,53872428717.0,43737941237.0,3014.0
,177406724480.0,31982901565.0,7177006798.0,7312888043.0,7312888043.0,903.0
,41152219000000.0,610514752463.5018,38405972000000.0,28829328000000.0,22951264000000.0,1673.2919042189283
,311186580224.0,42674242190.0,29552495105.0,29609581208.0,28042953316.0,233.0
,3120367476027.0,1710570189323.0,925787501617.0,930644050935.0,743553182565.0,1673.2919042189283
,22439004239.0,8484923330.0,2794337109.0,2137953084.0,1551004516.0,274.0
,480125601327.0,41294013465.0,1926168120.0,12528073059.0,9654232940.0,1673.2919042189283
,45033889413.0,9203602020.0,-7064669282.0,-7015266774.0,-7015266774.0,-72.0
,30897225625237.0,14404685240219.0,9012591353499.0,9004312866417.0,7920537530999.0,10841.0
,2916958103285.0,848545365640.0,253708586983.0,252056847255.0,219920772280.0,1799.0
,54937895620.0,6345313772.0,-88547164.0,338795462.0,271036370.0,66.0
,466605824421.0,54718621827.0,36964626634.0,37112292498.0,29697833918.0,1973.0
,2612140095197.0,273441658003.0,69417876684.0,70929824483.0,53507898347.0,2498.0
,1024325827698.0,101700895590.0,-1861249390.0,3390222099.0,3390222099.0,62.0
,228671453048.0,53135722592.0,5739454050.0,4111753398.0,4030572309.0,1673.2919042189283
,443135811734.0,92481202963.0,18425704273.0,19337915777.0,15182612518.0,1223.0
,879845362827.0,38770035813.0,5350961634.0,9300202552.0,8103825190.0,540.0
,3369278515.0,876015747.0,-1001031374.0,-756335355.0,-756335355.0,-41.0
,1875818093.0,54545455.0,-15274963945.0,-16184240519.0,-16184240519.0,-489.0
,93467784692.0,40417074690.0,59915112965.0,60591818022.0,48281331359.0,2012.0
,14288898450.0,-243100890.0,14441197033.0,13922004467.0,11816355128.0,1673.2919042189283
,1611285066691.0,173706088626.0,7583036396.0,8714008932.0,6368160965.0,1673.2919042189283
,3640825147740.0,545372447106.0,308180808232.0,308136183006.0,238496633985.0,1673.2919042189283
,919577453402.0,248056555639.0,54922826934.0,54715942396.0,42263025646.0,1673.0
,109981801372.0,38882011047.0,9428487385.0,9268338399.0,7381724993.0,1476.0
,7649715892213.0,1961739670083.0,11723942093.0,22705586964.0,25346456196.0,300.0
,4650532796701.0,850189411027.0,145465423877.0,159134567401.0,127793527800.0,4349.0
,14731065489102.0,1124839400134.0,-134492723412.0,-179590236398.0,-234914701922.0,-602.0
,4121908336161.3467,-16707062010.0,-17145014999.0,-17456673561.0,-17456673561.0,1673.2919042189283
,10243064000000.0,610514752463.5018,8988305000000.0,6903842000000.0,5519377000000.0,2123.0
,5280403155194.0,829508180749.0,557436805241.0,541218219993.0,439900672643.0,5465.0
,83177720000000.0,24655738000000.0,6760549000000.0,6024803000000.0,4272384000000.0,1345.0
,14336328727000.0,892706621000.0,-258075720000.0,-933569686000.0,-1586598650000.0,-1491.0
,1273890610665.0,27256939497.0,22988184976.0,22431597008.0,17139549264.0,226.0
,1460554037460.0,209158113776.0,79201609108.0,84996273553.0,77047900286.0,322.0
,4080612387842.0,178386002394.0,22315673362.0,19571543518.0,14996333394.0,1000.0
,5267968058123.0,755171801188.0,290423768281.0,335531682792.0,262244073570.0,1889.0
,600920592050.0,122902679971.0,93099739180.0,99774723944.0,85333143907.0,776.0
,17003175426399.0,2805370996764.0,1783734003716.0,3126238908700.0,2604101548488.0,1678.0
,134341152848802.0,27499210077021.0,5227045424891.0,4825763013078.0,3733288228720.0,2546.0
,4445368775704.0,337344871709.0,71302296287.0,73303446655.0,72759722098.0,724.0
,7937820000000.0,610514752463.5018,5066300000000.0,4545398000000.0,3607093000000.0,1673.2919042189283
,1437742951331.0,404430355271.0,130723062328.0,142916601042.0,118109589783.0,2263.0
,2722369207590.0,284567936155.0,37785796557.0,36494357226.0,27804464757.0,853.0
,208040982497.0,53010345711.0,21160641515.0,21058310228.0,16956844859.0,788.0
,106199394079.0,17917667552.0,21188950029.0,21372140549.0,19167376959.0,2228.0
,329742894573.0,82575544474.0,4149061180.0,4319251891.0,3451904219.0,1673.2919042189283
,66645448308.0,22346936653.0,65976139389.0,15806815361.0,822514525.0,11.0
,2812769703303.0,281781096419.0,40381701010.0,45743903622.0,36343782429.0,982.0
,1160602794231.0,24047557426.0,-7187976219.0,-8508418003.0,-8508418003.0,1673.2919042189283
,242336803098.0,153468255677.0,71609563495.0,71902941983.0,59570697233.0,1825.0
,906053704717.0,289679074934.0,39837906404.0,40011375060.0,30399937411.0,1673.2919042189283
,4249378696765.0,569317461494.0,128676333878.0,126688129976.0,101290707493.0,710.0
,732066153220.0,116957504160.0,67442513822.0,67616220428.0,54775239754.0,3052.0
,920644864614.0,411726616417.0,330885370940.0,330723294676.0,266554572118.0,9179.0
,364973807106.0,239793311225.0,169744076401.0,171233436172.0,162256140106.0,1673.2919042189283
,55616946202.0,23701665897.0,44655720770.0,41970563763.0,36171291602.0,505.0
,1425281016698.0,24349297549.0,-91813126081.0,-88952918056.0,-89522336638.0,-5684.0
,277709914944.0,92697600313.0,38462313682.0,37660356891.0,33337055713.0,974.0
,49150095529.0,-170383583.0,217429222.0,210678550.0,59445333.0,16.0
,86951417702.0,52081309216.0,29584881431.0,28942909299.0,23782838741.0,587.0
,1652661909097.0,426893519528.0,257906872817.0,258305595266.0,206624387590.0,9225.0
,914381030925.0,151761267130.0,50563218965.0,55286067453.0,44151013274.0,2807.0
,160456377611.0,89550730855.0,78046825795.0,78902305036.0,63094502537.0,1673.2919042189283
,49629856371.0,6965690796.0,1473686145.0,710375531.0,24010943.0,15.0
,2096905452640.0,390776981089.0,112480999301.0,111602957195.0,87840737704.0,1673.2919042189283
,348131827362.0,68228707737.0,10205835351.0,6148639643.0,6947886306.0,861.0
,20609022190077.0,1831773954930.0,557452985282.0,558169985495.0,453008144440.0,1673.2919042189283
,7196050482193.0,3067883481715.0,1782810136722.0,1838755186957.0,1381697050629.0,1270.0
,280070334347.0,89055403400.0,79676494876.0,78649835317.0,63339107166.0,1673.2919042189283
,802345438436.0,54715379910.0,25109035007.0,25292553681.0,19614889428.0,815.0
,166279224658.0,-107153152368.0,-312661365447.0,-289186165817.0,-289186165817.0,1673.2919042189283
,133591382404.0,33093715692.0,18176389494.0,18420386411.0,14685629485.0,523.0
,810799562100.0,161569340713.0,68483277043.0,69989789743.0,55959082880.0,1101.0
,185887548591.0,64693254879.0,24402586540.0,24420946255.0,19399132076.0,1673.2919042189283
,5149234224.0,4534481049.0,-106463249945.0,-59465184534.0,-63151060796.0,-681.0
,739806069024.0,357216756968.0,2568838384.0,24337792973.0,19434602715.0,1673.2919042189283
,2448696267958.0,726841908647.0,273229919373.0,271769222176.0,225464502252.0,11491.0
,1012994256509.0,46787989081.0,2763088070.0,2665705864.0,1874395707.0,1673.2919042189283
,869476126115.0,132210946246.0,22586678354.0,23114686302.0,18311183029.0,1635.0
,5951561622567.0,36574993687.0,18446074901.0,90769907991.0,72347715716.0,240.0
,367858654446.0,225531542016.0,370200996619.0,372303890520.0,316617568396.0,13192.0
,107631651286.0,59845268068.0,54081820341.0,54028608156.0,51283995995.0,4748.0
,1441314355785.0,880562994651.0,854089521087.0,840013720868.0,607556303620.0,9962.0
,5656563814495.0,1769949264907.0,885058912782.0,888450064799.0,735659511537.0,5161.0
,1232516020624.0,96032135582.0,31718103571.0,33095671183.0,32713844068.0,1392.0
,167047216360.0,25335041818.0,11967320453.0,12148810290.0,10487306380.0,908.0
,-1782193000000.0,610514752463.5018,-4864546000000.0,-5128090000000.0,-5128938000000.0,1673.2919042189283
,9073375473961.0,109283992469.0,-636318342031.0,-2529910445056.0,-4351377507655.0,-3288.0
,410665257727.0,223573521099.0,62143359763.0,44080541457.0,23248176143.0,1673.2919042189283
,8606668671493.0,610514752463.5018,6265322259962.0,4006295939181.0,3174072061375.0,1277.0
,983145588033.0,469915114924.0,64801852445.0,208089938736.0,176235083542.0,1673.2919042189283
,1006389230537.0,477983342484.0,63445884839.0,227344804177.0,195489948983.0,409.0
,124485076872538.0,4148868956598.0,609956814566.0,630571388242.0,473151550550.0,321.0
,580826086172.0,38412831293.0,1877695229.0,1785523900.0,1329108461.0,167.0
,968575979199.0,402816455366.0,138019804671.0,137093249919.0,109427533649.0,1420.0
,2077145548108.0,1106224457004.0,458719153134.0,481449841543.0,379111428571.0,1135.0
,3205408512601.0,416037145109.0,163732114980.0,164312356037.0,126626969757.0,2452.0
,16184024349272.0,3364429372551.0,1329407704959.0,1328466171204.0,1147651750002.0,2846.0
,2176403000.0,-17759556627.0,-17304078559.0,-17308427564.0,-17308427564.0,1673.2919042189283
,1068089717388.0,16679054284.0,5667030014.0,13369701296.0,10754411619.0,407.0
,1721435530826.0,363209354486.0,279158181627.0,279158181627.0,264941353122.0,9962.0
,1065095345564.0,211393916305.0,51219292028.0,49972246796.0,39643919923.0,350.0
,370230234432.0,30487114534.0,10477318791.0,10469212276.0,8139394117.0,1696.0
,813040460823.0,39078181552.0,20666397921.0,20425092770.0,18161066967.0,1673.2919042189283
,10078077470632.0,2083248573194.0,818070992524.0,828633238207.0,703604396534.0,1158.0
,3150352405159.0,80440756782.0,10393360544.0,34834508464.0,27718815095.0,1673.2919042189283
,26592894761.0,2651518251.0,114804649.0,60625015.0,60625015.0,20.0
,194942239067.0,34061345546.0,17313997469.0,17314275712.0,12857134636.0,1673.2919042189283
,540056890013.0,202960750639.0,109774860003.0,110064132676.0,87786522552.0,1579.0
,307927199240.0,30340443929.0,18478991747.0,15888522717.0,9441162838.0,930.0
,47312486534.0,15671091729.0,4000506565.0,4286269964.0,4286269964.0,1673.2919042189283
,1337315365298.0,498585832894.0,433230494927.0,433655583875.0,347342676016.0,8653.0
,2023426299130.0,861448505319.0,603744828926.0,664209745918.0,515401405989.0,1673.2919042189283
,1362277289608.0,216797192716.0,119854758940.0,280398101037.0,224355522439.0,1673.2919042189283
,7190238221888.0,241745860449.0,-36699906291.0,-35934632857.0,-36034571777.0,-141.0
,268459759880.0,22844092668.0,-157853454.0,1010392401.0,1010392401.0,202.0
,19061195366730.0,905454255763.0,266443137013.0,283684337150.0,220310057317.0,1619.0
,76381908143.0,5035737454.0,317874154.0,362713803.0,362713803.0,1673.2919042189283
,1658838000000.0,610514752463.5018,857430000000.0,420837000000.0,336699000000.0,802.0
,4289376683259.0,739672131760.0,143036753023.0,149090059590.0,115962783935.0,1461.0
,10937645849520.0,768122394928.0,314394566267.0,312911095551.0,249168381705.0,2365.0
,3418357627290.0,815653274187.0,271558292321.0,291191361657.0,232240505231.0,1673.2919042189283
,221001048262.0,12504271285.0,2304157458.0,1859822970.0,755383954.0,80.0
,6438682469797.0,943618747271.0,140930087418.0,148860037650.0,115966503792.0,2099.0
,36222104894.0,16266225902.0,3726189867.0,4251662963.0,3250465882.0,143.0
,40678150961762.0,2990904164029.0,-869531032727.0,-891808997552.0,-897431397098.0,-802.0
,1563061385067.0,93127246855.0,17269699836.0,15275679519.0,4825717700.0,97.0
,848407070.0,292519070.0,-2418323653.0,-2417323653.0,-2417323653.0,1673.2919042189283
,447855702110.0,110985389555.0,71494942709.0,73185755967.0,58266319849.0,1673.2919042189283
,2595330463568.0,978701434375.0,950039271734.0,1199928736853.0,974940149349.0,2469.0
,1633090518901.0,422511636902.0,491517172731.0,555811315599.0,494953442443.0,3184.0
,483168073767.0,281312616831.0,172097248.0,340912582.0,108063036.0,1.0
,158894205729.0,58350282449.0,18741795724.0,18362811489.0,13958887662.0,3579.0
,116730807384.0,51535447109.0,33802749675.0,36226409375.0,32037055200.0,856.0
,462127746032.0,68352089572.0,41859218235.0,75351834320.0,63223919195.0,2039.0
,735748241294.0,72480913105.0,3832245119.0,3552294666.0,2841835732.0,1673.2919042189283
,1579725830.0,55834242.0,-970794617.0,-1003472361.0,-1003472361.0,-58.0
,1188944768920.0,120680921897.0,30798891822.0,33634093026.0,26461493137.0,3612.0
,699399765438.0,70504389080.0,28934028215.0,36505724667.0,28776528148.0,1156.0
,6931744246143.0,822640306013.0,65100659591.0,70216431119.0,43167630724.0,534.0
,2039420776414.0,121328385593.0,50426182171.0,5598504148.0,3525131781.0,1673.2919042189283
,284027777852687.0,17315480477748.0,3700946601691.0,3960150316381.0,3163218703173.0,1829.0
,2153311868675.0,74794754369.0,4748987588.0,12958649001.0,9903009178.0,1673.2919042189283
,498184992763.0,187213437575.0,100043366947.0,100312772367.0,80133203919.0,6268.0
,2024673956321.0,296190115188.0,28527102383.0,40102577635.0,31482864892.0,535.0
,610721474763.0,67905600423.0,8600977960.0,9513230878.0,7398620563.0,1673.2919042189283
,1385858111571.0,132137207525.0,40577945241.0,39411501014.0,31490553485.0,4195.0
,363848260132.0,127312586756.0,108425016107.0,107032934437.0,98817663081.0,1673.2919042189283
,614478907391.0,250106600558.0,10832973680.0,13834759970.0,11013700142.0,1020.0
,2888636097985.0,83398939041.0,317739465.0,1557580584.0,1557580584.0,234.0
,37823493039712.0,6671898925773.0,2652283253759.0,2651166452398.0,2114564367776.0,5722.0
,356512673684.0,80597183674.0,49042286003.0,52503032395.0,41960639177.0,1673.2919042189283
,2410586886105.0,61336162810.0,1697635456.0,1801376472.0,1398915286.0,128.0
,2135508954868.0,109722045591.0,101598762548.0,108683537889.0,86643854016.0,1670.0
,1617938491726.0,134344292360.0,7188357636.0,9808459719.0,4033678326.0,1673.2919042189283
,4478140069090.0,134240820220.0,13470329250.0,13308028254.0,10044879292.0,804.0
,30179917285921.0,1947864172530.0,1023869923062.0,1516996496660.0,1345939426134.0,535.0
,7681064352700.0,230091587476.0,407419719540.0,434367032123.0,424069652646.0,1673.2919042189283
,4931863377.0,52117872.0,404854831.0,3640040701.0,3069036505.0,1535.0
,2232677430682.0,429149458081.0,372039176860.0,376428582439.0,372441984098.0,4451.0
,137548454537.0,46373400608.0,21581217021.0,21810079885.0,17358817832.0,1766.0
,372622978479.0,62459297283.0,24406501979.0,23843630896.0,18375261172.0,980.0
,4040767199058.0,35356567870.0,10421548231.0,11329628352.0,9063702682.0,1673.2919042189283
,4459752853829.0,180017072925.0,-6447777273.0,13435830909.0,11503685014.0,1231.0
,1603328679192.0,86150893846.0,35076754661.0,36443243695.0,28784744375.0,959.0
,130345405403.0,10845163272.0,2050266134.0,2355885711.0,1975244349.0,1646.0
,1361565571866.0,69816371587.0,240770375771.0,240199846691.0,190067967341.0,1757.0
,986949343833.0,298092820313.0,110604094463.0,117428613656.0,86221614616.0,129.0
,114332637063.0,10600208280.0,-118680513.0,1637312722.0,750120802.0,15.0
,718691821370.0,76664449936.0,14316626825.0,7896559574.0,1006698409.0,140.0
,5727409398445.0,320874211247.0,97743141766.0,104274783005.0,82029642231.0,1549.0
,3145293534178.0,81267608233.0,24032171902.0,24001932511.0,19017736387.0,1217.0
,678319059163.0,-78698175605.0,-758003748951.0,-789830839584.0,-789830839584.0,-6106.0
,342335398758.0,175148760175.0,34578087520.0,34002864203.0,26569710809.0,444.0
,1181020350133.0,104173072319.0,45497899748.0,42587481209.0,36768947278.0,1673.2919042189283
,238326112152.0,60824906506.0,6879820532.0,10526868177.0,8424673466.0,147.0
,2708460952124.0,59251633701.0,12138784264.0,12075332020.0,9454163264.0,445.0
,6466470034275.0,1224326284548.0,444923610749.0,471981392616.0,379317420760.0,5541.0
,38982537.0,38982537.0,18512864921.0,19428630784.0,19428630784.0,604.0
,250104305668.0,16461676550.0,-36542251347.0,-33251573867.0,-33251573867.0,1673.2919042189283
,160765215574.0,-2250333667.0,-37878609364.0,-37957899364.0,-37957899364.0,-3129.0
,3891067167266.0,435459056212.0,393996282735.0,405610577914.0,324003067105.0,4029.0
,268248257399.0,50380127758.0,7519726976.0,-39938994361.0,-41696474096.0,-487.0
,381961444967.0,42930926479.0,4276527794.0,5015654724.0,3858426993.0,693.0
,288314094437.0,39643340901.0,21829609909.0,30783088518.0,24463522435.0,1483.0
,815687859712.0,29472696472.0,3398056102.0,3292612801.0,2208930604.0,12.0
,1903812352883.0,162933660809.0,21312123826.0,23508088148.0,19562563540.0,3041.0
,150000000000.0,-21000000000.0,-16979683879.0,-16979683879.0,-16979683879.0,-461.0
,4121908336161.3467,610514752463.5018,-45606800.0,-45606800.0,-45606800.0,1673.2919042189283
,265172268736.0,33740843498.0,13129684450.0,13342581080.0,13287486656.0,615.0
,2963175877629.0,204058963100.0,24528467432.0,27060390355.0,15450910050.0,18.0
,9288059307546.0,1740854904747.0,914382085719.0,932236957587.0,694390080039.0,996.0
,5221365684030.0,441971440548.0,15359656988.0,15362191339.0,12289753071.0,1673.2919042189283
,17104550293.0,-14958523536.0,-20139964292.0,-20237381960.0,-20237381960.0,1673.2919042189283
,7733424933017.0,950291248251.0,1112721631256.0,1116053894914.0,887427180243.0,3588.0
,503204817.0,160755606.0,-5281221427.0,-5353442634.0,-5353442634.0,-107.0
,1906809942016.0,87230166944.0,41790650046.0,59269233403.0,55229141347.0,1351.0
,1798712738981.0,339343208034.0,270238839465.0,269798670133.0,208321500130.0,2175.0
,4121908336161.3467,610514752463.5018,-1838558245.0,-1838559047.0,-1838559047.0,1673.2919042189283
,23878029780802.0,1132980446351.0,1097206056614.0,1699868689738.0,1411598092030.0,1673.2919042189283
,11812431791839.0,2444569326101.0,1689058915827.0,1871187549962.0,1472205821287.0,3075.0
,14148701007.0,1155501882.0,-31540816409.0,-32328604526.0,-32612257008.0,1673.2919042189283
,1195944352818.0,49150568069.0,-48337837002.0,2828865977.0,1037119007.0,15.0
,1063313453038.0,64400478028.0,590509463.0,352208087.0,352208087.0,6.0
,136483957345.0,69020137337.0,37565724261.0,37494991541.0,34613764687.0,857.0
,4608022401.0,870330298.0,-5186005037.0,1719754475.0,369754475.0,12.0
,10266648979.0,7450281297.0,941512447.0,1231474596.0,795295112.0,10.0
,652577063.0,195834249.0,-19241578365.0,-18308368254.0,-18308368254.0,1673.2919042189283
,570016285007.0,41950537554.0,7702630097.0,10680506510.0,9952888387.0,166.0
,100140494385.0,10712088276.0,720759370.0,1220806677.0,1220806677.0,1673.2919042189283
,55540335400.0,63958925.0,-134212293178.0,-136145499074.0,-140463549918.0,-2026.0
,729258084393.0,185239780862.0,100010776857.0,88091370961.0,71940860831.0,266.0
,355170369820.0,50066677414.0,17244107369.0,17018992182.0,13482260500.0,2440.0
,1613414221997.0,179993839678.0,53415794913.0,51333623410.0,40358908725.0,673.0
,1157385009781.0,272385774891.0,163736559843.0,163170139210.0,128234506057.0,3173.0
,10243265693926.0,3485590046425.0,2547601126260.0,2645634581942.0,2377443959806.0,7683.0
,114506903956.0,60100819769.0,48659791013.0,48617605189.0,38711010560.0,1932.0
,110772110243.0,64743558155.0,84026189489.0,82580904936.0,74210579707.0,3993.0
,202083050932.0,33622470796.0,10936811401.0,11348197270.0,10105517371.0,3119.0
,73782587114.0,7388711824.0,2638157175.0,3049577737.0,2175653567.0,806.0
,11908408145250.0,857658115375.0,724675749808.0,722396640745.0,649773709908.0,1444.0
,8356598448889.0,1910208508644.0,634507816850.0,630182874011.0,591290629378.0,25111.0
,776639692661.0,74681781334.0,10414869909.0,7854012098.0,2849378869.0,39.0
,14946403677.0,7457720279.0,1740995914.0,2146136948.0,1787077858.0,1673.2919042189283
,8383666601214.0,3124198406841.0,2675136495429.0,2690456397789.0,2396810865746.0,4234.0
,1182158471785.0,488123117288.0,372536675941.0,574246214447.0,486596319830.0,4188.0
,1637328304042.0,270541328843.0,86229422937.0,85921692213.0,68587316410.0,1524.0
,247706529200.0,136086890170.0,95006804500.0,98304697434.0,88088744989.0,2087.0
,584114196695.0,170176617669.0,121694078528.0,142860598949.0,137833472092.0,10632.0
,36099274547.0,14349983754.0,5886921020.0,5880352657.0,5880352657.0,490.0
,1395368266936.0,193555854120.0,-32913655102.0,57271261978.0,42730089898.0,354.0
,31872417486656.0,9318196568266.0,5676961187964.0,5647358628166.0,4494773426912.0,3291.0
,723778164286.0,137885817033.0,59441632264.0,60860108073.0,47599878423.0,3073.0
,4038231222587.0,203679743475.0,134153325423.0,110242369679.0,94912784422.0,221.0
,2906177297183.0,1719058650161.0,486863010389.0,503962328939.0,429812339626.0,2844.0
,1068913129462.0,162727768283.0,71716161857.0,69918529110.0,53949501787.0,2324.0
,264112987330.0,156268929451.0,131795221375.0,128373086516.0,113572826620.0,1878.0
,3146730983280.0,92345006614.0,30276676573.0,51487804330.0,42314356457.0,1673.2919042189283
,627676641663.0,312659360537.0,290396780417.0,304448873459.0,271749381333.0,2188.0
,140320358640.0,13552118961.0,2774963990.0,2798114561.0,1935274811.0,1673.2919042189283
,279941374231.0,169712574321.0,162843770851.0,162885207216.0,150826305822.0,3348.0
,268478280835.0,40268955810.0,40543397793.0,56107565136.0,46852935920.0,158.0
,124671550172.0,55060310168.0,-74049931190.0,-74049362132.0,-71492591300.0,1673.2919042189283
,501891896274.0,115843608066.0,-20454474054.0,-21895259998.0,-30163825710.0,-1273.0
,2756868392556.0,124900417574.0,52164592171.0,50765790110.0,37033095390.0,1673.2919042189283
,183278347815.0,50295745807.0,-58829644526.0,-66669493694.0,-65584742087.0,1673.2919042189283
,2705064519164.0,211527704148.0,181393663094.0,178279485642.0,158148035245.0,1854.0
,1007950534867.0,-460171438.0,-79316768680.0,7502733237.0,23311352.0,1.0
,1276533477712.0,119492412671.0,18616070319.0,17293373894.0,12656329624.0,219.0
,408377807293.0,128318722364.0,33562061835.0,35979954789.0,28480943363.0,1526.0
,799116768725.0,-49353563768.0,29975555914.0,33657149240.0,4247882268.0,1673.2919042189283
,1036882045512.0,800754861629.0,785058476680.0,782663648995.0,692808541340.0,1673.2919042189283
,1036420364313.0,154822528666.0,101069936875.0,101676771778.0,80882453039.0,1673.2919042189283
,145611540339.0,8840216694.0,-1791024959.0,610658955.0,610658955.0,42.0
,125653225113.0,70415935835.0,11144244711.0,3170306954.0,1013218044.0,40.0
,165911534442.0,7637337958.0,-37256415481.0,-41696841807.0,-41696841807.0,1673.2919042189283
,2337132929483.0,89814235328.0,30765450227.0,35693281055.0,23645853025.0,909.0
,115702460191.0,22282191619.0,1189414947.0,536502294.0,317269226.0,9.0
,426909134428.0,180032822745.0,68098865116.0,62301572364.0,48459168228.0,585.0
,41330743041.0,374018814.0,-5284360157.0,45591036.0,45591036.0,1673.2919042189283
,73006450831.0,13386603314.0,2409908158.0,2471522677.0,1884461339.0,743.0
,12637116978.0,-3417495656.0,-14505611569.0,-16050160310.0,-16050160310.0,-1003.0
,1106615410196.0,25736475328.0,-51840175317.0,-52536659801.0,-54104350814.0,-2720.0
,119647971540.0,34921296322.0,7714791871.0,11156440413.0,8849948307.0,2366.0
,1022145168340.0,137764624380.0,-445384062.0,-449382469.0,-4147709244.0,-2.0
,85667551991.0,43713957365.0,12377879653.0,5546415769.0,1283393130.0,64.0
,601320560911.0,107426818402.0,177830733223.0,181648338726.0,174857178824.0,1404.0
,255792104003.0,163989607854.0,156785244225.0,157193271840.0,133527560056.0,3418.0
,1331233537816.0,309409751370.0,78466685553.0,78667602413.0,60985587287.0,5459.0
,1650630322645.0,86528523236.0,23392898709.0,23722156588.0,18805950349.0,1507.0
,1600157431150.0,140512804108.0,26164543745.0,32269495879.0,24280586887.0,342.0
,1087771573724.0,155172758792.0,94602277830.0,95407617020.0,78384997675.0,3445.0
,142847087541.0,19786068787.0,10349544144.0,10641328456.0,8452899966.0,1673.2919042189283
,704278000000.0,610514752463.5018,270482000000.0,99344000000.0,79168000000.0,243.0
,707533084247.0,185459647247.0,118503439740.0,119236306824.0,100304266028.0,14033.0
,190353055077.0,17140950353.0,1604379597.0,1326407117.0,522340280.0,-23.0
,45321189684.0,21310744479.0,17895015943.0,17866745658.0,14245143159.0,1673.2919042189283
,1569304931460.0,275094119442.0,4614220131.0,10580328421.0,426870406.0,90.0
,1518231489552.0,494550214141.0,366449453006.0,368096521029.0,294157583991.0,6756.0
,1105567526595.0,326460593724.0,249389593043.0,237329144367.0,172261808443.0,831.0
,151466345283.0,74612101227.0,-4126656129.0,107815218878.0,83538116983.0,1377.0
,174491695921.0,39373168170.0,34985523317.0,35000394469.0,27328452476.0,1835.0
,1845463214248.0,510335117092.0,229146656468.0,223924113560.0,131440443593.0,905.0
,1140368523819.0,137881719038.0,15997529447.0,16336115230.0,13935193517.0,417.0
,21127729000000.0,610514752463.5018,17729144000000.0,11543007000000.0,9216046000000.0,1673.2919042189283
,196407617521.0,29110957110.0,13999212394.0,17632512987.0,14038625868.0,1673.2919042189283
,11251727317822.0,952156539848.0,116780020393.0,170150527838.0,110761503291.0,484.0
,3821515529003.0,55508505420.0,21155452826.0,12152037143.0,8833134822.0,67.0
,627846753679.0,364518642805.0,328939467409.0,329011645981.0,295930714273.0,2823.0
,1991305549188.0,1423188173597.0,1231939593571.0,1234682055778.0,1011927472126.0,1244.0
,98444806927.0,62182753336.0,76647055229.0,75978795530.0,70335514481.0,653.0
,265229559343.0,14877110510.0,669889583783.0,671621371685.0,667678746021.0,10228.0
,7800427268404.0,1094735398744.0,1555186991012.0,1571027309206.0,1278083720752.0,5530.0
,1537925580058.0,120691118652.0,41482415148.0,39669109007.0,31373244210.0,1295.0
,422544571444.0,219600376667.0,180516701710.0,179385336551.0,142693249592.0,2065.0
,2359678868681.0,357665285174.0,178681354959.0,181237244618.0,169779854627.0,6395.0
,114842837739.0,19563503447.0,5276466803.0,5053979962.0,5053979962.0,64.0
,5395638753357.0,1296384176471.0,1091688492286.0,1079480226368.0,943751039169.0,1661.0
,643025047001.0,395313698887.0,356758919941.0,355501935268.0,266515975777.0,2333.0
,381114192796.0,87064361035.0,39599370007.0,41359684377.0,33974610349.0,523.0
,1177337189213.0,349623977376.0,70748866877.0,71314352892.0,56267202066.0,1364.0
,1554631031264.0,327662190839.0,77001999672.0,78988360130.0,62760413807.0,2194.0
,1411694307969.0,528061984425.0,532352853985.0,532265537959.0,526358983476.0,53754.0
,66094933378.0,29241905559.0,15925632923.0,15664888119.0,13008602645.0,1673.2919042189283
,1446430915995.0,404111147567.0,223789842903.0,223818862671.0,178504818273.0,5981.0
,8924161549541.0,21702989907.0,-295863412803.0,-261360001862.0,-286712883778.0,-3663.0
,464083605533.0,65918584687.0,11857259288.0,12661013522.0,9320069496.0,1375.0
,96631232919.0,13781604607.0,4061792525.0,1833938247.0,1531853236.0,-604.0
,5889404018824.0,2376315787993.0,1952415985757.0,1948310411475.0,1620901527275.0,2376.0
,178427247654.0,85358946522.0,57021297341.0,57260628568.0,53964535807.0,2617.0
,1327357195008.0,111832366353.0,14681135040.0,15501053395.0,15156130798.0,1140.0
,854261565138.0,148157012756.0,-47156029116.0,-42896851737.0,-47695635618.0,-4563.0
,725315382400.0,69394849742.0,8457595203.0,9152679450.0,8348857372.0,1673.2919042189283
,297775026421.0,60673978291.0,7945130818.0,8346645888.0,6305055289.0,458.0
,564528451004.0,119428819308.0,30293550390.0,27753034777.0,21327897299.0,1679.0
,1832231821.0,731729109.0,-76993839657.0,-77045634755.0,-77045634755.0,-718.0
,145784507264.0,42542370026.0,31030642782.0,31196881746.0,27895721881.0,646.0
,1027779872350.0,146126529633.0,30792474643.0,193427372944.0,125100583315.0,4458.0
,1076681931809.0,71190389021.0,-4462040203.0,7063060219.0,1627165445.0,62.0
,9966410000000.0,610514752463.5018,8278781000000.0,6039399000000.0,4816026000000.0,1648.0
,388062601863.0,111187688142.0,52707483628.0,53823502320.0,42518964786.0,1673.2919042189283
,2933780879464.0,1380541983753.0,1060161878975.0,1056958464772.0,836901846060.0,2188.0
,8529279575474.0,5241317966526.0,3543940102934.0,3543527483662.0,2845109032672.0,1673.2919042189283
,369577441141.0,25025248010.0,2977927173.0,4549365890.0,4549365890.0,1673.2919042189283
,472870321901.0,22804458307.0,4170004868.0,29216836713.0,24136702821.0,864.0
,24531698000000.0,610514752463.5018,14694729000000.0,12720365000000.0,10087495000000.0,5351.0
,490317152826.0,90368004698.0,16081737771.0,17001487751.0,14862273357.0,1799.0
,2454115885751.0,393683197664.0,253183428449.0,265098974957.0,198562743776.0,1910.0
,27334230002.0,7434057694.0,365888716.0,1186737072.0,1186737072.0,1673.2919042189283
,1210252569729.0,161227044748.0,57032669342.0,52394811427.0,45626320684.0,474.0
,196514946840.0,23953707527.0,8217532675.0,7985080629.0,6165783210.0,769.0
,220089037479.0,104625188496.0,60218930826.0,62063217268.0,41019732951.0,1673.2919042189283
,24949912816511.0,1764558925381.0,196717797544.0,230441451979.0,185553602716.0,1673.2919042189283
,386445389219.0,27758095520.0,13745602869.0,13853582671.0,13594281272.0,492.0
,237500850074.0,32605798041.0,-1734502230.0,251989899.0,113846265.0,4.0
,59872017097.0,40804624738.0,32479831902.0,32914476815.0,29609090517.0,1673.2919042189283
,1505963563098.0,218644011525.0,98743192321.0,98802662012.0,75936468238.0,5918.0
,85558856460.0,861459740.0,327205831.0,591888291.0,468363794.0,1673.2919042189283
,2727272724.0,1656010972.0,29081600106.0,28269301134.0,27581434676.0,1593.0
,1151290481902.0,238367011877.0,306778533930.0,322180812777.0,268811175766.0,4004.0
,526843642104.0,264822896202.0,240776399500.0,242599817945.0,196648864114.0,6555.0
,396436407429.0,62636982671.0,35934787083.0,39672134281.0,30571867684.0,870.0
,439780982222.0,262447351280.0,232014627942.0,232164894633.0,187266503380.0,1673.2919042189283
,488191875766.0,161926754142.0,133536981591.0,126363540424.0,104572311833.0,3059.0
,3455603546641.0,141558114666.0,34830361159.0,34621654980.0,27095468339.0,2182.0
,1684453453400.0,413102685538.0,759653575466.0,747755022279.0,678427525889.0,2122.0
,538668435744.0,328089037456.0,269183851915.0,269973885189.0,228621006266.0,2804.0
,2248612114714.0,332019975993.0,179896872054.0,180411266840.0,144237329401.0,1673.2919042189283
,17804147615.0,3852955854.0,82476784.0,101869809.0,101869809.0,67.0
,35507963000000.0,610514752463.5018,31620662000000.0,27538368000000.0,21760104000000.0,1673.2919042189283
,1159749748897.0,237293539795.0,109247725034.0,139493234904.0,111431983490.0,231.0
,228816678549.0,152633229136.0,59340326183.0,58770444380.0,58640421713.0,505.0
,285825688639.0,63705566129.0,52156503580.0,38534060529.0,38110020982.0,1642.0
,1630857986826.0,250711916591.0,174145746729.0,173984136032.0,142802663851.0,3951.0
,3810451106702.0,616662728711.0,339420390829.0,350428386106.0,278069130964.0,2548.0
,4526932171156.0,99292544804.0,33700296374.0,33376080558.0,20607827046.0,1084.0
,908713457134.0,62823125753.0,-64757816790.0,-61160568170.0,-61160568170.0,-1346.0
,27109145516.0,-1149218116.0,14491822715.0,14473965053.0,11528292042.0,901.0
,1059622547007.0,253728377010.0,135156635863.0,134332772945.0,102422931788.0,2625.0
,1170572089913.0,605270057206.0,437545073633.0,438825343900.0,421072486611.0,4177.0
,479672838624.0,73038886510.0,-12562063381.0,23035487240.0,15012179483.0,500.0
,1471321770177.0,62067652101.0,7566106890.0,6674967268.0,5658226259.0,283.0
,48764301105.0,20768024377.0,-318428150123.0,-286730757109.0,-288071921488.0,-2557.0
,544406057033.0,257615471910.0,225237508769.0,225305941112.0,204407864694.0,1741.0
,4388226233043.0,400198158035.0,151834292479.0,134150549821.0,98375210537.0,1115.0
,1496581606174.0,40001945586.0,-2985338084.0,786557314.0,519951236.0,37.0
,563129638093.0,133613452087.0,15847819562.0,16380558517.0,14649006634.0,613.0
,1318129813243.0,461639368474.0,58908261471.0,70902960035.0,56565873797.0,1673.2919042189283
,1362471663319.0,330708552427.0,112506151861.0,110886225996.0,87204986609.0,5114.0
,298751951743.0,19505099535.0,30532824226.0,11199296844.0,5780520622.0,66.0
,23541850564.0,8129508478.0,5121259158.0,6420022284.0,4918602880.0,862.0
,907800792806.0,262866319744.0,181898382982.0,180695707984.0,152713136522.0,9031.0
,483944958659.0,46317675275.0,-15295659735.0,-14748154769.0,-16867507635.0,1673.2919042189283
,689777950873.0,60381192575.0,23624721344.0,22852327739.0,22541819342.0,1673.2919042189283
,1624584390402.0,117831311545.0,-58876914942.0,5944481964.0,3811598714.0,226.0
,973630725931.0,23174281223.0,106027000870.0,104927538962.0,83579982909.0,217.0
,1867292493415.0,442198382274.0,171270218448.0,173388503136.0,143094325466.0,5092.0
,134753448260.0,35599582810.0,8622549170.0,8227038732.0,6467045746.0,532.0
,456084144257.0,140755066275.0,66030779104.0,69500181491.0,62520429234.0,1673.2919042189283
,3098808201643.0,262936522511.0,21045869342.0,20516968651.0,16034806053.0,1673.2919042189283
,268346946492.0,17435104536.0,1129387999.0,1554095704.0,1243009760.0,460.0
,4282245723378.0,177791512404.0,60241205980.0,66300553260.0,52928178498.0,2154.0
,11764940231403.0,819343357770.0,565610708188.0,544208054283.0,441368007654.0,1567.0
,1499327044762.0,256937966501.0,227687779713.0,207735348303.0,140393409593.0,725.0
,756821508515.0,610514752463.5018,556346277303.0,-152022600886.0,-152022600886.0,-1991.0
,167857497086.0,97722027416.0,243233705229.0,230936614852.0,186593986357.0,2808.0
,10601238012356.0,347635530041.0,-55242055884.0,4145472742.0,-4682826124.0,-29.0
,217995997303.0,155467986573.0,121349759266.0,129133180884.0,105150717723.0,3009.0
,3344928808.0,660226346.0,3013337545.0,2703640168.0,2154707957.0,251.0
,818947797885.0,133462038842.0,72044518321.0,69315172884.0,60011035968.0,1280.0
,33940309586.0,7930817201.0,14965030191.0,4409027468.0,1714609054.0,131.0
,568538709373.0,44423397221.0,21015404251.0,20749794021.0,18972419956.0,244.0
,3758585336781.0,1675400675942.0,580025969561.0,586860605786.0,460197857479.0,4806.0
,6305060172951.0,-297727527947.0,-590630850647.0,-573622565456.0,-597714931287.0,-5217.0
,630257047112.0,48643779194.0,12825614020.0,15256546991.0,12519742379.0,1791.0
,41718811185328.0,1518431857235.0,130402365465.0,201413058417.0,143743380009.0,9583.0
,2489000782722.0,140945427969.0,12166213405.0,12753847514.0,10024304981.0,808.0
,1158378432592.0,139138620714.0,68324246458.0,69323768528.0,55171478548.0,3065.0
,763632751650.0,441689621162.0,425385872893.0,425437651873.0,355050036427.0,1673.2919042189283
,3320991190376.0,547975636538.0,276783033326.0,252574860147.0,183433615318.0,1134.0
,2324357447504.0,-74074244002.0,-315933402782.0,-315274487494.0,-315482618953.0,-8554.0
,489300811331.0,23335594827.0,1973945192.0,1953409362.0,1282389495.0,214.0
,965315241786.0,243431394090.0,71185684893.0,72214618386.0,53009187892.0,816.0
,1247023214781.0,33261802219.0,-60610516548.0,-61653570940.0,-61653570940.0,-1243.0
,1391432484281.0,58278311838.0,3083911959.0,2953422371.0,1934508641.0,134.0
,143177885523.0,39016937619.0,35109070108.0,46982868456.0,41041701896.0,2132.0
,7736065477143.0,1177558456995.0,403523152194.0,388864941902.0,315729358285.0,2575.0
,443149371056.0,123913311168.0,59318518114.0,55582655301.0,49048055704.0,375.0
,992703709958.0,26828493928.0,-24698660481.0,-27549398832.0,-27722548030.0,1673.2919042189283
,2556153106361.0,71072870816.0,60481347211.0,59539198109.0,47909518136.0,2378.0
,918232190646.0,10067540064.0,4341131667.0,1949062782.0,-75280861.0,1673.2919042189283
,182734691151.0,32417838345.0,5129280931.0,4479309462.0,4479309462.0,189.0
,230077135111.0,93152050071.0,-5065003887.0,-5004167945.0,-5216339695.0,1673.2919042189283
,3975852593259.0,821533755603.0,572064479727.0,572183764838.0,488680770613.0,1673.2919042189283
,255129524908.0,52250338872.0,21941390192.0,29113757957.0,23097629397.0,1673.2919042189283
,12906139000000.0,610514752463.5018,11758895000000.0,7599683000000.0,6073575000000.0,1673.2919042189283
,436556738081.0,34764213604.0,7305152185.0,11903791484.0,11903791484.0,529.0
,40545434658.0,7654360304.0,999093323.0,1812815880.0,1417959964.0,677.0
,3174358584694.0,516898129839.0,54096333981.0,52998431520.0,41594284840.0,924.0
,2336889725069.0,1236456085693.0,323883771127.0,324640661377.0,257371117388.0,4990.0
,752590897902.0,270847200294.0,209021685347.0,241951922578.0,221408067572.0,7602.0
,7920262628.0,998102593.0,-4237214535.0,-4300721698.0,-4300721698.0,-268.0
,652666751902.0,59414492540.0,29434073471.0,29774644144.0,23715567443.0,678.0
,182053893851.0,26722680489.0,6547868282.0,6544131576.0,5214770787.0,773.0
,627336630841.0,141538166326.0,46883905557.0,49792622049.0,30022268816.0,5.0
,144189716652.0,31908781260.0,90209533519.0,90320877872.0,81703186693.0,1092.0
,351050210198.0,43190510612.0,15511066390.0,15463679557.0,14688126233.0,715.0
,734110258096.0,423507529187.0,251916262450.0,245400833695.0,228784140606.0,1142.0
,172524796980.0,23931375543.0,3758335408.0,3937043855.0,3117868178.0,525.0
,778204015411.0,171063634078.0,92844000023.0,95029383842.0,84280652613.0,4999.0
,122015657920.0,66623458541.0,-20815923679.0,-22031210361.0,-23136995174.0,-818.0
,1224423344957.0,140498134379.0,2491699058.0,11850849183.0,11358757692.0,28.0
,872556641994.0,15716182697.0,-11164831799.0,-11293831871.0,-12665400693.0,1673.2919042189283
,1663955117694.0,127424074937.0,6245517799.0,5008508206.0,2240752656.0,-187.0
,360801792357.0,119469955210.0,73404351065.0,75471079545.0,60647991959.0,1431.0
,5338111610218.0,55954364212.0,12480922907.0,14069444930.0,11222769337.0,221.0
,124434586569.0,17390480341.0,30502296718.0,34264726982.0,27322179479.0,4742.0
,99879225052.0,21583142128.0,10242119490.0,10186823487.0,7982867743.0,2957.0
,562167025593.0,220581685662.0,130078335457.0,119378491458.0,91985061001.0,1673.2919042189283
,1336237832457.0,193326037369.0,78836610615.0,80056383047.0,64690210869.0,958.0
,185085686110.0,52353518291.0,13922664951.0,13549223041.0,12167100392.0,1278.0
,207053172796.0,52154339888.0,34251358303.0,33507900000.0,30684748003.0,1551.0
,173831241419.0,11308409968.0,-1586139117.0,-991155740.0,-1630909154.0,-259.0
,184068834722.0,132336910631.0,114546749612.0,114394456158.0,126147077053.0,1125.0
,246634528425.0,190629879383.0,397531622687.0,398923960841.0,413440369170.0,2772.0
,6497780720614.0,387421191920.0,118724556451.0,119691287011.0,94352726294.0,2098.0
,36188170659291.0,1179277073148.0,213026877479.0,356096458768.0,311463999733.0,423.0
,1149510094552.0,809565053200.0,344445322188.0,343792284649.0,281633967891.0,1683.0
,1707313801052.0,207722712089.0,30659663955.0,32567833257.0,22141416933.0,1116.0
,236028065707.0,26366412749.0,-3384930789.0,-1166588029.0,-1182825397.0,-169.0
,1860877702477.0,179437655040.0,97706054992.0,97125336407.0,77574250113.0,1673.2919042189283
,341962811289.0,68577086722.0,-34481978083.0,-42832328259.0,-46344123969.0,-1104.0
,42732464207.0,13730297926.0,8682726933.0,8641830636.0,6777210849.0,378.0
,2967385498973.0,97809637961.0,74594189563.0,72857918356.0,57426599196.0,7035.0
,1067037037.0,945582537.0,407603879.0,401626718.0,330016738.0,21.0
,130580579241.0,17040130359.0,2558996328.0,2621598978.0,3070313447.0,1673.2919042189283
,584292672805.0,76950015409.0,-63888046777.0,-37603147820.0,-37603147820.0,-1062.0
,460882195733.0,28900958583.0,11226661135.0,11409225071.0,9098460780.0,782.0
,119230524183.0,11903815497.0,-2227335172.0,-1176066225.0,-1176066225.0,-98.0
,2327701288865.0,610514752463.5018,1640054981792.0,1084890976328.0,876765183253.0,1673.2919042189283
,1220272860917.0,280091071863.0,76073702700.0,76118226523.0,57042290065.0,1514.0
,1071930588202.0,334694804318.0,280332542972.0,280860210096.0,224336402753.0,7011.0
,2811573000000.0,610514752463.5018,1936137000000.0,1131298000000.0,900925000000.0,1262.0
,822003074146.0,75332975766.0,35155628031.0,35163794159.0,27907774204.0,3721.0
,508484750647.0,30843716150.0,8776017522.0,6205605838.0,3493365035.0,291.0
,1233029252986.0,141655086749.0,44134968892.0,71584935378.0,55373982914.0,816.0
,611367733216.0,176575981762.0,113928452427.0,94328181954.0,65437055528.0,411.0
,1647088311259.0,97750913900.0,28951169826.0,30168286529.0,24118526544.0,2492.0
,293915224690.0,42450040454.0,13244757043.0,13069211524.0,9729115745.0,93.0
,233707109417.0,21982255582.0,1274842725.0,789293438.0,789293438.0,47.0
,1357758052581.0,29638969417.0,1046897416.0,1046897416.0,1036982948.0,68.0
,55405735000000.0,610514752463.5018,45551135000000.0,42236138000000.0,33853127000000.0,6053.0
,1057004061947.0,99931540837.0,9645880839.0,10427341313.0,7362015728.0,307.0
,2556279078149.0,501633375658.0,560321410369.0,558046828830.0,446437314660.0,16797.0
,12872959173073.0,1996191670883.0,1397929302757.0,1420328762179.0,1157573118920.0,1579.0
,3695525335470.0,1978123312941.0,1086551800931.0,1089337104906.0,910692113293.0,1673.2919042189283
,58714086272.0,9580219674.0,4361211371.0,4479367335.0,3558285096.0,593.0
,1772499363276.0,655867472116.0,364424520777.0,365694535474.0,341034243706.0,1673.2919042189283
,3129661385.0,426242355.0,-21691377837.0,-21831377837.0,-21831377837.0,-104.0
,4322071392821.0,1178092168658.0,960647840563.0,953344569496.0,807122189551.0,4824.0
,594399968012.0,143028083004.0,-86240612887.0,-93543388917.0,-93543388917.0,-1247.0
,832963437748.0,54491428926.0,27716010194.0,27092381767.0,22476958718.0,1673.2919042189283
,948124502551.0,245280760248.0,85990089225.0,90813770315.0,72191987992.0,1673.2919042189283
,987355496559.0,473039027628.0,355157122647.0,355639857732.0,291209118880.0,1287.0
,4700173437.0,3086085835.0,754762055.0,551613691.0,551613691.0,476.0
,662330904.0,448412897.0,-1365050082.0,-1372055790.0,-1372055790.0,-651.0
,170870956519.0,11616598903.0,1153201940.0,915699308.0,346726305.0,263.0
,72961639009.0,7498935757.0,284172503.0,673804033.0,504262429.0,491.0
,175408000.0,-80183000.0,-500190575.0,-887317164.0,-887317164.0,-74.0
,4118788520689.0,619112329819.0,7619213903386.0,7615101904302.0,7421778312671.0,5536.0
,297972386858.0,105584985609.0,-204475164.0,6842414094.0,-964363128.0,-175.0
,4635819799.0,-7480588397.0,881681344069.0,878366433746.0,698798922919.0,4194.0
,691200000.0,425047416.0,-5532314.0,1469263219.0,1064409859.0,118.0
,371273712661.0,166139010364.0,615976623.0,-38096098498.0,-38096098498.0,1673.2919042189283
,1163383793964.0,77700185509.0,35521596839.0,36863076171.0,25344749986.0,749.0
,3497604332595.0,910952346857.0,567609593332.0,569719178786.0,470617176334.0,9096.0
,95682474431.0,12550262875.0,52792310581.0,52451523273.0,26966533686.0,1787.0
,278942730988.0,218751818737.0,156088310621.0,156088310621.0,125172469958.0,979.0
,11912808556467.0,3514371346760.0,1602492933634.0,1635938296069.0,1189746510864.0,1673.2919042189283
,9753088124766.0,1054054675289.0,413919016900.0,429078308693.0,362329606152.0,6583.0
,35363346994645.0,18063434519271.0,10409598887899.0,10720383962364.0,7187139086792.0,1816.0
,10581070482074.0,38436024489.0,17730466263.0,21474620218.0,17098096174.0,2185.0
,1093033466599.0,446962750535.0,392074871338.0,390824597852.0,340725434466.0,5387.0
,7321865829546.0,221990691950.0,134896139015.0,134920718529.0,109869863320.0,1845.0
,17361604859196.0,1911321778302.0,803002510910.0,835531366248.0,685221460772.0,1673.2919042189283
,737147083321.0,136282647951.0,65186401165.0,64482704402.0,53253717696.0,1228.0
,12535149032218.0,1891123168645.0,1461409719151.0,1496473859659.0,1310751882394.0,5507.0
,194912762450.0,10585626914.0,-196207824173.0,-197329423296.0,-178112394141.0,-4687.0
,436101869536.0,15775064616.0,2117406990.0,2335186554.0,1905581562.0,58.0
,568833977573.0,23290907052.0,4753679843.0,4981810665.0,4981810665.0,1673.2919042189283
,4121908336161.3467,610514752463.5018,-2647470818.0,-2647470818.0,-2647470818.0,-18.0
,1148291688627.0,126722943574.0,-39522354590.0,-60825774196.0,-66535082226.0,-2661.0
,102045377000000.0,32424954000000.0,41357323000000.0,40860441000000.0,35052468000000.0,7257.0
,16750412000000.0,610514752463.5018,13357758000000.0,9004300000000.0,7204467000000.0,2385.0
,192159467000000.0,28112144000000.0,11251872000000.0,16724348000000.0,5251002000000.0,3155.0
,1188877855220.0,73052212762.0,13994544665.0,17462329531.0,15273370628.0,363.0
,1600198920305.0,245032675233.0,374082228013.0,377353175352.0,358743174864.0,1673.2919042189283
,42375110616.0,33934313504.0,25333934396.0,24257411764.0,20422608706.0,1673.2919042189283
,561471007219.0,45667581236.0,11312500759.0,7691935484.0,5312401705.0,949.0
,65892699117.0,10054468589.0,1579841824.0,1570579998.0,994370692.0,795.0
,165676939146.0,23443167950.0,31474851874.0,32540769688.0,31545560539.0,1673.2919042189283
,569810705098.0,147386329451.0,112904342934.0,124119839411.0,98990836362.0,1673.2919042189283
,2143144259787.0,199891136796.0,67214127809.0,68207706417.0,55742568025.0,1115.0
,880087278465.0,111653714489.0,16459854213.0,17296917265.0,9988061923.0,-40.0
,1837806618366.0,938335683000.0,814847740232.0,815126042300.0,663319958731.0,677.0
,71858661874889.0,6966591239887.0,1431550425875.0,1869094088920.0,1426617147790.0,2632.0
,24870207591.0,-14057039008.0,-161141941644.0,-158474985587.0,-158294757742.0,1673.2919042189283
,14762079517.0,10053841633.0,-2160110413.0,721154262.0,510569793.0,128.0
,1303727922970.0,351574885533.0,284003955291.0,275274900719.0,217976116364.0,3966.0
,2957333044342.0,769941249933.0,143552030732.0,138208828263.0,117050233454.0,193.0
,178828665087.0,7254200446.0,2180416932.0,37951470451.0,28525108496.0,2014.0
,195195826979.0,124968430908.0,82195734031.0,89147101705.0,73099741890.0,2185.0
,1118087481331.0,85185945469.0,4859205117.0,8826471047.0,3486932211.0,133.0
,1249495926312.0,118498744470.0,3322941497.0,31591281945.0,24567155898.0,1597.0
,213827803788.0,27323478731.0,15782426923.0,19159172243.0,15374533980.0,1708.0
,620600948687.0,18771239878.0,-11585833559.0,82214677627.0,65721232745.0,2434.0
,31735598766.0,13167154846.0,93974734685.0,94075557618.0,75104454571.0,1106.0
,820483069668.0,166857128158.0,46571955389.0,45967345363.0,36352326992.0,3315.0
,5324411264886.0,3202831011420.0,2091785755757.0,2088324132297.0,1718425030212.0,1282.0
,701044805489.0,-2618364943.0,-225047985202.0,-222765767806.0,-229992174654.0,-2676.0
,1770162801727.0,179498733733.0,102543292383.0,103918469325.0,74671206024.0,2363.0
,709627651087.0,182554833418.0,42730096766.0,38129730301.0,1628657555.0,25.0
,1152738721057.0,80406112525.0,59227493648.0,59324067723.0,45433863603.0,3149.0
,61782609528445.0,25590176323124.0,11593977638387.0,11599653741335.0,9452892989948.0,4022.0
,78646587319.0,9244554761.0,14903642398.0,15076288540.0,15076288540.0,776.0
,1903414913090.0,166253126404.0,446181855228.0,481041747817.0,404925203501.0,2174.0
,1002138179707.0,186424705802.0,17693243915.0,85669522638.0,84071961165.0,1229.0
,1424557233369.0,67178966188.0,7229524351.0,8360708884.0,236473829.0,-16.0
,110203523749.0,27372941304.0,3754213508.0,4560088289.0,3421742771.0,211.0
,9504846417470.0,3444270045572.0,-252577168307.0,-584530148882.0,-1018059001937.0,1673.2919042189283
,418970777786.0,2674893320.0,66791472958.0,66957439943.0,53847747079.0,442.0
,5576122957488.0,127137894239.0,24689397651.0,417934858749.0,335255267808.0,2395.0
,107625581854.0,-19903281788.0,-50418260644.0,-50147764156.0,-50147764156.0,1673.2919042189283
,49080407000000.0,610514752463.5018,47915324000000.0,20012700000000.0,15986826000000.0,1989.0
,586228643980.0,313785191076.0,262534233920.0,265467689342.0,211949081656.0,1988.0
,16257201869354.0,636521575997.0,145963309543.0,142532548530.0,112226795105.0,183.0
,46213216558.0,6104822701.0,163460813719.0,164898546813.0,134203325288.0,1407.0
,1898039523381.0,317193264009.0,350091916915.0,343834227184.0,306845686312.0,1032.0
,572890966655.0,188060462195.0,32063129806.0,32489599803.0,24763547829.0,973.0
,15106800858.0,11861804185.0,1876882953.0,2054224889.0,1541438933.0,15.0
,8939117000000.0,4755392000000.0,4720279000000.0,5133329000000.0,4095780000000.0,1673.2919042189283
,113587777352.0,105123006195.0,82199632890.0,81433016825.0,58414650903.0,2256.0
,1101209084537.0,85746347791.0,26533573136.0,27788868125.0,21978465468.0,1559.0
,2787912700840.0,970329881300.0,676052403148.0,651446881794.0,561408268782.0,2558.0
,21460066916824.0,1631718862296.0,3399906179.0,58713434440.0,29726537994.0,8.0
,1825139095390.0,873408304414.0,522196158110.0,521913078859.0,448329469019.0,1898.0
,251708699986.0,69271983216.0,29676825097.0,29779246782.0,24119681952.0,1794.0
,294480746178.0,31339568657.0,15895448251.0,16150566951.0,12332712544.0,1673.2919042189283
,3137790879280.0,746731695448.0,139927382630.0,141596526143.0,111100632599.0,635.0
,496024249089.0,69358529547.0,-635429662.0,220840293158.0,217871479034.0,3158.0
,114584602158.0,63211374266.0,14398061940.0,14385409193.0,11330776986.0,1075.0
,236597152008.0,48560993894.0,6144695730.0,6231363631.0,3510794046.0,760.0
,158129272076.0,18666098115.0,-3360831259.0,-5186421923.0,-5298845344.0,-442.0
,339912074165.0,24436866333.0,918068888.0,839281669.0,408263514.0,26.0
,26223211992.0,2440945169.0,-18663002620.0,6484491483.0,6162203607.0,300.0
,757173069910.0,74078499673.0,13565345048.0,13157771692.0,10382600560.0,1673.2919042189283
,4121908336161.3467,610514752463.5018,204607129.0,203892691.0,49295344.0,4.0
,1118709518207.0,255247636606.0,130205932476.0,140563965779.0,109381867414.0,1107.0
,20756165947139.0,1013458433728.0,483465296483.0,483721106755.0,382831203810.0,2360.0
,122027799263.0,25916730349.0,2251559375.0,2783376209.0,2783376209.0,1673.2919042189283
,6742564916029.0,440265130248.0,32423732986.0,61903863603.0,47016376999.0,1667.0
,1360524438250.0,113031920621.0,-6068850317.0,-5723817810.0,-6989834727.0,-224.0
,184947185824.0,-36233285123.0,-96051768424.0,-103272030463.0,-104535030463.0,-4984.0
,3542984597319.0,200350539243.0,77314140020.0,77125214583.0,61235091942.0,1309.0
,20197063207.0,-18647752034.0,-29821097377.0,-28591853650.0,-28591853650.0,-843.0
,4468044989296.0,47783169872.0,-431457428121.0,-415962648986.0,-425356572896.0,-7734.0
,3891109720791.0,281313313842.0,90505076376.0,86960868982.0,68845580894.0,3198.0
,265165601414.0,13731786926.0,2246245227.0,2442210047.0,1797678875.0,899.0
,158282285993.0,95386802347.0,88959225725.0,94687139268.0,75470841165.0,25072.0
,961283257564.0,92441151146.0,90340524699.0,90594673183.0,82536315873.0,5261.0
,23197462651.0,-25899819300.0,-32027479297.0,-31941989297.0,-31941989297.0,1673.2919042189283
,1301552526668.0,239402876611.0,56898035997.0,57059743614.0,45421256064.0,1673.2919042189283
,155896493884.0,30607387115.0,20101112069.0,26247181964.0,20783292915.0,769.0
,545184703049.0,83841968916.0,53491602502.0,53918627052.0,53237649785.0,2525.0
,1596502518138.0,171229454411.0,14548138948.0,20632832429.0,8726454558.0,1673.2919042189283
,71497768393.0,41810812223.0,19031916622.0,18806060383.0,18252138922.0,1673.2919042189283
,38133493372.0,8707521738.0,-7174453703.0,-7212590207.0,-7212590207.0,1673.2919042189283
,771127397318.0,239865098863.0,18078585835.0,17736998724.0,13452546261.0,941.0
,1006914104566.0,143797361113.0,124198054487.0,116698244618.0,126771006766.0,927.0
