MaCK,TaiSanNganHan,TaiSanDaiHan,TongTaiSan,NoPhaiTra,VonChuSoHuu
A32,0,0,0,0,0
AAA,6441856215121,7306027379609,13747883594730,7512721392568,6235162202162
AAAA,0,0,0,0,0
AAH,423851699606,1038862306816,1462714006422,265662219636,1197051786786
AAM,165566091444,36770462951,202336554395,6013144141,196323410254
AAS,4784975321815,270661643206,5055636965021,2555670286501,2499966678520
AAT,434732640242,886907373253,1321640013495,589734740137,731905273358
AAUS,0,0,0,0,0
AAV,571786452695,364135318877,935921771572,167589023102,768332748470
ABB,0,0,176741649000000,162692209000000,14049440000000
ABC,815088889226,82296786976,897385676202,399052634114,498333042088
ABI,4180315820249,160019042880,4340334863129,2799517923846,1540816939283
ABR,113996062226,240038257251,354034319477,59936822741,294097496736
ABS,946631668276,55302823761,1001934492037,85411864617,916522627420
ABT,438491675489,330080632274,768572307763,225710376167,542861931596
ABW,2544709772677,845333140570,3390042913247,1947148357172,1442894556075
AC4,0,0,0,0,0
ACB,0,0,864005703000000,780544025000000,83461678000000
ACC,1753468940666,1235372338122,2988841278788,1651823110123,1337018168665
ACE,0,0,0,0,0
ACG,4119960561265,1519852953100,5639813514365,1463639638592,4176173875773
ACL,1409401659409,260438284197,1669839943606,860161085924,809678857682
ACM,0,0,0,0,0
ACS,0,0,0,0,0
ACV,40530332709669,36739371612334,77269704322003,17328681525697,59941022796306
ADC,149560425868,26471896163,176032322031,92733768848,83298553183
ADG,237823627820,258278076815,496101704635,108945025139,387156679496
ADP,318232759297,37156354346,355389113643,83031266659,272357846984
ADS,1989821988920,615882429103,2605704418023,1646192567543,959511850480
AFC,0,0,0,0,0
AFX,1679286459190,315035016813,1994321476003,1518480651319,475840824684
AG1,0,0,0,0,0
AGC,0,0,0,0,0
AGD,0,0,0,0,0
AGE,0,0,0,0,0
AGF,157634018279,124426392163,282060410442,464576196810,0
AGG,5819046786567,1216437180660,7035483967227,3898395385751,3137088581476
AGM,200166503582,844053653640,1044220157222,1279590643478,0
AGP,612887496515,481391388990,1094278885505,694414276784,399864608721
AGR,3244798533495,227428574044,3472227107539,1029539399155,2442687708384
AGX,0,0,0,0,0
AIC,4843821336185,271256411436,5115077747621,4007165203964,1107912543657
AIG,7443501187991,3100818189880,10544319377871,4523420461495,6020898916376
ALP,0,0,0,0,0
ALT,234029629143,133000948082,367030577225,149775206529,217255370696
ALV,0,0,0,0,0
AMC,58317156241,43758759412,102075915653,49194601543,52881314110
AMD,0,0,0,0,0
AME,3138139358571,110231577536,3248370936107,2432232792069,816138144038
AMP,0,0,0,0,0
AMS,2188152784452,1084669189268,3272821973720,2468536156938,804285816782
AMV,973004614617,1002007406378,1975012020995,281576662438,1693435358557
ANT,747605089594,478919142716,1226524232310,926732667423,299791564887
ANV,2585543414472,2276825513625,4862368928097,2065101042789,2797267885308
APC,87876737366,726315830690,814192568056,244411526224,569781041832
APF,1966215484304,1454687020186,3420902504490,2264570270034,1156332234456
APG,2115341268710,537781189058,2653122457768,269541538972,2383580918796
APH,6448108630310,6976415600046,13424524230356,7506270481144,5918253749212
API,1670252568883,501668460904,2171921029787,1259982757904,911938271883
APL,0,0,0,0,0
APP,0,0,0,0,0
APS,740130494746,74995156684,815125651430,12022879908,803102771522
APSC,582810142361,6455956084,589266098445,49195997011,540070101434
APT,0,0,0,0,0
AQN,0,0,0,0,0
ARM,163329227259,7826797445,171156024704,132575976164,38580048540
ART,84172738968,52199741658,136372480626,4833380144,131539100482
ASA,0,0,0,0,0
ASD,0,0,0,0,0
ASG,1758817022499,1511893749174,3270710771673,1238105053078,2032605718595
ASM,13612326985222,9292324819953,22904651805175,14814638319823,8090013485352
ASP,823946804411,763972563457,1587919367868,1285426570216,302492797652
AST,605817871710,247462399518,853280271228,235005632497,618274638731
ATA,0,0,0,0,0
ATB,0,0,0,0,0
ATD,0,0,0,0,0
ATG,10155210712,53875758,10209086470,10356320386,0
ATS,15231771464,33143354272,48375125736,4722235191,43652890545
ATSC,0,0,0,0,0
AUM,0,0,0,0,0
AVC,305590431873,951682195321,1257272627194,166933497013,1090339130181
AVF,0,0,0,0,0
AVG,212421494614,191387963590,403809458204,176879151179,226930307025
AVS,0,0,0,0,0
B82,0,0,0,0,0
BAB,0,0,165486693000000,153704243000000,11782450000000
BAF,3130333277334,4336177713921,7466510991255,4526158708257,2931360454631
BAL,0,0,0,0,0
BAM,0,0,0,0,0
BaoVietBank,0,0,0,0,0
BAS,0,0,0,0,0
BAX,300182253950,424145809831,724328063781,513890957153,210437106628
BBC,1190311408679,1017198384144,2207509792823,712333504710,1495176288113
BBH,0,0,0,0,0
BBM,20735102168,12888755592,33623857760,9337737687,24286120073
BBS,222062843952,69238474808,291301318760,183474642186,107826676574
BBT,0,0,0,0,0
BCA,2553266694490,1361724767081,3914991461571,3416799220544,498192241027
BCB,0,0,0,0,0
BCC,672229543798,2740142105027,3412371648825,1635582933110,1776788715715
BCE,586640809682,127139265109,713780074791,326788636660,386991438131
BCF,408358420089,241943279332,650301699421,251077300501,399224398920
BCG,22192281555771,24330345870388,46522627426159,25129038467955,21393588958204
BCM,31833437805614,26943991074612,58777428880226,38297527424945,20479901455281
BCO,0,0,0,0,0
BCP,0,0,0,0,0
BCR,4997023204884,8322177731829,13319200936713,7142481659496,6176719277217
BCV,0,0,0,0,0
BDB,21506975167,4056571888,25563547055,12105139534,13458407521
BDC,0,0,0,0,0
BDF,0,0,0,0,0
BDG,887424085215,240417396839,1127841482054,476610863954,651230618100
BDP,0,0,0,0,0
BDS,0,0,0,0,0
BDT,175428937396,932430089798,1107859027194,561806664860,546052362334
BDW,67780324344,390781283675,458561608019,200880191289,257681416730
BED,34293630238,19970479748,54264109986,10729720363,43534389623
BEL,0,0,0,0,0
Beta,321101364466,115460163673,436561528139,2363219789,434198308350
BFC,2609029616931,669023349358,3278052966289,1758230144960,1519822821329
BGE,8159693851395,11286024617695,19445718469090,9328358118156,10117360350934
BGM,0,0,0,0,0
BGW,85736534234,144574024874,230310559108,37581821506,192728737602
BHA,156442874815,1383805197443,1540248072258,554459435690,985788636568
BHC,358746841,33989135911,34347882752,111390268356,0
BHG,0,0,0,0,0
BHI,4203353967466,738226139189,4941580106655,3730355540428,1211224566227
BHK,26184240258,75259955307,101444195565,51444411292,49999784273
BHN,5348109912182,1912851935763,7260961847945,1982883392149,5278078455796
BHP,0,0,0,0,0
BHT,0,0,0,0,0
BHV,0,0,0,0,0
BIC,7540816280725,1128170505860,8668986786585,5704715538351,2964271248234
BID,0,0,"2,76069E+15","2,61618E+15",144511549000000
BIG,0,0,0,0,0
BII,0,0,0,0,0
BIO,0,0,0,0,0
BKC,285416829838,143209703764,428626533602,191655689632,236970843970
BKG,448929349261,348773316878,797702666139,45408126899,752294539240
BKH,0,0,0,0,0
BLF,0,0,0,0,0
BLI,2406280444477,169818640153,2576099084630,1675256496723,900842587907
BLN,0,0,0,0,0
BLT,0,0,0,0,0
BLU,0,0,0,0,0
BLW,0,0,0,0,0
BM9,0,0,0,0,0
BMC,211050541521,45984622512,257035164033,20246329163,236788834870
BMD,0,0,0,0,0
BMF,628763822232,88000635752,716764457984,536686434430,180078023554
BMG,0,0,0,0,0
BMI,6434056336254,1021033343096,7455089679350,4667546179751,2787543499598
BMJ,516112380478,1130426466165,1646538846643,430564177986,1215974668657
BMK,0,0,0,0,0
BMN,0,0,0,0,0
BMP,2596113208895,604381767393,3200494976288,498796285653,2701698690635
BMS,1722932342405,39694194357,1762626536762,898102527112,864524009650
BMV,386904910009,89268263633,476173173642,229673466290,246499707352
BNA,1217730999655,406240798788,1623971798443,1085891212428,538080586015
BNW,158940740516,748012856201,906953596717,479918472984,427035123733
BOT,517432642113,1305889326916,1823321969029,1419268022094,404053946935
BPC,176650351785,1499756165,178150107950,84303144756,93846963194
BPW,0,0,0,0,0
BQB,0,0,0,0,0
BRC,224521409319,84356265858,308877675177,96348942015,212528733162
BRR,336121033332,1284645412240,1620766445572,169812858115,1450953587457
BRS,0,0,0,0,0
BSA,392677969504,883321798527,1275999768031,369674246291,906325521740
BSC,25845072463,17539138010,43384210473,2754607519,40629602954
BSD,0,0,0,0,0
BSG,220171443373,337240766884,557412210257,181389719642,376022490615
BSH,322728308410,72835413613,395563722023,88482284367,307081437656
BSI,9761438272702,553617410063,10315055682765,5253174152094,5061881530671
BSL,440197213745,201183681329,641380895074,133146238020,508234657054
BSP,138165476659,193364583879,331530060538,140408131550,191121928988
BSQ,448998204247,881934974598,1330933178845,493995757281,836937421564
BSR,71632062869103,16814349345327,88446412214430,32914156385349,55532255829081
BST,23503022429,2019715476,25522737905,10160258632,15362479273
BT1,0,0,0,0,0
BT6,0,0,0,0,0
BTB,0,0,0,0,0
BTC,0,0,0,0,0
BTD,0,0,0,0,0
BTG,0,0,0,0,0
BTH,1241075149724,85189615103,1326264764827,382916751996,943348012831
BTN,0,0,0,0,0
BTP,511510042652,745874584045,1257384626697,201606537986,1055778088711
BTR,0,0,0,0,0
BTS,689906675242,2404333210212,3094239885454,2023818027178,1070421858276
BTT,171543931538,334116851445,505660782983,115997143218,389663639765
BTU,0,0,0,0,0
BTV,305343107938,192575819079,497918927017,248558903412,249360023605
BTW,176431855076,204340050510,380771905586,119475383130,261296522456
BUD,0,0,0,0,0
BVB,0,0,103536280000000,97381372000000,6154908000000
BVG,0,0,0,0,0
BVH,121164969626422,130052807840014,251217777466436,227711204753433,23506572713003
BVL,1482416587722,303997355753,1786413943475,496247388693,1290166554782
BVN,0,0,0,0,0
BVS,5081242780648,547665110380,5628907891028,3184312238217,2444595652811
BWA,0,0,0,0,0
BWE,4472952238587,9728449824621,14201402063208,8685187380060,5516214683148
BWS,381039677873,890846687808,1271886365681,94333243796,1177553121885
BXD,0,0,0,0,0
BXH,93953051134,3661238403,97614289537,42972520321,54641769216
BXT,0,0,0,0,0
C12,0,0,0,0,0
C21,249311569528,739917638093,989229207621,147567802772,841661404849
C22,0,0,0,0,0
C32,293409929812,494509783499,787919713311,241008293274,546911420037
C36,0,0,0,0,0
C47,1717943121164,507653798713,2225596919877,1785769957993,439826961884
C4G,5444293061137,4048859370162,9493152431299,5570830394756,3922322036543
C69,1032654514261,155530261107,1188184775368,338333384310,849851391058
C71,0,0,0,0,0
C92,0,0,0,0,0
CAB,0,0,0,0,0
CAD,4224900383,7218759823,11443660206,1515860495538,0
CAG,90748850884,57485236423,148234087307,5012073816,143222013491
CAM,0,0,0,0,0
CAN,242262536853,44650811658,286913348511,141549540971,145363807540
CAP,243977602153,25985903798,269963505951,30015199762,239948306189
CAR,29606871902,33699694337,63306566239,4950799335,58355766904
CAT,0,0,0,0,0
CAV,0,0,0,0,0
CBC,0,0,0,0,0
CBI,954528349228,1021623607305,1976151956533,1689094376990,287057579543
CBS,0,0,0,0,0
CC1,10396024704547,6342876211554,16738900916101,12161472906709,4577428009392
CC4,1250260601445,575205375772,1825465977217,966752307740,858713669477
CCA,721482067389,85070473885,806552541274,550301337439,256251203835
CCC,0,0,0,0,0
CCH,0,0,0,0,0
CCI,503859599266,290956591438,794816190704,522248001372,272568189332
CCL,927859884388,203748555551,1131608439939,407625140702,723983299237
CCM,0,0,0,0,0
CCP,0,0,0,0,0
CCR,50605116823,263379954234,313985071057,33314141913,280670929144
CCT,100129501249,260946426647,361075927896,93460658344,267615269552
CCV,0,0,0,0,0
CDC,1902650384700,245404956275,2148055340975,1760786492391,387268848584
CDG,0,0,0,0,0
CDH,0,0,0,0,0
CDN,940347160388,1519829679804,2460176840192,629702839355,1830474000837
CDO,74425398600,157495811217,231921209817,24063075091,207858134726
CDP,1933952763133,200960076864,2134912839997,1917906960863,217005879134
CDR,0,0,0,0,0
CE1,0,0,0,0,0
CEC,0,0,0,0,0
CEE,0,0,0,0,0
CEG,0,0,0,0,0
CEN,103690592569,120399518380,224090110949,5397154878,218692956071
CEO,4994843913089,3969051082253,8963894995342,2648217492294,6315677503048
CER,0,0,0,0,0
CET,22901147689,49000000000,71901147689,4480779262,67420368427
CFC,0,0,0,0,0
CFM,0,0,0,0,0
CFV,183254226231,60923018323,244177244554,58268180308,185909064246
CGL,0,0,0,0,0
CGV,0,0,0,0,0
CH5,0,0,0,0,0
CHC,0,0,0,0,0
CHP,525478385480,2170763976717,2696242362197,708351241613,1987891120584
CHS,442699056820,27171829370,469870886190,145674263757,324196622433
CI5,0,0,0,0,0
CIA,285513968685,63021198585,348535167270,19008663711,329526503559
CIC,0,0,0,0,0
CID,0,0,0,0,0
CIG,551650658703,482013307765,1033663966468,819304474895,214359491573
CII,8577909295487,28119415373302,36697324668789,27550184216941,9147140451848
CIP,0,0,0,0,0
CJC,229020186458,18660004726,247680191184,153731238989,93948952195
CK8,0,0,0,0,0
CKA,0,0,0,0,0
CKD,986083883654,228229371590,1214313255244,677209424023,537103831221
CKG,4097926551175,936986074834,5034912626009,3558744810600,1476167815409
CKH,0,0,0,0,0
CKV,150546712158,48569118966,199115831124,121979872564,77135958560
CLC,1841282095680,113993727923,1955275823603,1045472119467,909803704136
CLG,0,0,0,0,0
CLH,210022921582,102106044354,312128965936,111828080345,200300885591
CLL,402785293949,278807528148,681592822097,57776795611,623816026486
CLM,1269152792510,78060058371,1347212850881,598714097793,748498753088
CLP,0,0,0,0,0
CLW,261568658662,307846071619,569414730281,314247045909,255167684372
CLX,258675863532,2141227479756,2399903343288,585330626891,1814572716397
CMC,112605643455,46339618392,158945261847,98170931075,60774330772
CMD,311420391799,31998946740,343419338539,108268416259,235150922280
CMF,0,0,0,0,0
CMG,0,0,0,0,0
CMI,135383604461,73683973558,209067578019,319819291098,0
CMK,0,0,0,0,0
CMM,2522073925830,957922040974,3479995966804,2346605417426,1133390549378
CMN,0,0,0,0,0
CMP,148600432791,545197886646,693798319437,333943081262,359855238175
CMS,512303060809,45563710372,557866771181,277457224342,260456632778
CMT,0,0,0,0,0
CMV,384611250159,117176034493,501787284652,256052850203,245734434449
CMW,56291409461,270118040507,326409449968,151941826592,174467623376
CMX,2815888721819,1067825309185,3883714031004,2188952444928,1694761586076
CNA,0,0,0,0,0
CNC,0,0,0,0,0
CNG,1125797880972,239579586739,1365377467711,734605508556,630771959155
CNH,0,0,0,0,0
CNN,0,0,0,0,0
CNT,776755163626,64184902538,840940066164,143745241106,697194825058
COM,207457826765,279282264165,486740090930,52515883851,434224207079
CPA,32846836655,74257899214,107104735869,66248625894,40856109975
CPC,102987263945,19398923716,122386187661,37270946478,85115241183
CPH,0,0,0,0,0
CPI,11216326227,31994792130,43211118357,66623902593,0
CPW,0,0,0,0,0
CQN,465506706653,671691016832,1137197723485,158122102610,979075620875
CQT,93318863702,419183726753,512502590455,252288435595,260214154860
CRC,598133214296,614826255633,1212959469929,394706463805,818253006124
CRE,4276182318951,2911262062460,7187444381411,1526345629183,5661098752228
CSC,2258092033061,58750547094,2316842580155,1462346094909,854496485246
CSCJ,355287304225,6724906237,362012210462,39681253710,322330956752
CSI,161292490684,6575819915,167868310599,1714021882,166154288717
CSM,2910242173458,907410236970,3817652410428,2453222859934,1364429550494
CST,1515577400251,1147073367584,2662650767835,1582339078045,1080311689790
CSV,1463031729775,395196473325,1858228203100,304450146866,1553778056234
CT3,0,0,0,0,0
CT5,0,0,0,0,0
CT6,0,0,0,0,0
CTA,0,0,0,0,0
CTB,578994499487,130235951096,709230450583,404945339255,304285111328
CTC,0,0,0,0,0
CTD,20456205370323,2412569367809,22868774738132,14277507533298,8591267204834
CTF,2808331957018,1111014307057,3919346264075,2797980310733,1121365953342
CTG,0,0,"2,38538E+15","2,23544E+15",149944138000000
CTI,502767741948,4089208204320,4591975946268,3061636228973,1530339717295
CTM,0,0,0,0,0
CTN,0,0,0,0,0
CTP,79394725215,75003929550,154398654765,5902275133,148496379632
CTR,5386987962620,1680206970951,7067194933571,5204790495056,1862404438515
CTS,8598346699061,99775052970,8698121752031,6445212840277,2252908911754
CTT,615466853308,122536457552,738003310860,669536227980,68467082880
CTV,0,0,0,0,0
CTW,168668926146,642866961736,811535887882,241536691176,569999196706
CTX,526429025639,1405745618945,1932174644584,906605192945,1025569451639
CVC,0,0,0,0,0
CVH,0,0,0,0,0
CVN,76613283252,400605382587,477218665839,67980466024,409238199815
CVP,0,0,0,0,0
CVS,312910431744,26921277713,339831709457,4659529334,335172180123
CVT,2587784781186,745825349727,3333610130913,2363096326519,970513804394
CX8,162664871801,4735371751,167400243552,139265645066,28134598486
CXH,0,0,0,0,0
CYC,0,0,0,0,0
CZC,0,0,0,0,0
D11,269172080799,95394908011,364566988810,175484909610,189082079200
D17,0,0,0,0,0
D26,0,0,0,0,0
D2D,389993139712,1126272851130,1516265990842,769467064144,746798926698
DAC,10368627095,3030720411,13399347506,19163868704,0
DAD,139846226690,23394182594,163240409284,65938992840,97301416444
DAE,46484224362,4286899989,50771124351,8879198230,41891926121
DAG,0,0,0,0,0
DAH,173827934313,915273977604,1089101911917,165241936494,923859975423
DAN,567183521744,1028947132194,1596130653938,829121724887,767008929051
DAP,0,0,0,0,0
DAR,0,0,0,0,0
DAS,0,0,0,0,0
DAT,1215365133185,305770948103,1521136081288,620520944554,900615136734
DBC,7624408851109,6493582056305,14117990907414,7351924142013,6766066765401
DBD,1476280617777,787925914940,2264206532717,603065716999,1661140815718
DBF,0,0,0,0,0
DBH,0,0,0,0,0
DBM,0,0,0,0,0
DBT,741785985980,251610170274,993396156254,708032302520,285363853734
DBW,0,0,0,0,0
DC1,0,0,0,0,0
DC2,253301995539,69079487504,322381483043,202721361457,119660121586
DC4,1971366932162,452051348343,2423418280505,1615154434695,808263845810
DCC,0,0,0,0,0
DCF,626087728775,415020221073,1041107949848,556435580832,484672369016
DCG,0,0,0,0,0
DCH,0,0,0,0,0
DCI,0,0,0,0,0
DCL,1432009216451,992136535257,2424145751708,920952752826,1503192998882
DCM,12836863732576,2813164321943,15650028054519,5532348933808,10117679120711
DCR,0,0,0,0,0
DCS,0,0,0,0,0
DCT,361810335732,396052518900,757862854632,1254153789259,0
DDB,274511585429,48564758528,323076343957,169130140851,153946203106
DDG,757234899218,988351784000,1745586683218,930571107324,815015575894
DDH,0,0,0,0,0
DDM,96913366429,324409629658,421322996087,1232527018097,0
DDN,968999269376,92721612596,1061720881972,858251534606,203469347366
DDS,2661343114377,35254871802,2696597986179,765080036465,1931517949714
DDV,1767288424331,470775469160,2238063893491,460109448876,1777954444615
DFC,0,0,0,0,0
DFF,2357624604751,980347662040,3337972266791,3039811284597,298160982194
DFS,0,0,0,0,0
DGC,12700160239435,3119914291503,15820074530938,2119232586769,13700841944169
DGT,1358784757681,199333084070,1558117841751,555671158879,1002446682872
DGW,7773959379312,726425153164,8500384532476,5488406928068,3011977604408
DHA,368317433857,102128755166,470446189023,43239895336,427206293687
DHB,1280070417192,4967010492705,6247080909897,5629212667649,617868242248
DHC,2182036501717,1058436914942,3240473416659,1237392018506,2003081398153
DHD,341126024791,305260331564,646386356355,192191057351,454195299004
DHG,4604003766930,1355239509335,5959243276265,1864488178296,4094755097969
DHM,765579313548,213834392065,979413705613,624396402434,355017303179
DHN,0,0,0,0,0
DHP,133183898878,61027029769,194210928647,20000729018,174210199629
DHT,924861085892,1001444167114,1926305253006,869544931289,1056760321717
DIC,0,0,0,0,0
DID,161982384873,229473670146,391456055019,206882681505,184573373514
DIG,15963326622418,2571657089989,18534983712407,10468107777784,8066875934623
DIH,617433183810,4866057635,622299241445,502239839628,120059401817
DKC,0,0,0,0,0
DKH,0,0,0,0,0
DKP,0,0,0,0,0
DKW,0,0,0,0,0
DL1,1061178592470,1541153966753,2602332559223,1213950399740,1388382159483
DLC,0,0,0,0,0
DLD,0,0,0,0,0
DLG,1820028823139,2528598123643,4348626946782,3590487533639,758139413143
DLM,0,0,0,0,0
DLR,24684590875,29128685840,53813276715,59701678669,0
DLT,0,0,0,0,0
DLV,0,0,0,0,0
DM7,389114842980,150929722484,540044565464,253667233349,286377332115
DMC,1513380368981,313358985599,1826739354580,214173589497,1612565765083
DMN,318053381871,259796245862,577849627733,422923978370,154925649363
DMS,0,0,0,0,0
DNA,412368220660,1138854865226,1551223085886,705387095814,845835990072
DNB,0,0,0,0,0
DNC,113385268313,89271532377,202656800690,69462275462,133194525228
DND,53262871043,149522273313,202785144356,38473199758,164311944598
DNE,0,0,0,0,0
DNF,0,0,0,0,0
DNH,2427645874854,5049473703293,7477119578147,2208045836562,5269073741585
DNL,0,0,0,0,0
DNM,0,0,0,0,0
DNN,510111632648,1041075926936,1551187559584,779674520954,771513038630
DNP,8959113988782,8694899055418,17654013044200,11565266873057,6088746171143
DNR,0,0,0,0,0
DNS,0,0,0,0,0
DNT,0,0,0,0,0
DNW,817442877562,2706097714130,3523540591692,1077327408866,2446213182826
DNY,0,0,0,0,0
DOC,0,0,0,0,0
DongABank,0,0,0,0,0
DOP,0,0,0,0,0
DP1,1113195074435,149931233466,1263126307901,838682752218,424443555683
DP2,130569770615,312791806940,443361577555,362056785234,81304792321
DP3,433326056406,174450654183,607776710589,88896015179,518880695410
DPC,5893978968,62753116812,68647095780,43957174792,24689920988
DPG,3450680115192,2957200520676,6407880635868,3796205413582,2611675222286
DPH,0,0,0,0,0
DPM,13221907121242,3308986559317,16530893680559,5294932178518,11235961502041
DPP,0,0,0,0,0
DPR,2195489396403,2287822928540,4483312324943,1228133598471,3255178726472
DPS,0,0,0,0,0
DQC,873643968345,460554541624,1334198509969,539064419305,795134090664
DRC,2790244180055,1406049225787,4196293405842,2280766555820,1915526850022
DRG,489382240423,2157391194669,2646773435092,762129295564,1884644139528
DRH,2799986135123,1096924654120,3896910789243,2584044801144,1312865988099
DRI,223161266873,506282506815,729443773688,138475201503,590968572185
DRL,88871371817,38334133230,127205505047,13924895454,113280609593
DS3,53383154783,104193966461,157577121244,65082334088,92494787156
DSC,5756139855473,36150267357,5792290122830,3390676192879,2401613929951
DSD,43488054947,687302951125,730791006072,145436431628,585354574444
DSE,8172043402888,2465208715384,10637252118272,6607451933915,4029800184357
DSG,33742225680,68933118744,102675344424,106277432525,0
DSN,348939495211,25218903958,374158399169,57908541813,316249857356
DSP,398245956142,584795557300,983041513442,58651778526,924389734916
DSS,0,0,0,0,0
DST,35352647805,365573730092,400926377897,1583498457,399342879440
DSV,0,0,0,0,0
DT4,0,0,0,0,0
DTA,225166475582,409150244886,634316720468,429685733311,204630987157
DTB,0,0,0,0,0
DTC,77090864930,120148433342,197239298272,183926854265,13312444007
DTD,878661431774,1336122024042,2214783455816,894357307415,1320426148401
DTE,0,0,0,0,0
DTG,229500850814,107328943801,336829794615,150771731509,186058063106
DTH,0,0,0,0,0
DTI,203121126471,63615577470,266736703941,131010736390,135725967551
DTK,5543120665881,10014732216669,15557852882550,7032664125046,8525188757504
DTL,1570887032084,600562888804,2171449920888,1414153727460,757296193428
DTN,0,0,0,0,0
DTP,831723135828,450804079781,1282527215609,308003482365,974523733244
DTSC,0,0,0,0,0
DTT,98245862017,83349208854,181595070871,47187017459,134408053412
DTV,0,0,0,0,0
DUS,0,0,0,0,0
DVC,0,0,0,0,0
DVG,212470121451,107756496808,320226618259,6734449234,313492169025
DVM,943569774433,693297621159,1636867395592,898561834960,738305560632
DVN,4235228341072,2092829301538,6328057642610,2907242115885,3420815526725
DVP,1291745252469,347404124817,1639149377286,150211677373,1488937699913
DVSC,183628960523,65454450446,249083410969,3590004197,245493406772
DVW,0,0,0,0,0
DWC,239579143366,565355078847,804934222213,444038096213,360896126000
DWS,176711161445,890514577816,1067225739261,697316504208,369909235053
DX2,0,0,0,0,0
DXD,0,0,0,0,0
DXG,26087346135605,3049567115527,29136913251132,13933835250088,15203078001044
DXL,0,0,0,0,0
DXP,537747713921,469829240678,1007576954599,145144658256,862432296343
DXS,14370815860848,792827758963,15163643619811,6842765951903,8320877667908
DXV,115226226758,9231154816,124457381574,27711588630,96745792944
DZM,52909115027,6179266773,59088381800,66596830448,0
E12,73716191396,4873395879,78589587275,66717930506,11871656769
E29,0,0,0,0,0
EAD,0,0,0,0,0
EBA,0,0,0,0,0
EBS,110134168355,70783675328,180917843683,24587453424,156330390259
ECC,304336263878,4540225334,308876489212,1704634256,307171854956
ECI,44491190672,3383699649,47874890321,13707186600,34167703721
ECO,255012267414,88927059023,343939326437,119693975192,224245351245
EFI,0,0,0,0,0
EIB,0,0,239767994000000,214668588000000,25099406000000
EIC,106797273543,316987734620,423785008163,32253816407,391531191756
EID,597245169724,71223302460,668468472184,207890883941,460577588243
EIN,908174901388,298120692529,1206295593917,823959717821,382335876096
ELC,1184524982647,807314658041,1991839640688,741300627281,1250539013407
EMC,0,0,0,0,0
EME,0,0,0,0,0
EMG,0,0,0,0,0
EMS,610888731347,138329137921,749217869268,432915394200,316302475068
EPC,0,0,0,0,0
EPH,41432099086,22125798403,63557897489,22599777729,40958119760
EVE,735599744789,549610117768,1285209862557,337671071539,947538791018
EVF,0,0,59598561000000,50591373000000,9007188000000
EVG,4270379493249,630347721343,4900727214592,2046428956391,2854298258201
EVS,2413125284748,53831903547,2466957188295,499394898126,1967562290169
FBA,0,0,0,0,0
FBC,0,0,0,0,0
FBT,0,0,0,0,0
FCC,0,0,0,0,0
FCM,557800326877,73940670127,631740997004,96705028330,535035968674
FCN,6363604395845,3340584250396,9704188646241,6336038303235,3368150343006
FCS,46894755233,670820621652,717715376885,656905366904,60810009981
FDC,104078112874,716922159098,821000271972,370257366520,450742905452
FDG,0,0,0,0,0
FDT,0,0,0,0,0
FGL,14949966794,102895000475,117844967269,93951639304,23893327965
FHN,0,0,0,0,0
FHS,1424094377785,72916934162,1497011311947,1275183111772,221828200175
FIC,1394989702681,1339026463832,2734016166513,1177686107160,1556330059353
FID,56578310617,270303980909,326882291526,42116724123,284765567403
FIR,815394883921,524012761606,1339407645527,597374710598,742032934929
FIT,5351647017415,2396115491927,7747762509342,1806883214433,5940879294909
FLC,0,0,0,0,0
FMC,2641239437985,1133649464998,3774888902983,1308985491015,2465903411968
FOC,928372507103,50875448204,979247955307,165594185145,813653770162
FOX,15229022739352,8539302586290,23768325325642,13122061089134,10646264236508
FPC,7435584661,580045685,8015630346,357452400603,0
FPT,45475495956466,26537742279063,72013238235529,36216611816559,35796626418970
FRC,0,0,0,0,0
FRM,0,0,0,0,0
FRT,14026158730456,1806391668645,15832550399101,13712736684773,2119813714328
FSO,0,0,0,0,0
FT1,0,0,0,0,0
FTI,0,0,0,0,0
FTM,359391703020,280045231203,639436934223,1473677534743,0
FTS,9580161791615,179399308818,9759561100433,5641592000542,4117969099891
G20,0,0,0,0,0
G36,2480894544587,2005569225418,4486463770005,3373171027013,1113292742992
GAB,0,0,0,0,0
GAS,57295844201420,24597720302081,81893564503501,20322569237871,61570995265630
GBS,0,0,0,0,0
GCB,0,0,0,0,0
GCF,399968940820,267853937337,667822878157,238420835935,429402042222
GDA,10338423091776,2600544115619,12938967207395,9123862004957,3815105202438
GDT,233957771008,285550762389,519508533397,228675521923,298833011474
GDW,125220802334,169077125892,294297928226,106029061172,188268867054
GE2,0,0,0,0,0
GEE,6753873230525,5978099533447,12731972763972,5778334543486,6953638220486
GEG,1381711542204,13790652181814,15172363724018,9409067317958,5763296406060
GER,0,0,0,0,0
GEX,22911987330255,30891350874878,53803338205133,30547810017674,23255528187459
GFC,0,0,0,0,0
GGG,14991496733,20155990146,35147486879,85002703165,0
GGS,0,0,0,0,0
GH3,0,0,0,0,0
GHC,317638258967,1175807891040,1493446150007,460736192407,1032709957600
GIC,55992369523,208493220025,264485589548,22121325906,242364263642
GIL,2751058447336,507809412929,3258867860265,698083517129,2560784343136
GKM,158538674179,304480328442,463019002621,121597445221,341421557400
GLC,0,0,0,0,0
GLS,64888386307,4489742533,69378128840,1347040436,68031088404
GLT,0,0,0,0,0
GLW,44330043558,162750922430,207080965988,9135940240,197945025748
GMA,919547905036,583639377020,1503187282056,1021955403887,481231878169
GMC,191317421231,195023738860,386341160091,8818912724,377522247367
GMD,6675803463380,11309804612509,17985608075889,4232245163068,13753362912821
GMH,161272886754,25373749874,186646636628,8590803394,178055833234
GMX,57188174337,103078102348,160266276685,43138766059,117127510626
GND,0,0,0,0,0
GPC,480947786395,290324810775,771272597170,176787166071,594485431099
GQN,0,0,0,0,0
GSM,132127065902,630556423886,762683489788,253658430662,509025059126
GSP,624543890720,1065596007268,1690139897988,837352083402,852787814586
GTA,286242338183,33435567405,319677905588,158664445852,161013459736
GTC,0,0,0,0,0
GTD,0,0,0,0,0
GTH,0,0,0,0,0
GTK,0,0,0,0,0
GTS,875186615741,188106067167,1063292682908,735680015010,327612667898
GTT,0,0,0,0,0
GVR,27738539543768,55806191300655,83544730844423,24938434764559,58606296079864
GVT,0,0,0,0,0
H11,0,0,0,0,0
HAB,0,0,0,0,0
HAC,266324568918,11485196267,277809765185,12118651935,265691113250
HAD,75744139662,19365200815,95109340477,21208308483,73901031994
HAF,100789572627,180306629018,281096201645,135476702897,145619498748
HAG,7494817054000,14858235057000,22353052111000,13158206427000,9194845684000
HAH,1752821366810,5536685560009,7289506926819,3317813999088,3971692927731
HAI,0,0,0,0,0
HAM,0,0,0,0,0
HAN,5070527522919,1368044062387,6438571585306,4798686840665,1639884744641
HAP,396357035785,1029623912238,1425980948023,122416099086,1303564848937
HAR,316955542421,762993686911,1079949229332,3410990195,1076538239137
HAS,148232172080,23513915036,171746087116,43233193042,128512894074
HAT,165157642432,49177104378,214334746810,136886196230,77448550580
HAV,0,0,0,0,0
HAX,1315736137362,1091402041444,2407138178806,916398627668,1490739551138
HBC,12675662436907,2559079241907,15234741678814,13577578024865,1657163653949
HBD,0,0,0,0,0
HBE,0,0,0,0,0
HBH,193744956460,100607736322,294352692782,124481011271,169871681511
HBI,0,0,0,0,0
HBS,319769571399,48492089505,368261660904,4496697679,363764963225
HBW,0,0,0,0,0
HC1,0,0,0,0,0
HC3,512610908133,223006735618,735617643751,39568398532,696049245219
HCB,0,0,0,0,0
HCC,105685385772,39483301227,145168686999,59752097293,85416589706
HCD,616753512423,203146980643,819900493066,337737495288,482162997778
HCI,0,0,0,0,0
HCM,31172158784622,167478614216,31339637398838,20895695725123,10443941673715
HCS,0,0,0,0,0
HCT,31878874877,9990144012,41869018889,3194317641,38674701248
HD2,0,0,0,0,0
HD3,0,0,0,0,0
HD6,606497208146,204133972446,810631180592,403438847904,407192332688
HD8,163414855189,8298944492,171713799681,60174032896,111539766785
HDA,333062197384,172901886285,505964083669,162067463972,343896619697
HDB,0,0,697280806000000,640623305000000,56657501000000
HDBS,7543874561276,143137028326,7687011589602,5242730236294,2444281353308
HDC,2320740037967,2555485397615,4876225435582,2605288272738,2270937162844
HDG,3351656711496,10584024459216,13935681170712,6252205321751,7683475848961
HDM,820778771157,315859666834,1136638437991,723416154736,413222283255
HDO,0,0,0,0,0
HDP,0,0,0,0,0
HDS,0,0,0,0,0
HDW,68742279441,841792123488,910534402929,452263815235,458270587694
HEC,0,0,0,0,0
HEJ,0,0,0,0,0
HEM,0,0,0,0,0
HEP,0,0,0,0,0
HES,0,0,0,0,0
HEV,20654634808,551647262,21206282070,8304898390,12901383680
HFB,0,0,0,0,0
HFC,0,0,0,0,0
HFS,0,0,0,0,0
HFT,3302903842788,74687822316,3377591665104,1826381251313,1551210413791
HFX,0,0,0,0,0
HGA,0,0,0,0,0
HGC,0,0,0,0,0
HGM,343493874863,81016905069,424510779932,79276427754,345234352178
HGT,122030988434,132000505349,254031493783,49305111337,204726382446
HGW,0,0,0,0,0
HHA,0,0,0,0,0
HHC,636083400394,314102759573,950186159967,302846810957,647339349010
HHG,3251753843,172563531272,175815285115,89417358157,86397926958
HHL,0,0,0,0,0
HHN,0,0,0,0,0
HHP,1160416344634,1725376991700,2885793336334,1853628654938,1032164681396
HHR,0,0,0,0,0
HHS,1555096250134,3921688389155,5476784639289,630472371830,4846312267459
HHV,1387713345484,37415979973569,38803693319053,27895929937279,10907763381774
HID,0,0,0,0,0
HIG,0,0,0,0,0
HII,1435871927594,492208028070,1928079955664,956795423341,971284532323
HIO,105993229700,399489278117,505482507817,251591176763,253891331054
HIZ,0,0,0,0,0
HJC,272263674085,49735913052,321999587137,139257889504,182741697633
HJS,154689347101,209210287745,363899634846,41923559277,321976075569
HKB,56424051404,212322631105,268746682509,181243594930,87503087579
HKC,0,0,0,0,0
HKP,0,0,0,0,0
HKT,68395836358,23144657363,91540493721,20071231764,71469261957
HLA,0,0,0,0,0
HLB,0,0,0,0,0
HLC,601565872276,1002823148736,1604389021012,1185225603949,419163417063
HLD,1920455386325,101783339166,2022238725491,1594707820095,427530905396
HLE,0,0,0,0,0
HLG,0,0,0,0,0
HLO,0,0,0,0,0
HLR,0,0,0,0,0
HLS,0,0,0,0,0
HLT,0,0,0,0,0
HLY,2933251539,22531449592,25464701131,68866357310,0
HMC,1253726476889,105862612702,1359589089591,955284725214,404304364377
HMD,0,0,0,0,0
HMG,0,0,0,0,0
HMH,111604969771,136450229452,248055199223,28847219999,219207979224
HMR,82031530140,9287583364,91319113504,13706711738,77612401766
HMS,0,0,0,0,0
HNA,616950810438,3386125058932,4003075869370,766717209769,3236358659601
HNB,0,0,0,0,0
HND,3547028785992,3595852053715,7142880839707,1256861446633,5886019393074
HNE,0,0,0,0,0
HNF,1198528303749,866955421465,2065483725214,1371976901611,693506823603
HNG,2497832903000,14202958024000,16700790927000,15059978589000,1640812338000
HNI,626289511097,138696632655,764986143752,309067533162,455918610590
HNM,383309244058,222240011184,605549255242,129878405434,475670849808
HNP,0,0,0,0,0
HNR,273471804928,96895552913,370367357841,22986353733,347381004108
HNT,0,0,0,0,0
HOM,501012788752,738497004273,1239509793025,377424462957,862085330068
HOT,0,0,0,0,0
HPB,0,0,0,0,0
HPD,26941265240,142668709922,169609975162,45010231990,124599743172
HPG,87078573452172,137411131464837,224489704917009,109842249570293,114647455346716
HPH,0,0,0,0,0
HPI,831891245365,1560248197438,2392139442803,1970034592881,422104849922
HPL,0,0,0,0,0
HPM,0,0,0,0,0
HPP,0,0,0,0,0
HPT,0,0,0,0,0
HPU,0,0,0,0,0
HPW,673113810631,1401918293801,2075032104432,986657753830,1088374350602
HPX,6285034174418,1421453054164,7706487228582,4069964266353,3636522962229
HQC,6041115134899,4095543405490,10136658540389,4711870001824,5424788538565
HRB,0,0,0,0,0
HRC,110401324987,737500336715,847901661702,240538885187,607362776515
HRG,0,0,0,0,0
HRS,1716554288849,13933531129,1730487819978,41012242456,1689475577522
HSA,0,0,0,0,0
HSC,0,0,0,0,0
HSG,14174354519923,5391266415234,19565620935157,8648683879620,10916937055537
HSI,0,0,0,0,0
HSL,253589218075,216032482092,469621700167,22812868878,446808831289
HSM,486640288775,718319012344,1204959301119,825905361005,379053940114
HSP,208582994867,20154383055,228737377922,31812001811,196925376111
HSSC,0,0,0,0,0
HST,0,0,0,0,0
HSV,379204632898,25071034591,404275667489,230975590887,173300076602
HT1,1903995283234,6318373407913,8222368691147,3342228038532,4880140652615
HTB,0,0,0,0,0
HTC,284717519574,317101790422,601819309996,298802883894,303016426102
HTE,226818184819,111616149106,338434333925,106591994499,231842339426
HTG,2095048422916,827152513973,2922200936889,1998264958418,923935978471
HTH,0,0,0,0,0
HTI,339141803117,1168214102579,1507355905696,1002797046901,504558858795
HTK,0,0,0,0,0
HTL,210524486239,55133839556,265658325795,82092141393,183566184402
HTM,1026280847065,2089034722044,3115315569109,890919202242,2224396366867
HTN,7121280148231,527452304290,7648732452521,6113910423802,1534822028719
HTP,1762891769686,4919958617439,6682850387125,4692877093604,1989973293521
HTR,0,0,0,0,0
HTT,15291554224,184986531601,200278085825,83860106956,116417978869
HTU,0,0,0,0,0
HTV,367044469733,30053972417,397098442150,65787577919,331310864231
HTW,0,0,0,0,0
HU1,555124383940,127782448861,682906832801,535222601508,140840731329
HU3,0,0,0,0,0
HU4,695653928489,7026579335,702680507824,499027528114,203652979710
HU6,0,0,0,0,0
HUB,527977661296,436572613323,964550274619,353810673979,610739600640
HUG,439346079240,167982553037,607328632277,329960023827,277368608450
HUT,12886146474221,16297003831497,29183150305718,17620639727703,11562510578015
HUX,0,0,0,0,0
HVA,150227316076,1067242860,151294558936,3718400214,147576158722
HVB,0,0,0,0,0
HVC,0,0,0,0,0
HVG,0,0,0,0,0
HVH,343009523312,350949683760,693959207072,142558985160,551400221912
HVN,17462288140610,40601731601998,58064019742608,68109329694481,0
HVS,8632799914,2284305746,10917105660,884707083,10032398577
HVT,390419764666,454441117043,844860881709,389268322540,455592559169
HVX,125854618283,477521799745,603376418028,269617658290,333758759738
HWS,472795339271,1519683814518,1992479153789,872672345824,1119806807965
I10,0,0,0,0,0
IBC,0,0,0,0,0
IBD,0,0,0,0,0
IBN,0,0,0,0,0
ICC,0,0,0,0,0
ICF,150279981834,37647134726,187927116560,102641462685,85285653875
ICG,336733035280,194680534494,531413569774,250984368235,280429201539
ICI,0,0,0,0,0
ICN,906722791473,438195925559,1344918717032,934472166048,410446550984
ICT,1248739444384,229575891683,1478315336067,821168165339,657147170728
IDC,7422043183221,11377492474012,18799535657233,11591122479858,7208413177375
IDI,7224326749711,2154121101296,9378447851007,5886261880616,3492185970391
IDJ,2885669707076,1361690652466,4247360359542,2102285531081,2145074828461
IDN,0,0,0,0,0
IDP,4233401596451,3063492800508,7296894396959,3873610816452,3423283580507
IDV,485005815374,1395032027446,1880037842820,1005389564436,874648278384
IFC,0,0,0,0,0
IFS,1324627558000,151720533000,1476348091000,256912392000,1219435699000
IHK,0,0,0,0,0
IJC,4500962433770,3356079734583,7857042168353,2694270754251,5162771414102
IKH,0,0,0,0,0
ILA,289005183096,72193984272,361199167368,154515765018,206683402350
ILB,368836155471,1218380783014,1587216938485,1012098889230,575118049255
ILC,0,0,0,0,0
ILS,148491698887,554625654433,703117353320,362210851073,340906502247
IME,0,0,0,0,0
IMP,1409543678165,1095232988768,2504776666933,321657498333,2183119168600
IMT,0,0,0,0,0
IN4,0,0,0,0,0
INC,30605219225,5881521368,36486740593,13521105804,22965634789
ING,36400776637,2701500014380,2737900791017,2795447663374,0
INN,795699180220,411107875205,1206807055425,485826911536,720980143889
IPA,1956046272825,6716127405517,8672173678342,4165876554720,4506297123622
IPH,0,0,0,0,0
IRC,140631854711,62390702481,203022557192,14197250095,188825307097
IRS,300707629529,33626053356,334333682885,15320809398,319012873487
ISC,0,0,0,0,0
ISG,0,0,0,0,0
ISH,90803489374,542469859725,633273349099,37776123420,595497225679
IST,168169504471,355576236789,523745741260,285971871746,237773869514
ITA,5807978008406,6823984758654,12631962767060,1946725297576,10687387469484
ITC,2226140974957,1824138160341,4050279135298,1725813249515,2324465885783
ITD,0,0,0,0,0
ITQ,398264670698,143696532733,541961203431,209426299239,332534904192
ITS,1981884005141,267838817234,2249722822375,1963212084485,286510737890
IVS,884745793911,23534154804,908279948715,136020101082,772259847633
JOS,13826287922,193866206948,207692494870,522094866684,0
JSC,0,0,0,0,0
JSI,228678368941,112082245599,340760614540,3825643179,336934971361
JVC,558282610151,268138185441,826420795592,275188830741,551231964851
KAC,0,0,0,0,0
KAFI,15979411239465,75519872765,16054931112230,10783098168023,5271832944207
KBC,34338727277345,10426700235777,44765427513122,24083675769254,20681751743868
KBE,0,0,0,0,0
KBT,0,0,0,0,0
KCB,0,0,0,0,0
KCE,0,0,0,0,0
KDC,6299822968998,6923700638463,13223523607461,6084358600642,7139165006819
KDH,28840337777000,1912535149000,30752872926000,11302405832000,19450467094000
KDM,72375721922,5928189813,78303911735,959600315,77344311420
KGM,853900016529,182431144099,1036331160628,771229517139,265101643489
KGU,0,0,0,0,0
KHA,0,0,0,0,0
KHB,0,0,0,0,0
KHD,0,0,0,0,0
KHG,1726013683339,4867777929229,6593791612568,1371873163962,5221918448606
KHL,0,0,0,0,0
KHP,1014229384350,1225758781373,2239988165723,1537246430409,702741735314
KHS,239844009360,254072613338,493916622698,269573124587,224343498111
KHW,175722051133,438594946173,614316997306,217140674859,397176322447
KIP,0,0,0,0,0
KIS,13123620852936,312860377779,13436481230715,7693375517656,5743105713059
KKC,74190704847,4149745659,78340450506,30833397278,47507053228
KLB,0,0,92176268000000,85571316000000,6604952000000
KLF,0,0,0,0,0
KLM,0,0,0,0,0
KMR,656350361656,203959902943,860310264599,212975656680,647334607919
KMT,718553987690,74747372446,793301360136,654598414904,138702945232
KOS,3312056643907,1530309118620,4842365762527,2511070389498,2331295373029
KPF,50162623214,482116719628,532279342842,16508070756,515771272086
KSA,0,0,0,0,0
KSB,2013611060677,2913575572404,4927186633081,2276609047363,2650577585718
KSC,0,0,0,0,0
KSD,84630073580,37579552063,122209625643,2288427454,119921198189
KSE,0,0,0,0,0
KSF,13237650898349,7359285514350,20596936412699,13707505329844,6889431082855
KSH,471008503770,30426900854,501435404624,63017023,501372387601
KSK,0,0,0,0,0
KSQ,59409152660,251552329415,310961482075,46170503564,264790978511
KSS,0,0,0,0,0
KST,209629384953,8347441363,217976826316,140257204637,77719621679
KSV,4507552123399,5043508249315,9551060372714,5602453313060,3948607059654
KTB,0,0,0,0,0
KTC,913522953167,407769421154,1321292374321,910720881257,410571493064
KTL,363870067301,503815115682,867685182983,436963178541,430722004442
KTS,279685477523,203387124221,483072601744,255264769600,227807832144
KTT,0,0,0,0,0
KTU,0,0,0,0,0
KTW,0,0,0,0,0
KVC,361598615107,194780904045,556379519152,89217024947,467162494205
KVS,0,0,0,0,0
KWA,0,0,0,0,0
L10,1206685207779,172870489023,1379555696802,1096811195592,282744501210
L12,0,0,0,0,0
L14,501871725942,121136364438,623008090380,197082634411,425925455969
L18,4530211958638,525380872710,5055592831348,4270937347059,784655484289
L35,172983358216,8406335188,181389693404,175353321900,6036371504
L40,175969136689,8208641264,184177777953,76169918567,108007859386
L43,0,0,0,0,0
L44,0,0,0,0,0
L45,0,0,0,0,0
L61,0,0,0,0,0
L62,0,0,0,0,0
L63,0,0,0,0,0
LAF,262382493208,103638066189,366020559397,118804666646,247215892751
LAI,0,0,0,0,0
LAS,2271310188354,371438988753,2642749177107,1181156003429,1461593173678
LAW,37420887985,304519251781,341940139766,154848401232,187091738534
LBC,0,0,0,0,0
LBE,36914166830,5291266110,42205432940,15057487782,27147945158
LBM,273146646466,540378797320,813525443786,199019811499,614505632287
LCC,0,0,0,0,0
LCD,102914045377,20708794778,123622840155,93076374113,30546466042
LCG,4639900987396,1396899218687,6036800206083,3432608626512,2604191579571
LCM,69709006008,110914384286,180623390294,56642498896,123980891398
LCS,0,0,0,0,0
LCW,0,0,0,0,0
LDG,4122897778616,2556059161407,6678956940023,5132513678048,1546443261975
LDP,156624121172,50424285919,207048407091,107872622506,99175784585
LDW,84630977653,1113309456128,1197940433781,228801823834,969138609947
LEC,675947110825,168058886969,844005997794,528999052408,315006945386
LG9,0,0,0,0,0
LGC,1944291381931,21520717677521,23465009059452,17774758419645,5690250639807
LGL,810727503406,553752310643,1364479814049,744752945213,619726868836
LGM,0,0,0,0,0
LHC,607357235152,588822853808,1196180088960,448491662596,747688426364
LHG,2168448021185,897123540546,3065571561731,1406219730272,1659351831459
LIC,2247864720472,2428013189381,4675877909853,4179302970449,496574939404
LIG,3828685763776,2174785674597,6003471438373,4862498421276,1140973017097
LIX,918555014948,477913397800,1396468412748,459504526410,936963886338
LKW,52760920599,47892087632,100653008231,11657412292,88995595939
LLM,5317820295317,861108862292,6178929157609,5205382986471,973546171138
LM3,0,0,0,0,0
LM7,0,0,0,0,0
LM8,1052350048794,133342699103,1185692747897,882548930261,303143817636
LMC,0,0,0,0,0
LMH,102953137100,500000,102953637100,152865173108,0
LMI,0,0,0,0,0
LNC,0,0,0,0,0
LO5,248204129622,43176199456,291380329078,408592729276,0
LPB,0,0,508330398000000,464992098000000,43338300000000
LPBS,4518141008734,548418055475,5066559064209,1083408008959,3983151055250
LPT,153792436223,28221364001,182013800224,25288539073,156725261151
LQN,0,0,0,0,0
LSG,492866514618,1862551575424,2355418090042,1312390523519,1043027566523
LSS,0,0,0,0,0
LTC,0,0,0,0,0
LTG,0,0,0,0,0
LUT,0,0,0,0,0
LWS,0,0,0,0,0
LYF,0,0,0,0,0
M10,2059938444804,559640121492,2619578566296,2050399093495,569179472801
MA1,0,0,0,0,0
MAC,226852471013,83423631426,310276102439,43815954492,266460147947
MAS,34389254467,37520520846,71909775313,37508752090,34401023223
MAX,0,0,0,0,0
MBB,0,0,"1,1288E+15","1,01174E+15",117059581000000
MBG,962264690243,417511947178,1379776637421,89474601574,1290302035847
MBN,0,0,0,0,0
MBS,21873571497790,258309153264,22131880651054,15223341794442,6908538856612
MC3,0,0,0,0,0
MCC,13246407659,68886476107,82132883766,12472994219,69659889547
MCD,0,0,0,0,0
MCF,170878235463,24246779852,195125015315,76827041726,118297973589
MCG,97495267265,1231709965226,1329205232491,1097356305189,231848927302
MCH,10393757226426,17506203219904,27899960446330,16572133669028,11327826777302
MCI,0,0,0,0,0
MCL,0,0,0,0,0
MCM,2114926082075,571747101640,2686673183715,381489560745,2305183622970
MCO,79813009044,47258221856,127071230900,73888534496,53182696404
MCP,295421289329,23476402417,318897691746,42600630120,276297061626
MCT,0,0,0,0,0
MCV,0,0,0,0,0
MDA,0,0,0,0,0
MDC,489420290874,696480641367,1185900932241,847381569278,338519362963
MDF,319735313259,715628767471,1035364080730,390346950861,645017129869
MDG,224863872936,101141797317,326005670253,195718500820,130287169433
MDN,0,0,0,0,0
MDT,0,0,0,0,0
MEC,0,0,0,0,0
MED,253267247281,250712494372,503979741653,173180716596,330799025057
MEF,0,0,0,0,0
MEG,0,0,0,0,0
MEL,656321358518,72830920973,729152279491,469853834377,259298445114
MES,35268000703,133033795847,168301796550,5333421195,162968375355
MFS,0,0,0,0,0
MGC,0,0,0,0,0
MGG,0,0,0,0,0
MGR,64053230670,120559593276,184612823946,17376940758,167235883188
MH3,838530384840,371545077647,1210075462487,615793560512,594281901975
MHBS,0,0,0,0,0
MHC,803685130922,138462005286,942147136208,387964135096,554183001112
MHL,0,0,0,0,0
MHP,0,0,0,0,0
MHY,0,0,0,0,0
MIC,0,0,0,0,0
MIE,1788793880823,777162455180,2565956336003,1121035851231,1444920484772
MIG,9130648855391,704297478043,9834946333434,7704696035986,2130250297448
MIH,0,0,0,0,0
MIM,0,0,0,0,0
MJC,0,0,0,0,0
MKP,961209386315,670428381671,1631637767986,345475985448,1286161782538
MKT,0,0,0,0,0
MKV,77098821048,31946719895,109045540943,21842192207,87203348736
MLC,0,0,0,0,0
MLS,0,0,0,0,0
MML,1752930370244,9475574502456,11228504872700,6759367390408,4469137482292
MNB,2368459360264,787471510237,3155930870501,2644088053401,511842817100
MND,0,0,0,0,0
MPC,6141358799405,3358553547191,9499912346596,4623405174521,4876507172075
MPT,165766889855,11817713409,177584603264,10737438168,166847165096
MPY,0,0,0,0,0
MQB,0,0,0,0,0
MQN,0,0,0,0,0
MRF,0,0,0,0,0
MSB,0,0,320177143000000,283359586000000,36817557000000
MSC,0,0,0,0,0
MSH,3249615903700,1270983650007,4520599553707,2467655848378,2052943705329
MSI,8395608924915,95035664098,8490644589013,4143952757336,4346691831677
MSN,53569663000000,94015055000000,147584718000000,106832338000000,40752380000000
MSR,6992043391000,19974483609000,26966527000000,14802833484000,12163693516000
MST,946323838842,804250215760,1750574054602,901913419714,848660634888
MTA,639483812875,1453837586759,2093321399634,866619635014,1226701764620
MTB,0,0,0,0,0
MTC,0,0,0,0,0
MTG,0,0,0,0,0
MTH,0,0,0,0,0
MTL,0,0,0,0,0
MTM,0,0,0,0,0
MTP,0,0,0,0,0
MTS,495474324041,82294203724,577768527765,401426623156,176341904609
MTV,0,0,0,0,0
MTX,0,0,0,0,0
MVB,1302846224622,1861962389590,3164808614212,1096899908415,2067908705797
MVC,691447705738,838195207495,1529642913233,308455679484,1221187233749
MVN,13273534512063,17112911177852,30386445689915,12974426499586,17412019190329
MVY,0,0,0,0,0
MWG,65774193760868,4444515969194,70218709730062,42097132906207,28121576823855
MXC,0,0,0,0,0
MZG,2639576910879,1801104554565,4440681465444,3178516527417,1262164938027
NAB,0,0,245128983000000,225840450000000,19288533000000
NAC,0,0,0,0,0
NAF,1001515917623,1040664587294,2042180504917,1057170455013,985010049904
NAG,1540764960813,174591667898,1715356628711,1285513920303,429842708408
NAP,49965920448,265447040001,315412960449,72665277532,242747682917
NAS,0,0,0,0,0
NAU,0,0,0,0,0
NAV,94137909167,23725475255,117863384422,6322778459,111540605963
NAW,237729121300,504339331075,742068452375,360284477176,381783975198
NBB,3005662749703,4749862281520,7755525031223,5937219581007,1818305450216
NBC,1064372739561,1514731195273,2579103934834,2054408774801,524695160033
NBE,0,0,0,0,0
NBP,369904493860,105805754167,475710248027,243254070374,232456177653
NBR,0,0,0,0,0
NBS,0,0,0,0,0
NBT,93471161810,454673456797,548144618607,88339392905,459805225702
NBW,123711707400,199774193107,323485900507,142058611254,181427289253
NCG,2070342198412,1717887339285,3788229537697,1781522619281,2006706918416
NCS,162150638274,308023492682,470174130956,287673949395,182500181561
NCT,519195607225,222056969877,741252577102,182766166041,558486411061
ND2,123674543076,1358598398497,1482272941573,642696792910,839576148663
NDC,0,0,0,0,0
NDF,0,0,0,0,0
NDN,1011446168002,266350487479,1277796655481,189030501507,1088766153974
NDP,0,0,0,0,0
NDT,388175880808,557709949035,945885829843,880581674391,65304155452
NDW,111053241017,363232204718,474285445735,106279221497,368006224238
NDX,139326168639,73596200401,212922369040,93041231780,119881137260
NED,37638319813,689058537287,726696857100,244418001663,482278855437
NEM,0,0,0,0,0
NET,714889274816,271416043825,986305318641,457378341545,528926977096
NFC,341311146403,7590078806,348901225209,127798286003,221102939206
NGC,0,0,0,0,0
NHA,194109131948,606675406457,800784538405,284680659378,516103879027
NHC,24915995895,69165563588,94081559483,39700910710,54380648773
NHH,836644594926,1093687543503,1930332138429,573800450606,1356531687823
NHN,0,0,0,0,0
NHP,0,0,0,0,0
NHS,0,0,0,0,0
NHT,164732286775,389183032371,553915319146,191367655203,362547663943
NHV,0,0,0,0,0
NHW,0,0,0,0,0
NIS,0,0,0,0,0
NJC,0,0,0,0,0
NKG,10202370500547,3316715052258,13519085552805,7647678978332,5871406574473
NLG,27549221197405,2758768607016,30307989804421,15741776663250,14566213141171
NLS,0,0,0,0,0
NMK,0,0,0,0,0
NNB,0,0,0,0,0
NNC,236851851922,249376898849,486228750771,64577654229,421651096542
NNG,0,0,0,0,0
NNQ,0,0,0,0,0
NNT,0,0,0,0,0
NO1,460363576622,78970964092,539334540714,223165198687,316169342027
NOS,119744945729,241767167852,361512113581,5461060057159,0
NPH,0,0,0,0,0
NPS,0,0,0,0,0
NQB,42253770992,212476450251,254730221243,60494384762,194235836481
NQN,156604763155,975501572848,1132106336003,475441743840,656664592163
NQT,126710733800,181005207789,307715941589,85744132017,221971809572
NRC,368279103449,1638031226240,2006310329689,776190832375,1230119497314
NS2,284419048663,1272056328423,1556475377086,968780538310,587694838776
NS3,0,0,0,0,0
NSC,1291843817925,862139348943,2153983166868,633338272439,1520644894429
NSG,0,0,0,0,0
NSH,780304608090,132660677063,912965285153,674850890523,238114394630
NSI,1981808317894,8518162385,1990326480279,818138725289,1172187754990
NSL,0,0,0,0,0
NSN,0,0,0,0,0
NSP,0,0,0,0,0
NSS,0,0,0,0,0
NST,227798019674,67761578829,295559598503,107742511416,187817087087
NT2,5912035894824,4102699159559,10014735054383,5836201188636,4178533865747
NTB,0,0,0,0,0
NTC,1898307166408,5454805974044,7353113140452,6218387346069,1134725794383
NTF,0,0,0,0,0
NTH,37867702215,166023285967,203890988182,17306139176,186584849006
NTL,2117847681181,60277272845,2178124954026,432732954081,1745391999945
NTP,4472882423054,1941989104469,6414871527523,2748497317518,3666374210005
NTR,0,0,0,0,0
NTT,740256454133,494941248152,1235197702285,1044244991080,190952711205
NTW,93739666653,100179575240,193919241893,27588293989,166330947904
NUE,0,0,0,0,0
NVB,0,0,118498716000000,112405870000000,6092846000000
NVC,0,0,0,0,0
NVL,207831379624673,30349580587639,238180960212312,190473272518473,47707687693839
NVN,0,0,0,0,0
NVP,0,0,0,0,0
NVS,317281162728,12092254533,329373417261,5018769288,324354647973
NVT,187644958953,883895813511,1071540772464,541663998560,529876773904
NWT,0,0,0,0,0
NXT,0,0,0,0,0
OCB,0,0,280712371670087,249040677402156,31671694267931
OCH,628394286517,3225279000245,3853673286762,1939688887363,1913984399399
ODE,0,0,0,0,0
OGC,677701511973,3830030821207,4507732333180,2774686824096,1733045509084
OIL,32273974299954,6194469149966,38468443449920,26977868301571,11490575148349
ONE,326828888820,11726728599,338555617419,236356226351,102199391068
ONW,0,0,0,0,0
OPC,904085324897,317736846495,1221822171392,345030201185,876791970207
ORS,11145350890409,52779807048,11198130697457,7277707609311,3920423088146
OSC,0,0,0,0,0
PAC,1832261785850,702519485529,2534781271379,1565895833608,968885437771
PAI,0,0,0,0,0
PAN,18299289828960,5553447758253,23852737587213,15013725690200,8839011897013
PAP,744278577109,6376629531808,7120908108917,4665103147773,2455804961144
PAS,636766493865,327031921413,963798415278,531108856524,432689558754
PAT,619450520441,313167267536,932617787977,363897086209,568720701768
PBC,858893906087,2350521328973,3209415235060,1921721774948,1287693460112
PBK,0,0,0,0,0
PBP,104901214406,47412808939,152314023345,83569463167,68744560178
PBT,244594365742,43935275933,288529641675,96086706642,192442935033
PC1,8065745057014,12889183772890,20954928829904,13255289745571,7699639084333
PCC,0,0,0,0,0
PCE,292841733819,31424729866,324266463685,129413300746,194853162939
PCF,9024590792,15478686396,24503277188,3219768368,21283508820
PCG,0,0,0,0,0
PCH,104946605247,178674313933,283620919180,21381711097,262239208083
PCM,0,0,0,0,0
PCN,0,0,0,0,0
PCT,406708352359,1492030842917,1898739195276,1238388464637,660350730639
PDB,166790136969,39612721746,206402858715,72904408351,133498450364
PDC,103181264673,151711737282,254893001955,112158651490,142734350465
PDN,843071721370,705739510071,1548811231441,308985311229,1239825920212
PDR,12752087714799,12805934454922,25558022169721,14080117526998,11477904642723
PDT,0,0,0,0,0
PDV,636901664548,1527788990670,2164690655218,1165515017795,999175637423
PEC,0,0,0,0,0
PEG,369234998883,837923770157,1207158769040,557368310944,649790458096
PEN,254729473888,17691265209,272420739097,214701471476,57719267621
PEQ,0,0,0,0,0
PET,9109949167345,1144271913568,10254221080913,7896144168291,2358076912622
PFL,231252096473,92745121714,323997218187,101788998957,222208219230
PGB,0,0,73210503000000,68047557000000,5162946000000
PGC,1920928241311,1058956123770,2979884365081,2095855472232,884028892849
PGD,3378374535481,389852060730,3768226596211,2290693160056,1477533436155
PGI,7108186167110,1316624470221,8424810637331,6517429552555,1907381084776
PGN,164583126116,27655436136,192238562252,84451618305,107786943947
PGS,1769303160908,1072115184012,2841418344920,1826676578562,1014741766358
PGT,49896898826,24215941471,74112840297,31489753670,42623086627
PGV,16701763296695,38433383919069,55135147215764,40482026554219,14653120661545
PHC,2549956217455,680586553990,3230542771445,2569325852531,661216918914
PHH,233833464912,217074474371,450907939283,224039180075,226868759208
PHN,175213568970,33185483822,208399052792,55386145221,153012907571
PHP,3092144927543,5400548560496,8492693488039,2132072185318,6360621302721
PHR,2572841321105,3370841411570,5943682732675,2012167626271,3931515106404
PHS,3848310376508,83054992749,3931365369257,1864267558510,2067097810747
PhuHung,0,0,0,0,0
PIA,86703392750,14407374283,101110767033,28412712721,72698054312
PIC,79000812307,354284850456,433285662763,63822897584,369462765179
PID,0,0,0,0,0
PIS,252235894217,503146360026,755382254243,298756955297,456625298946
PIT,286097886356,59149378657,345247265013,233025064251,112222200762
PIV,12069951247,106843753865,118913705112,117146831702,1766873410
PJC,83117656351,168678889504,251796545855,97626382925,154170162930
PJS,0,0,0,0,0
PJT,180889257420,262612814524,443502071944,117579720114,325922351830
PKR,0,0,0,0,0
PLA,0,0,0,0,0
PLC,3225299811354,840145695610,4065445506964,2815846203939,1249599303025
PLE,0,0,0,0,0
PLO,0,0,0,0,0
PLP,1685394852902,875769384567,2561164237469,1766151307989,795012929480
PLX,60085476980256,21322766035906,81408243016162,52105984221342,29302258794820
PMB,184250440933,8604618874,192855059807,50424479558,142430580249
PMC,335435862125,40403365490,375839227615,86227405346,289611822269
PME,0,0,0,0,0
PMG,806542515797,966255957815,1772798473612,1103986541123,668811932489
PMJ,0,0,0,0,0
PMP,180935154198,61263625622,242198779820,171619528852,70579250968
PMS,200692008931,127188591968,327880600899,153874812395,174005788504
PMT,0,0,0,0,0
PMW,108076232703,597630483145,705706715848,83603759646,622102956202
PNC,514712510937,60409455199,575121966136,387264215823,187857750313
PND,78468689020,59607950267,138076639287,94499336992,43577302295
PNG,0,0,0,0,0
PNJ,15690882937410,1516430267658,17207313205068,5950358489716,11256954715352
PNP,196677316951,145838492975,342515809926,112478031526,230037778400
PNS,659491665655,30933604331,690425269986,206354849702,484070420284
PNT,0,0,0,0,0
POB,99823540589,80681342947,180504883536,68177554953,112327328583
POM,0,0,0,0,0
POS,1991377951516,234357546226,2225735497742,1427582041021,798153456721
POT,1344121428644,1168617518747,2512738947391,2204959079554,307779867837
POV,240149334265,218174667380,458324001645,274904289302,183419712343
POW,30171413613630,51110037286569,81281450900199,46674791463756,34606659436443
PPC,2730308223771,2800881427677,5531189651448,1012167591502,4519022059946
PPE,11526644682,5250000000,16776644682,2548737107,14227907575
PPG,0,0,0,0,0
PPH,1766228572070,1804768871621,3570997443691,1723371365814,1847626077877
PPI,0,0,0,0,0
PPP,91227576696,75914718108,167142294804,31784472983,135357821821
PPS,246805895741,44755204585,291561100326,102377602560,189183497766
PPT,329085046106,167136980124,496222026230,298960511645,197261514585
PPY,171724195378,180596923125,352321118503,194325270793,157995847710
PQN,710762132029,293399814974,1004161947003,827959361162,176202585841
PRC,26455133337,26346202745,52801336082,17112065850,35689270232
PRE,5717559646451,983439458930,6700999105381,5091463350631,1609535754750
PRO,0,0,0,0,0
PRT,1980258726655,3588893706180,5569152432835,1570561622853,3998590809982
PSB,487146373699,319288324069,806434697768,246925927755,559508770013
PSC,34127682143,187354630421,221482312564,107798273547,113684039017
PSD,2729454671580,73004656662,2802459328242,2226770956019,575688372223
PSE,222645862465,21215555170,243861417635,72492132894,171369284741
PSG,0,0,0,0,0
PSH,5964351010828,4749012519188,10713363530016,9911726462729,801637067287
PSI,2556514189295,42477687860,2598991877155,1890669524007,708322353148
PSL,0,0,0,0,0
PSN,507296253798,460811293853,968107547651,430690369524,537417178127
PSP,74822261356,458207545070,533029806426,74480484983,458549321443
PSW,233458146350,17733583740,251191730090,50168085922,201023644168
PTB,3244921677159,2243186974334,5488108651493,2454752224649,3033356426844
PTC,230848643602,174425181212,405273824814,27036959425,378236865389
PTD,156945924637,46941541085,203887465722,182264479444,21622986278
PTE,60613522002,257063671608,317677193610,634973360640,0
PTG,0,0,0,0,0
PTH,0,0,0,0,0
PTI,6765235080792,1680212519303,8445447600095,6057243570944,2388204029151
PTK,0,0,0,0,0
PTL,714611434799,403946936563,1118558371362,631575887556,486982483806
PTM,0,0,0,0,0
PTN,0,0,0,0,0
PTO,0,0,0,0,0
PTP,0,0,0,0,0
PTS,44777213814,180680234094,225457447908,127899660495,97557787413
PTT,203534409047,111893826866,315428235913,96267206829,219161029084
PTV,259801466856,68457633726,328259100582,100060564011,228198536571
PTX,47995247315,146207480259,194202727574,91872521839,102330205735
PV2,117902670946,137678161573,255580832519,27773173768,227807658751
PVA,434047473349,16989423580,451036896929,485691735905,0
PVB,398194527357,38234905476,436429432833,55884910575,380544522258
PVC,1900119953642,165256382464,2065376336106,1027541134844,1037835201262
PVcomBank,0,0,0,0,0
PVD,7878005351856,15840762478335,23718767830191,7669441283220,16049326546971
PVE,0,0,0,0,0
PVG,1187243429718,539030001520,1726273431238,1230629912539,495643518699
PVH,183624235079,374716127453,558340362532,502280045571,56060316961
PVI,25886020345586,5867097635933,31753117981519,23562497506360,8190620475159
PVL,83007229397,129983710991,212990940388,54050141546,158940798842
PVM,939576811724,214095328028,1153672139752,466394174226,687277965526
PVO,0,0,0,0,0
PVP,1326817943712,1865320012373,3192137956085,1338872648279,1853265307806
PVR,723402160943,252746359902,976148520845,517596868384,458551652461
PVS,23880409923621,10193456604203,34073866527824,19183633979748,14890232548076
PVT,6725017357737,13163677771041,19888695128778,9496843123262,10391852005516
PVV,580336839028,273996918064,854333757092,984511079403,0
PVX,4682415666792,1510919009280,6193334676072,5669159168425,524175507647
PVY,706112887645,418278803344,1124391690989,1555996224110,0
PWA,0,0,0,0,0
PWS,123617546265,368175499603,491793045868,49710733117,442082312751
PX1,0,0,0,0,0
PXA,0,0,0,0,0
PXC,0,0,0,0,0
PXI,300658589571,14870098709,315528688280,179063928434,136464759846
PXL,479077106996,396478877986,875555984982,50168753769,825387231213
PXM,39986297817,706475067,40692772884,526198554065,0
PXS,334533027729,503345078277,837878106006,711258676727,126619429279
PXT,249256799591,32697643512,281954443103,226187321934,55767121169
PYU,0,0,0,0,0
QBR,0,0,0,0,0
QBS,326093644135,8621623333,334715267468,30685871952,304029395516
QCC,0,0,0,0,0
QCG,7412916486769,1470888483232,8883804970001,4305298470552,4578506499449
QHD,136795413351,31714810342,168510223693,53872802545,114637421148
QHW,0,0,0,0,0
QLD,0,0,0,0,0
QLT,0,0,0,0,0
QNC,905351580640,933323266975,1838674847615,1155478937226,683195910389
QNP,643955521269,680261007269,1324216528538,443974193752,880242334786
QNS,10011044947576,3797575552680,13808620500256,3806353713723,10002266786533
QNT,0,0,0,0,0
QNU,0,0,0,0,0
QNW,187675628196,102160586104,289836214300,28602325929,261233888371
QPH,493947432347,125533265109,619480697456,141378341049,478102356407
QSP,0,0,0,0,0
QST,38485282671,73289109094,111774391765,62065923719,49708468046
QTC,48342576804,15298445211,63641022015,23117944571,40523077444
QTP,4549287939901,2906729303965,7456017243866,2370318427564,5085698816302
RAL,7814698866637,466763323933,8281462190570,4979704098553,3301758092017
RAT,0,0,0,0,0
RBC,0,0,0,0,0
RCC,730617633227,302376922990,1032994556217,623520742861,409473813356
RCD,0,0,0,0,0
RCL,326420758881,166713747662,493134506543,205622207022,287512299521
RDP,0,0,0,0,0
REE,11285905061559,25075025474611,36360930536170,13905717990294,22455212545876
REM,0,0,0,0,0
RGC,0,0,0,0,0
RHN,0,0,0,0,0
RIC,0,0,0,0,0
RLC,0,0,0,0,0
ROS,0,0,0,0,0
RTB,814052425111,2219279783291,3033332208402,363397311439,2669934896963
RTH,0,0,0,0,0
RTS,0,0,0,0,0
RYG,1430815036876,1045181240755,2475996277631,1713634963231,762361314400
S12,0,0,0,0,0
S27,0,0,0,0,0
S33,0,0,0,0,0
S4A,272791435375,767511781377,1040303216752,486349035785,553954180967
S55,292308371221,1792898988760,2085207359981,1141901331038,943306028943
S72,11385653577,206596364067,217982017644,98291163925,119690853719
S74,0,0,0,0,0
S96,0,0,0,0,0
S99,1664535439420,2763593032794,4428128472214,2745162853118,1682965619096
SAB,25066732804106,8372673560545,33439406364651,9002313181979,24437093182672
SAC,0,0,0,0,0
SAF,234801148291,24293996947,259095145238,80213663016,178881482222
SAL,0,0,0,0,0
SAM,2203990476359,4171215550690,6375206027049,1694923805580,4680282221469
SAP,0,0,0,0,0
SAS,1539232677200,830465776424,2369698453624,731298787873,1638399665751
SAV,454756762220,294394375601,749151137821,372234652855,376916484966
SB1,0,0,0,0,0
SBA,90315474582,1007435638832,1097751113414,119126010203,978625103211
SBB,0,0,0,0,0
SBBS,81215043690,12485840578,93700884268,3163372824,90537511444
SBC,0,0,0,0,0
SBD,0,0,0,0,0
SBG,748511630024,279672804764,1028184434788,452869359202,575315075586
SBH,1078476134362,702666139910,1781142274272,134878643365,1646263630907
SBL,84278188421,172961146693,257239335114,73215121395,184024213719
SBM,105728972234,559893313795,665622286029,40662267079,624960018950
SBR,534722751659,506902528383,1041625280042,227663360042,813961920000
SBS,477631220617,29468788560,507100009177,234582327126,272517682051
SBT,0,0,0,0,0
SBV,557770554751,303328607325,861099162076,403153627277,457945534799
SC5,2077568974980,63830780324,2141399755304,1757319622263,384080133041
SCA,0,0,0,0,0
SCB,0,0,0,0,0
SCC,0,0,0,0,0
SCD,130211636337,516921702765,647133339102,724451205799,0
SCG,7815189868917,664529611053,8479719479970,7160352582795,1319366897175
SCH,0,0,0,0,0
SCI,1510510946388,95656305380,1606167251768,1108936242886,497231008882
SCJ,235615479428,1420941061625,1656556541053,962860392261,693696148792
SCL,201549741291,442940731414,644490472705,370963220123,273527252582
SCO,0,0,0,0,0
SCR,7126530091332,4720360563978,11846890655310,6381694976924,5465195678386
SCS,1388384079763,509141031419,1897525111182,491735522585,1405789588597
SCV,0,0,0,0,0
SCY,1170242703844,550664394805,1720907098649,790843677967,930063420682
SD1,0,0,0,0,0
SD2,380465620437,12121548974,392587169411,211524241406,181062928005
SD3,367909621352,632955181147,1000864802499,945443624193,55421178306
SD4,602012436209,71848526758,673860962967,680561920543,0
SD5,1304746152141,292046273612,1596792425753,1116360058702,480432367051
SD6,790244795056,71392171706,861636966762,683220931604,178416035158
SD7,0,0,0,0,0
SD8,0,0,0,0,0
SD9,756093501143,969880704287,1725974205430,878258178487,847716026943
SDA,83440226721,172067945008,255508171729,69005935662,186502236067
SDB,0,0,0,0,0
SDC,62715284085,21151668101,83866952186,31026400525,52840551661
SDD,2228195217,209014642250,211242837467,119815040892,91427796575
SDE,0,0,0,0,0
SDG,435661279424,380908994106,816570273530,497081144227,319489129303
SDH,0,0,0,0,0
SDJ,0,0,0,0,0
SDK,0,0,0,0,0
SDN,53058109947,56274647758,109332757705,42397189957,66935567748
SDP,0,0,0,0,0
SDS,0,0,0,0,0
SDT,1530402719330,576612020287,2107014739617,1308240456829,798774282788
SDU,986778768986,208542120807,1195320889793,841437598791,353883291002
SDV,0,0,0,0,0
SDX,0,0,0,0,0
SDY,0,0,0,0,0
SEA,589448078989,2004371351100,2593819430089,171154933027,2422664497062
SeASecurities,1266977011188,822429882838,2089406894026,720764742070,1368642151956
SEB,192682927606,504286728993,696969656599,39677126214,657292530385
SED,506663217988,100355100398,607018318386,273149526052,333868792334
SEP,0,0,0,0,0
SFC,164882526674,115243215989,280125742663,101531332588,178594410075
SFG,1136455788060,244781735156,1381237523216,733336261840,647901261376
SFI,627020287079,293926736281,920947023360,157280762952,763666260408
SFN,75847591503,7552524169,83400115672,5432932039,77967183633
SFT,0,0,0,0,0
SGB,0,0,33260400000000,29170568000000,4089832000000
SGC,286726491066,164462648320,451189139386,104925093669,346264045717
SGD,50048762178,37553976088,87602738266,28771205111,58831533155
SGH,139203778437,26556740894,165760519331,22987777626,142772741705
SGI,3471455967929,1792713406831,5264169374760,2483613369037,2780556005723
SGN,1276013769402,213137686122,1489151455524,294600117580,1194551337944
SGO,0,0,0,0,0
SGP,1641318928323,4078503033807,5719821962130,2829320036472,2890501925658
SGR,1566155941235,715447544413,2281603485648,1283409939428,998193546220
SGS,267210916386,83181265683,350392182069,35841812158,314550369911
SGT,6756577108171,2193200108578,8949777216749,6854419248494,2095357968255
SHA,880496986521,181871283168,1062368269689,635638780978,426729488711
SHB,0,0,747243848000000,689394328000000,57849520000000
SHBS,0,0,0,0,0
SHC,0,0,0,0,0
SHE,231261703727,23956891838,255218595565,102828739948,152389855617
SHG,0,0,0,0,0
SHI,7252190269581,2196158991807,9448349261388,7343643436378,2104705825010
SHN,4031312709214,1569809312748,5601122021962,4006246262401,1594875759561
SHP,319987491489,1124472586381,1444460077870,105775522508,1338684555362
SHS,13936056452555,92616645331,14028673097886,2821194844442,11207478253444
SHV,0,0,0,0,0
SHX,0,0,0,0,0
SIC,0,0,0,0,0
SID,599271251779,1969362008410,2568633260189,162283340981,2406349919208
SIG,0,0,0,0,0
SII,964023850375,1753156700864,2717180551239,1238838940706,1478341610533
SIP,12529250229319,12496427716495,25025677945814,20151277153908,4874400791906
SIV,0,0,0,0,0
SJ1,768526723505,573186091148,1341712814653,979132174396,362580640257
SJC,0,0,0,0,0
SJCS,138522141020,21506883942,160029024962,1864306799,158164718163
SJD,1067313411257,288714374907,1356027786164,330749784004,1025278002160
SJE,1222482184361,1446453264842,2668935449203,1763206251550,905729197653
SJF,419139307898,374643582989,793782890887,294211192040,499571698847
SJG,10903582923490,11575921762258,22479504685748,13061344628067,9418160057681
SJM,0,0,0,0,0
SJS,5083716506686,2794505735977,7878222242663,4887288594988,2990933647675
SKG,493279524881,405442611223,898722136104,14386286552,884335849552
SKH,621789028838,196688685090,818477713928,410117821668,408359892260
SKN,0,0,0,0,0
SKV,658634256114,165399236310,824033492424,445106849134,378926643290
SLC,0,0,0,0,0
SLS,1127012212540,568668815802,1695681028342,140926756200,1554754272142
SMA,105136787424,324906790463,430043577887,189614583722,240428994165
SMB,674490191371,365291499641,1039781691012,440395002631,599386688381
SMC,2813664989983,1697774618324,4511439608307,4000382652035,511056956272
SME,0,0,0,0,0
SMN,72078904012,29133394291,101212298303,21467002051,79745296252
SMT,74850922187,42147563706,116998485893,47301751843,69696734050
SMVC,0,0,0,0,0
SNC,0,0,0,0,0
SNZ,6968645086482,14042176863980,21010821950462,10093525141942,10917296808520
SON,0,0,0,0,0
SOV,0,0,0,0,0
SP2,97575050272,507547918130,605122968402,486481862746,118641105656
SPA,0,0,0,0,0
SPB,488203672181,427659196536,915862868717,678788918250,237073950467
SPC,425261324697,56504354426,481765679123,363019793329,118745885794
SPD,319963382719,90865755873,410829138592,278643500803,132185637789
SPH,0,0,0,0,0
SPI,0,0,0,0,0
SPM,866833259040,143699373204,1010532632244,205091135638,805441496606
SPP,0,0,0,0,0
SPV,232817456762,169370476936,402187933698,223066392070,179121541628
SQC,3579694170,623937489194,627517183364,26401316722,601115866642
SRA,93385477026,644724243872,738109720898,72318057633,665791663265
SRB,0,0,0,0,0
SRC,520634048292,661936824831,1182570873123,634055501004,548515372119
SRF,1221734906769,372333424402,1594068331171,1159894820874,434173510297
SSB,0,0,325698848000000,290695993000000,35002855000000
SSC,320398075041,206259982460,526658057501,143630658708,383027398793
SSF,0,0,0,0,0
SSG,0,0,0,0,0
SSH,8784083387714,5619253895575,14403337283289,7841490474513,6561846808776
SSI,70932391912367,2574910647355,73507302559722,46680651947954,26826650611768
SSM,96598918499,22334380173,118933298672,54773903490,64159395182
SSN,0,0,0,0,0
SST,0,0,0,0,0
SSU,0,0,0,0,0
ST8,432743813578,85001604545,517745418123,210520526031,307224892092
STB,0,0,748094546000000,693122476000000,54972070000000
STC,174592785452,39939018626,214531804078,75924527356,138607276722
STD,323042970488,114670804275,437713774763,163285160712,274428614051
STG,1123443825972,1926333162519,3049776988491,655208642399,2394568346092
STH,177440867951,36140299162,213581167113,14492936252,199088230861
STK,990975034059,2847636602038,3838611636097,2098032655263,1740578980834
STL,0,0,0,0,0
STP,140498267898,35755206360,176253474258,35134261289,141119212969
STS,0,0,0,0,0
STSC,0,0,0,0,0
STT,0,0,0,0,0
STU,0,0,0,0,0
STV,0,0,0,0,0
STW,141751884297,165507682802,307259567099,34401469093,272858098006
SUM,0,0,0,0,0
SVC,5427110691763,3537868928109,8964979619872,6620226080096,2344753539776
SVD,130602046306,223346111074,353948157380,94219605139,259728552241
SVG,121866050559,268792415107,390658465666,87552721207,303105744459
SVH,85467485338,422157110623,507624595961,286825037522,220799558439
SVI,1047378163141,306252398514,1353630561655,481308620485,872321941170
SVN,53927047784,179585461864,233512509648,8834923573,224677586075
SVT,65373345875,171293585935,236666931810,1307458017,235359473793
SWC,689562453965,1476947286569,2166509740534,273741698223,1892768042311
SZB,448015505307,1130060915883,1578076421190,899460371384,678616049806
SZE,272865731727,344676452360,617542184087,256040132942,361502051145
SZG,1774235113712,2144840293749,3919075407461,3009029057849,910046349612
SZL,257676242016,1628239153648,1885915395664,1254331614772,631583780892
T12,0,0,0,0,0
TA3,0,0,0,0,0
TA6,0,0,0,0,0
TA9,1801013125541,152031574250,1953044699791,1788031351535,165013348256
TAB,0,0,0,0,0
TAC,0,0,0,0,0
TAG,0,0,0,0,0
TAL,6213054032880,3131185325221,9344239358101,5126772942820,4217466415281
TAN,0,0,0,0,0
TAP,0,0,0,0,0
TAR,0,0,0,0,0
TAS,0,0,0,0,0
TAW,0,0,0,0,0
TB8,0,0,0,0,0
TBC,235477045312,1284340123104,1519817168416,154979014918,1364838153498
TBD,1562030097086,331642211987,1893672309073,1263424086462,630248222611
TBH,0,0,0,0,0
TBN,0,0,0,0,0
TBR,0,0,0,0,0
TBT,0,0,0,0,0
TBW,0,0,0,0,0
TBX,16169547953,8126484768,24296032721,4078372875,20217659846
TCB,0,0,978798549000000,830858928000000,147939621000000
TCD,5830328277550,3435022780094,9265351057644,5396821424138,3868529633506
TCH,0,0,0,0,0
TCI,2077520343415,138543866923,2216064210338,965564223510,1250499986828
TCJ,0,0,0,0,0
TCK,610060877444,267357296091,877418173535,915064018641,0
TCL,659120318659,449101196971,1108221515630,461370886191,646850629439
TCM,2690037141466,1205497272905,3895534414371,1623794701003,2271739713368
TCO,1073348375231,877221594819,1950569970050,1614025186370,336544783680
TCR,642218712107,345285556347,987504268454,622741919433,364762349021
TCT,330505329732,12527764077,343033093809,6670983429,336362110380
TCW,450406223866,203384045479,653790269345,281709334764,372080934581
TDA,0,0,0,0,0
TDB,0,0,0,0,0
TDC,1980573824407,2424349806391,4404923630798,3194784107010,1210139523788
TDF,585565149771,996635725384,1582200875155,816226620727,765974254428
TDG,507591542450,353565815952,861157358402,616906911965,244250446437
TDH,416881871866,285672177102,702554048968,615438083586,87115965382
TDI,0,0,0,0,0
TDM,657457769015,2366200693071,3023658462086,505444386682,2518214075404
TDP,2978286127685,968134360051,3946420487736,2922059268163,1024361219573
TDS,357133576357,6311724924,363445301281,150766695457,212678605824
TDT,449613307903,165568563406,615181871309,335711555717,279470315592
TDW,174277274751,390375647822,564652922573,321761325015,242891597558
TEC,0,0,0,0,0
TED,1194305730391,93338135784,1287643866175,928062744272,359581121903
TEG,905178705099,831584471309,1736763176408,255573122320,1481190054088
TEL,0,0,0,0,0
TET,87665947072,31308617314,118974564386,3948564011,115026000375
TFC,727058138741,215473339471,942531478212,563866946081,378664532131
TGG,143970224919,156540998252,300511223171,119406793119,181104430052
TGP,0,0,0,0,0
TH1,473982562006,302410434432,776392996438,745383526346,31009470092
THA,0,0,0,0,0
THB,218540752659,58488749476,277029502135,129451599170,147577902965
THD,1713805595124,2745825938334,4459631533458,146673808148,4312957725310
THG,1549094250704,627782112052,2176876362756,1420905642637,755970720119
THI,0,0,0,0,0
THM,86745592107,88107042154,174852634261,45917998390,128934635871
THN,96889975861,596097837043,692987812904,265396043581,427591769323
THP,883428731836,444350463608,1327779195444,968127244332,359651951112
THR,0,0,0,0,0
THS,91137179807,28401869840,119539049647,80074926213,39464123434
THT,927390872189,792696375863,1720087248052,1320990042501,399097205551
THU,0,0,0,0,0
THV,0,0,0,0,0
THW,0,0,0,0,0
TID,5069009942921,13025707184284,18094717127205,13847511895147,4247205232058
TIE,0,0,0,0,0
TIG,2110844216955,1989174760047,4100018977002,2284695999492,1815322977510
TIN,0,0,8163104127086,7233270705415,929833421671
TIP,659835480060,1469321131037,2129156611097,316836147414,1812320463683
TIS,2719857774761,7668678732643,10388536507404,8806108280761,1582428226643
TIX,534100597459,677925591978,1212026189437,368718531148,843307658289
TJC,136896926111,41371086182,178268012293,2501059408,175766952885
TKA,0,0,0,0,0
TKC,0,0,0,0,0
TKG,0,0,0,0,0
TKSC,0,0,0,0,0
TKU,737887997274,289637132811,1027525130085,475248632052,552276498033
TL4,77849221041,459132872354,536982093395,355176383559,181805709836
TLC,0,0,0,0,0
TLD,804892268025,250200010649,1055092278674,233801313630,821290965044
TLG,2670706305975,688855057514,3359561363489,1012333480318,2347227883171
TLH,3464044287865,467692156047,3931736443912,2673589564362,1258146879550
TLI,0,0,0,0,0
TLP,0,0,0,0,0
TLT,244829382160,92870351867,337699734027,244851415907,92848318120
TMB,3872904324694,101163419757,3974067744451,3183334524632,790733219819
TMC,173003579142,164190809496,337194388638,143284393803,193909994835
TMG,236062939753,324551514813,560614454566,309243712424,251370742142
TMP,944076540753,1080734770682,2024811311435,485009856817,1539801454618
TMS,2051003715121,6432927705273,8483931420394,3270116100474,5213815319920
TMT,1087959664848,377789850878,1465749515726,1343138698108,122610817618
TMW,0,0,0,0,0
TMX,133851902892,2734699294,136586602186,47038047230,89548554956
TN1,1881332876830,263030995358,2144363872188,1227038753368,917325118820
TNA,1647733242904,433067310117,2080800553021,1579737439513,501063113508
TNB,396919470495,87023236101,483942706596,302069493245,181873213351
TNC,213634116800,160131512674,373765629474,32863850163,340901779311
TNG,2620001939348,3192432977143,5812434916491,3919108305364,1893326611127
TNH,404774221436,2141677144155,2546451365591,693323695276,1853127670315
TNI,634297982318,296381608471,930679590789,427459357703,503220233086
TNM,0,0,0,0,0
TNP,0,0,0,0,0
TNS,221391276726,229171328618,450562605344,372185577608,78377027736
TNT,424416546534,240622195227,665038741761,40236743570,624801998191
TNV,111249559828,186023133349,297272693177,80099977299,217172715878
TNW,80416626380,747229514669,827646141049,625432381306,202213759743
TNY,0,0,0,0,0
ToanCau,0,0,0,0,0
TOP,0,0,0,0,0
TOS,2938182658225,2584873294895,5523055953120,3975450782386,1547605170734
TOT,101363576996,127247748927,228611325923,93344166338,135267159585
TOW,0,0,0,0,0
TPB,0,0,418028391000000,380431980000000,37596411000000
TPC,426641656578,57720180906,484361837484,185299604614,299062232870
TPH,18276413676,32720476567,50996890243,25774250762,25222639481
TPP,1580081175908,828407751038,2408488926946,1852932948423,555555978523
TPS,0,0,0,0,0
TQN,0,0,0,0,0
TQW,0,0,0,0,0
TR1,0,0,0,0,0
TRA,1594031938824,574878989301,2168910928125,553297066462,1615613861663
TRC,587370550047,1606387730845,2193758280892,316847354375,1876910926517
TRI,0,0,0,0,0
TRS,0,0,0,0,0
TRT,0,0,0,0,0
TS3,0,0,0,0,0
TS4,136868004223,151767070589,288635074812,807135062353,0
TS5,0,0,0,0,0
TSA,449507994082,193837714002,643345708084,246935798857,396409909227
TSB,96299832399,20266847287,116566679686,36158726044,80407953642
TSC,1607592819311,1332502681398,2940095500709,476664538614,2463430962095
TSD,0,0,0,0,0
TSG,0,0,0,0,0
TSJ,556255789738,335529320459,891785110197,32895192011,858889918186
TSM,0,0,0,0,0
TSS,0,0,0,0,0
TST,0,0,0,0,0
TT6,332953316100,135392123959,468345440059,238472434619,229873005440
TTA,272786011711,3974282803064,4247068814775,2071255020360,2175813794415
TTB,0,0,0,0,0
TTC,148163156691,12854371036,161017527727,44611264801,116406262926
TTD,236952381558,155778265662,392730647220,68613220800,324117426420
TTE,34204819572,875093102333,909297921905,626107876218,283190045687
TTF,1553305480797,1257006526553,2810312007350,2404004596796,406307410554
TTG,0,0,0,0,0
TTH,611683916509,34381385154,646065301663,234521199632,411544102031
TTJ,0,0,0,0,0
TTL,2432456021691,318196861547,2750652883238,2120634933091,630017950147
TTN,421183333047,155784933311,576968266358,102740199183,474228067175
TTP,0,0,0,0,0
TTR,0,0,0,0,0
TTS,608360900973,680272184215,1288633085188,982672462409,305960622779
TTT,451205014027,19058069460,470263083487,23786620638,446476462849
TTV,0,0,0,0,0
TTZ,0,0,0,0,0
TUG,75400061303,6251887211,81651948514,22485680771,59166267743
TV1,479683111973,575464404035,1055147516008,646023437506,409124078502
TV2,1365301831500,840967129230,2206268960730,897238479130,1309030481600
TV3,153584841709,112132228569,265717070278,110585875399,155131194879
TV4,220888687606,153639985967,374528673573,109790600363,264738073210
TV6,0,0,0,0,0
TVA,98947647721,38842338352,137789986073,47810475468,89979510605
TVB,1161549651797,15348569051,1176898220848,28205903734,1148692317114
TVC,2252874214610,16879340527,2269753555137,268582840739,2001170714398
TVD,1429058303560,1069674015969,2498732319529,1821925409416,676806910113
TVFC,0,0,0,0,0
TVG,0,0,0,0,0
TVH,0,0,0,0,0
TVM,0,0,0,0,0
TVN,12903528058312,12241927834690,25145455893002,15762763229741,9382692663261
TVP,0,0,0,0,0
TVS,6787522628360,597961212986,7385483841346,5051314728251,2334169113095
TVSI,4005803073557,29829569431,4035632642988,819194945807,3216437697181
TVT,924279892629,411290527616,1335570420245,769561930351,566008489894
TVU,0,0,0,0,0
TVW,0,0,0,0,0
TW3,0,0,0,0,0
TXM,166465822727,300252560,166766075287,57076579724,109689495563
TYA,1159973037397,82510129581,1242483166978,692868468351,549614698627
UCT,0,0,0,0,0
UDC,447941262841,406798224006,854739486847,650441643263,204297843584
UDJ,250235202358,190137981199,440373183557,209097511085,231275672472
UDL,0,0,0,0,0
UEM,0,0,0,0,0
UIC,423527321335,298348075262,721875396597,258459198233,463416198364
UMC,0,0,0,0,0
UNI,502786094123,0,502786094123,338561827055,164224267068
UPC,0,0,0,0,0
UPH,292989521837,94104163912,387093685749,231941580577,155152105172
USC,0,0,0,0,0
USD,0,0,0,0,0
UXC,770026513959,98576871585,868603385544,957088865849,0
V11,0,0,0,0,0
V12,574069944231,54992893844,629062838075,466965982819,162096855256
V15,0,0,0,0,0
V21,283343636410,82575252255,365918888665,245189400741,120729487924
VAB,0,0,119832036692533,110965618858745,8866417833788
VAF,1032052328537,39944204476,1071996533013,554667746944,517328786069
VASS,0,0,0,0,0
VAT,0,0,0,0,0
VAV,575141580062,517777553709,1092919133771,385488762700,707430371071
VBB,0,0,162855804000000,154154751000000,8701053000000
VBC,327223931870,72872896562,400096828432,233706312190,166390516242
VBG,0,0,0,0,0
VBH,0,0,0,0,0
VC1,625873727147,82427861703,708301588850,456989114236,251312474614
VC2,2158552815986,632417856463,2790970672449,1860596397304,930374275145
VC3,2858669462881,196093734723,3054763197604,1649087115896,1405676081708
VC5,0,0,0,0,0
VC6,931592895828,72894058424,1004486954252,843959112632,160527841620
VC7,421239240257,1065098159772,1486337400029,435801244166,1050536155863
VC9,624660755960,210848477610,835509233570,772079571744,63429661826
VCA,294871007160,25094356797,319965363957,127608967046,192356396911
VCB,0,0,"2,0854E+15","1,88644E+15",198956110000000
VCC,1179255286421,53107066293,1232362352714,961401107152,270961245562
VCE,0,0,0,0,0
VCF,842528899612,1645959160230,2488488059842,593744351247,1894743708595
VCFC,0,0,0,0,0
VCG,17671610983500,11739341056326,29410952039826,18275771001508,11135181038318
VCH,0,0,0,0,0
VCI,26491835561026,100288918214,26592124479240,13647819031379,12944305447861
VCM,64519185320,29607146940,94126332260,22681023459,71445308801
VCP,1205112931729,3602717785211,4807830716940,2752305084481,2055525632459
VCR,294229111123,4888728218616,5182957329739,3600233442737,1582723887002
VCS,5474954538482,993523472901,6468478011383,1358855867553,5109622143830
VCT,0,0,0,0,0
VCV,0,0,0,0,0
VCW,388915310785,3478164213636,3867079524421,2661456496223,1205623028198
VCX,193141013164,398333494345,591474507509,352314493895,239160013614
VDB,0,0,0,0,0
VDG,0,0,0,0,0
VDL,0,0,0,0,0
VDM,0,0,0,0,0
VDN,0,0,0,0,0
VDP,919077027751,201053289132,1120130316883,362591368935,757538947948
VDS,6096485409864,298502337961,6394987747825,3587377224142,2807610523683
VDSE,0,0,0,0,0
VDT,0,0,0,0,0
VE1,28022360241,1223000075,29245360316,2245909481,26999450835
VE2,37765788609,16289114102,54054902711,51831537534,2223365177
VE3,183718082746,9788327555,193506410301,174137145998,19369264303
VE4,52411904722,9610684187,62022588909,52081841488,9940747421
VE8,0,0,0,0,0
VE9,10499050869,8018476086,18517526955,10059397903,8458129052
VEA,18739743158653,8822019503708,27561762662361,1323517876403,26238244785958
VEC,517634971259,237250901065,754885872324,208080089446,546805782878
VEE,0,0,0,0,0
VEF,87994540134433,10386169087849,98380709222282,94605808475114,3774900747168
VES,2327952840,16988264250,19316217090,5485000073,13831217017
VET,538333851658,322287338775,860621190433,560460303125,300160887308
VFC,758481977923,298410096374,1056892074297,341136606128,715755468169
VFG,2206768659726,287698824480,2494467484206,889244561529,1605222922677
VFR,240982153918,137814073233,378796227151,64595334069,314200893082
VFS,2851776908206,869793719440,3721570627646,2130684566091,1590886061555
VGC,9472350702129,15369884543537,24842235245666,14887107672013,9955127573653
VGG,4076837465714,1213455096879,5290292562593,3112119449354,2178173113239
VGI,48658156050000,14762736836831,63420892886831,27554581581609,35866311305222
VGL,0,0,0,0,0
VGP,4756778063119,30528038687,4787306101806,4552551409089,234754692717
VGR,716871517892,475935997388,1192807515280,193755691040,999051824240
VGS,1326965172915,1007130621446,2334095794361,1249520629974,1084575164387
VGT,9355325355572,9781761116017,19137086471589,9845366058868,9291720412721
VGV,912201168149,241361555097,1153562723246,669974549712,483588173534
VHC,8241100250428,4007952460919,12249052711347,3247184282202,9001868429145
VHD,3480639553650,679470417101,4160109970751,4092201863100,67908107651
VHE,294361869513,199748722133,494110591646,135652775054,358457816592
VHF,314933760171,40192772318,355126532489,126365371802,228761160687
VHG,12482518306,135132028714,147614547020,11277213118,136337333902
VHH,0,0,0,0,0
VHI,0,0,0,0,0
VHL,422372440934,306560494171,728932935105,257078274437,471854660668
VHM,287465943000000,273258247000000,560724190000000,340281150000000,220443040000000
VIA,0,0,0,0,0
VIB,0,0,493158366000000,451296560000000,41861806000000
VIC,400374790000000,438841410000000,839216200000000,685698650000000,153517550000000
VID,636573707232,491400231546,1127973938778,454163452394,673810486384
VIE,0,0,0,0,0
VIF,3563961076791,1903334174488,5467295251279,470127864679,4997167386600
VIG,224572668332,148363582389,372936250721,16500297159,356435953562
VIH,174587875519,175890221264,350478096783,271288263343,79189833440
VIM,33485968024,12175795071,45661763095,22397451280,23264311815
VIN,189898527513,406872458465,596770985978,23000122016,573770863962
VIP,1019511305169,374696833962,1394208139131,106119838381,1288088300750
VIR,0,0,0,0,0
VIS,0,0,0,0,0
VISE,422417999326,16476152877,438894152203,29160502074,409733650129
VISECO,248858435679,7688482131,256546917810,925690393,255621227417
VIT,968449342871,1146795928491,2115245271362,1481375300427,633869970935
VIW,1392841495275,590808296683,1983649791958,1271916480283,711733311675
VIX,19558155308985,48170088620,19606325397605,3561584498167,16044740899438
VJC,42388578733114,57135100438279,99523679171393,82593526197906,16930152973487
VKC,193670186593,49617527523,243287714116,485430420710,0
VKD,0,0,0,0,0
VKP,0,0,0,0,0
VLA,45847959039,4245913364,50093872403,6029969541,44063902862
VLB,697678276510,300813988561,998492265071,341331300264,657160964807
VLC,4095775272516,2738207494178,6833982766694,826304986112,6007677780582
VLF,0,0,0,0,0
VLG,164800586261,64972726023,229773312284,52444286717,177329025567
VLP,0,0,0,0,0
VLW,318710114153,293956265795,612666379948,136183603034,476482776914
VMA,0,0,0,0,0
VMC,1168221835760,237095397838,1405317233598,1048452207949,356865025649
VMD,1170493383799,221096043478,1391589427277,973920486801,417668940476
VMG,0,0,0,0,0
VMI,0,0,0,0,0
VMK,0,0,0,0,0
VMS,132668736530,106788423744,239457160274,87810337411,151646822863
VMT,0,0,0,0,0
VNA,360796526906,448060332357,808856859263,231694514575,577162344688
VNB,347162799367,783551879415,1130714678782,28399229318,1102315449464
VNC,257397353262,148032514706,405429867968,125411292190,280018575778
VND,43105620017289,1189156655182,44294776672471,24579707979260,19715068693211
VNE,1593702934487,1617409603063,3211112537550,2445427628936,765684908614
VNF,616367753830,368509315792,984877069622,362084255439,622792814183
VNG,1585253548615,2975207392520,4560460941135,3436840171990,1123620769145
VNH,0,0,0,0,0
VNI,0,0,0,0,0
VNL,359500564189,96873845402,456374409591,158961601435,297412808156
VNM,37553650065098,17495411471963,55049061537061,18874658707398,36174402829663
VNN,0,0,0,0,0
VNP,193791454048,173383408297,367174862345,70554269099,296620593246
VNR,5466527432290,3311199532491,8777726964781,4832809188149,3944917776632
VNS,395770686485,1459432991380,1855203677865,705620216581,1149583461284
VNSC,297860925290,42100140878,339961066168,61976429919,277984636249
VNT,481576166654,190466078999,672042245653,455243219317,216799026336
VNX,0,0,0,0,0
VNY,59720914269,96082908132,155803822401,54764992782,101038829619
VNZ,4361961211988,5097865448448,9459826660436,8189648611917,1270178048519
VOC,1722435692284,500321551597,2222757243881,56484993044,2166272250837
VOS,2098918083779,792273653159,2891191736938,902267290634,1988924446304
VPA,28816119931,262016878661,290832998592,351479809932,0
VPB,0,0,923847637000000,776572375000000,147275262000000
VPBankS,26459147551141,254779243339,26713926794480,9310168363205,17403758431275
VPC,0,0,0,0,0
VPD,318750519866,1415149148137,1733899668003,330844472248,1403055195755
VPG,7825951941458,620508785696,8446460727154,6841244515383,1605216211771
VPH,1335992085233,594779874463,1930771959696,833535635988,1097236323708
VPI,5152291995215,5991866495609,11144158490824,6067073096757,5077085394067
VPL,0,0,0,0,0
VPR,0,0,0,0,0
VPS,470704841806,94242164585,564947006391,220436806278,344510200113
VPSS,29820730514648,549983073549,30370713588197,19005650842696,11365062745501
VPW,0,0,0,0,0
VQC,0,0,0,0,0
VQSC,0,0,0,0,0
VRC,1250674896492,488846978379,1739521874871,478175898672,1261345976199
VRE,12312424000000,42913731000000,55226155000000,13303514000000,41922641000000
VRG,411401140736,623105268275,1034506409011,627470243727,407036165284
VSA,485519175100,131682564327,617201739427,274558809398,342642930029
VSC,1811557308602,6110441325668,7921998634270,2899013876257,5022984758013
VSE,0,0,0,0,0
VSEC,142526707935,13178662948,155705370883,1303230133,154402140750
VSF,2823707611076,3501974283346,6325681894422,3896248197159,2429433697263
VSG,0,0,0,0,0
VSH,1099736290561,7508146038779,8607882329340,3924581896851,4683300432489
VSI,242946545663,286318675272,529265220935,337202308131,192062912804
VSM,77429860088,46957698014,124387558102,36457169525,87930388577
VSMS,0,0,0,0,0
VSN,1720635705975,385337565390,2105973271365,810977773082,1294995498283
VSP,0,0,0,0,0
VST,208182401292,169793374506,377975775798,1047085946702,0
VT1,0,0,0,0,0
VT8,0,0,0,0,0
VTA,0,0,0,0,0
VTB,127781100761,109854871151,237635971912,45575248674,192060723238
VTC,237668670688,20042821273,257711491961,177294743087,80416748874
VTD,160977117769,68811093566,229788211335,87051689018,142736522317
VTE,303076766519,8486357502,311563124021,142107650105,169455473916
VTF,0,0,0,0,0
VTG,137763272444,66972585660,204735858104,36393147331,168342710773
VTH,399884102358,110509070076,510393172434,411522348742,98870823692
VTI,0,0,0,0,0
VTJ,14346916849,90116502722,104463419571,7658814780,96804604791
VTK,0,0,0,0,0
VTL,0,0,0,0,0
VTM,0,0,0,0,0
VTO,1085743260395,530069039831,1615812300226,447056850849,1168755449377
VTP,4679741123315,1669238006382,6348979129697,4755171422107,1593807707590
VTQ,36541461928,162153263144,198694725072,70481369237,128213355835
VTR,2519120469036,129500260749,2648620729785,2166609152373,482011577412
VTS,0,0,0,0,0
VTSC,294626134225,10141162223,304767296448,1705900978,303061395470
VTSS,90764847637,39306291641,130071139278,25325114694,104746024584
VTV,739656199925,214298827470,953955027395,557336520284,396618507111
VTX,68863465562,152677645255,221541110817,136396734000,85144376817
VTZ,2178452518143,231215871392,2409668389535,1590890363606,818778025929
VUA,256084531403,13419647366,269504178769,1624043326,267880135443
VVF,0,0,0,0,0
VVN,2853421236231,2031817751316,4885238987547,6950763133634,0
VVS,2280909131485,37551094522,2318460226007,1965519375179,352940850828
VW3,120993027366,735526204,121728553570,76954812831,44773740739
VWS,0,0,0,0,0
VXB,0,0,0,0,0
VXP,0,0,0,0,0
VXT,0,0,0,0,0
WCS,273541568116,34077941186,307619509302,42025992859,265593516443
WSB,558161590615,365360493752,923522084367,155695945427,767826138940
WSS,454136910953,33469449121,487606360074,4664781525,482941578549
WTC,0,0,0,0,0
WTN,0,0,0,0,0
X18,0,0,0,0,0
X20,502200532059,190119301228,692319833287,402086685094,290233148193
X26,0,0,0,0,0
X77,0,0,0,0,0
XDC,0,0,0,0,0
XDH,477877211448,379748033183,857625244631,307671197613,549954047018
XHC,475161554860,202206064674,677367619534,311814141122,365553478412
XLV,0,0,0,0,0
XMC,2240210976240,705687160867,2945898137107,2056869363546,889028773561
XMD,0,0,0,0,0
XMP,11927286540,372165780033,384093066573,210770146251,173322920322
XPH,39432465152,108481532483,147913997635,3418676359,144495321276
YBC,0,0,0,0,0
YBM,316521759923,307178808028,623700567951,436345041115,187355526836
YEG,1482481086696,1009844940900,2492326027596,985419081745,1506906945851
YRC,0,0,0,0,0
YSC,0,0,0,0,0
YTC,0,0,0,0,0