MaCK,DoanhThuThuan,LoiNhuanGop,LoiNhuanThuan,LoiNhuanTruocThue,LoiNhuanSauThue,LaiTrenCoPhieu
AAA,12782355466948,1488874039290,410860502242,407929704810,310126892347,0
AAH,1171901547172,50413302276,36663393826,26023785608,17826187239,151
AAM,153483344374,4359664475,-3726008322,-6303936748,-6312368664,-604
AAS,409538425164,247148422547,109802759224,102525900897,79901608933,347
AAT,582832152244,54958501990,36798940,3378534748,-445414922,-62
AAV,38485998242,-92032770,-13293446337,-13640457070,-13640457070,-173
ABB,3035259000000,0,2181451000000,794660000000,610773000000,0
ABC,1146997928816,1007672064,18489275785,18467115634,14481951949,710
ABI,2153284689756,694430340705,255532216318,256144304898,204717146978,0
ABR,26703698429,21460359350,26408028351,26281607352,17959180480,898
ABS,396140857414,6291310700,11530034994,9572916021,2559401141,32
ABT,574119095281,107555717064,91063176851,91276939023,81756052567,6942
ABW,379455976931,270307841003,141919890391,139770503450,110266827396,1090
ACB,27794702000000,0,22612156000000,21005871000000,16789768000000,3669
ACC,703993977474,109683471516,63596109836,67743899378,53013436443,502
ACG,3980864021638,1251359909087,574855564191,523893633928,420115071480,2786
ACL,1748735062071,189327774868,13495578027,13175245015,10536956998,210
ACV,22554602968650,13813367936240,14299443517504,14332852757948,11576593004986,4741
ADC,411845847050,139317696152,17626554505,17598246183,14078596946,3539
ADG,464199961680,72865929263,28352140710,27184379527,21114304155,828
ADP,0,0,0,0,0,0
ADS,1629125227359,133233448330,57890479910,64905543676,56053340028,0
AFX,2057034336851,69933797265,32386833450,34786636420,27927396520,798
AGF,506856558830,51572479984,-1043418673,-3824246432,-3824246432,-136
AGG,1913398478509,593473568303,306828547284,301619529470,261003901664,2242
AGM,240919812502,-415757714,-252484468977,-251401359996,-251401359996,-13813
AGP,793261193442,233016962350,60595199807,60481183498,48894940952,2025
AGR,412896892995,300927415668,168857093433,168543782608,135152065932,627
AIC,2356140451956,180656968506,15847192847,15497804753,11372576718,0
AIG,12386543096944,1964710710159,1036492666411,1042237331013,841610270466,4006
ALT,414845942519,48114650662,3792037587,3813970236,1700205147,296
AMC,159789927069,64107327938,8282239910,7963194521,6186953400,1901
AME,3371087038356,151878369023,29017023770,28850845768,22967968509,352
AMS,3432318861415,317144589285,94083327933,65287342743,54689190246,911
AMV,309827146588,32708488649,-6636221641,6284158251,3334576695,36
ANT,1444280778883,349442170998,84398161763,85001474438,71608857807,3855
ANV,4911265972913,560372104802,119281689339,78513586158,48406232686,317
APC,131101428097,31742943973,-20560066182,-20359327376,-20859878771,-1048
APF,6561666425115,588476936618,162057709291,161758049231,156869218933,5164
APG,131294482810,-101377977814,-146254789137,-146174367275,-149252024828,-750
APH,14192696932359,1788244853719,427115971923,422794530291,308499580446,0
API,209580465103,75877336939,-15809478823,-13167823681,-19403382296,-232
APS,238090038677,12452373034,21085440133,20569033750,21839072600,0
ARM,329859793051,36436210011,5791403260,6037181300,4772506039,1534
ART,810594636,-5224703630,-19697377904,-20964065888,-20964065888,-216
ASG,1915534107117,305083677969,78865970001,78102786600,53476646270,319
ASM,12013117890000,1380915215783,336968232319,316035009775,253265295115,523
ASP,3306339272217,323943757585,-8109153517,212569540,3839413830,134
AST,1330042251352,813143277614,256266995959,256088365005,202378837412,3179
ATG,12813696308,4014934951,332114297,246438633,9773309,1
ATS,50615224450,2647951665,775877300,354145677,198740216,57
AVC,752328702442,404514411148,373185608428,376658166180,302171925726,0
AVG,686885399725,31520937662,14032497749,13560277750,12805817408,718
BAB,3321210000000,0,1411691000000,1260278000000,1011255000000,0
BAF,5553656895109,738017016685,286019649910,393229314298,323869639379,1355
BAX,72989804812,41299972630,33549185182,33865001975,26578738211,3241
BBC,1780711929951,621655021573,131548056734,131607923042,116700028048,6170
BBM,58481897633,13780658966,860266974,844923152,640540399,320
BBS,355507372286,36432410381,8907066354,8692467719,6186113313,1031
BCA,5528816582131,167608835065,-51036595693,-52895753018,-51542684979,-2713
BCC,3487978470438,300372359617,-26532260780,-8133203878,-8133426100,-50
BCE,254214077693,89033332108,57244456169,56227483841,52052940752,1086
BCF,761888236324,200334704171,129958940428,133034065429,106860498086,3152
BCG,4371857554867,1150049927558,882347082040,999352326942,844797960881,0
BCM,5195123457122,3392262537911,2467849404921,2451489518457,2309721093748,1923
BCR,669293653728,127655132835,282622040121,306808884285,258868101184,557
BDB,69059167443,6109657737,760524377,886702562,687854921,0
BDG,1816529657684,312335413351,203226283015,209278178786,174651060653,6591
BDT,188106088619,54337124180,-16509327430,-13531458705,-14282343628,-344
BDW,285225152800,101112481833,41520542265,44964355264,35904572211,2893
BED,79516683126,21129690716,7575227297,9495033580,7492371842,2373
BFC,9358243746877,1393574129207,531573724714,531112811455,428073542058,5640
BGE,1277960452464,628668244424,441279227848,468038477135,394320363622,489
BGW,179980998434,69642411243,15080920731,14889166688,11487759308,633
BHA,364125331903,243193484990,176371294119,169584534959,163041675630,0
BHC,7636981845,1773607644,631650151,459010396,301032990,67
BHI,2885082483183,-31158545914,8360698979,10800552310,8098598747,82
BHK,154588021348,39369912736,3388994476,5768708337,4588485589,952
BHN,8219620812274,2185624392370,491172168061,518620224902,402838693548,1649
BIC,4263652481420,1187229359068,649490989629,650026189696,499926615540,3131
BID,58007600000000,0,53269569000000,31383041000000,25121739000000,0
BKC,567481233266,95771153349,64968061624,66062998199,53911449645,4593
BKG,289023851965,28433874301,19706387478,18874428610,15221663388,213
BLI,1250751633361,219755254220,81293430179,82075769273,65192731818,1066
BMC,195319562182,53809562358,32115783361,32116848261,25541438834,2061
BMF,3420009031516,76228561446,20620046869,20285068242,16148959380,0
BMI,5122748106370,252676628914,270155500675,272733651732,237674042228,1639
BMJ,535069458414,78057354626,60804415045,60770595613,48560175521,462
BMP,4615678655546,1988626867992,1228940159698,1240532853687,990761729138,12103
BMS,292317180642,173296030049,98532451946,101285633775,81536860646,0
BMV,649783859237,38193096040,3370711115,4361695462,1876727670,0
BNA,1726061598246,179938097397,71034454048,69071046151,53764585280,2135
BNW,286984251029,89220276445,60133523840,61197534230,51279213733,1358
BOT,413925301481,357287322257,248394140256,248394125256,248394125256,4193
BPC,268896118470,24538241610,1420627535,1526246101,1110730415,292
BRC,419054292150,82616595128,26885074380,27005998078,21702461466,1754
BRR,398361764594,96735427594,106023540744,151075328042,132441971503,1177
BSA,296141935115,112693938189,75200561537,75075866392,70295431056,1052
BSC,11150559393,5964319046,2772040440,2772040440,2161232352,0
BSG,627512823414,93967072295,44292590631,44870618278,44870618278,0
BSH,638420842021,61503892698,51768245635,51817739641,40994097751,2050
BSI,1410672301781,865271775516,515160652177,515685500462,413071438156,1956
BSL,935030033556,56203659587,50738496376,50742220842,40363698264,808
BSP,393670180890,29065163485,8457505616,8463915098,6639201584,531
BSQ,1993145618946,147589659535,125100716810,125405305504,100030328206,2080
BSR,123027071014650,436229788787,652262300853,680185076861,585338384397,202
BST,83827432801,10643543811,2036165368,2100824633,1620250917,0
BTH,1814581527929,1017724061477,886536481781,887602934186,710071766324,28403
BTP,357406763322,18191894479,36687995303,35555338483,34986302624,0
BTS,2609613580989,-7501350091,-252393956081,-197780397686,-197780397686,-1601
BTT,276517719628,131586895763,59366055502,59333204213,47046105267,3476
BTV,1174633846252,158555431114,39060908547,36931504104,29612710004,0
BTW,561464712365,218034994172,58895187393,59018854497,47058961483,5028
BVB,2306247000000,0,1002427000000,390590000000,311252000000,564
BVH,39862204136345,-2327410087321,1123628115578,2620410226576,2157033004533,2809
BVL,805020057515,94729038180,21868092987,26624654397,14506003125,90
BVS,990555836109,489881957954,205248611671,205133560954,171317038587,2315
BWE,3958979633852,1693211157367,730875241896,741078844714,664091107284,2423
BWS,744580341694,436596683469,285002344122,285322946630,255255933688,0
BXH,170165944457,17238993625,-734937668,756480862,543386290,0
C21,93251958232,62705140828,-4669953027,20256020098,15557368365,752
C32,626831909349,61936577451,8988888916,11391634265,11339231513,755
C47,943790939631,83845678698,1281107823,10109206345,3762822351,108
C4G,3171234279220,455021139594,212257632708,213464692677,178739586792,502
C69,1144998079035,55294917744,29426678376,28863927972,21957491260,0
CAD,14940277511,-436216698,-76518092790,-77602543863,-77602543863,-3731
CAG,38371820418,1709426415,-5227362339,-820192838,-661573169,-48
CAN,681810329515,137492313353,2910334574,2827701632,1540437342,308
CAP,591753292991,91450333960,41433564664,39798810685,30921885524,2922
CAR,41719645246,14940187394,4814719950,4779020716,3817784270,0
CBI,2188112421848,-1539130308,-144582425228,-150442421215,-150442421215,0
CC1,10157191034709,483944743453,315038284854,324755064236,259034460756,614
CC4,456492806532,34875041450,31249301766,31666445311,25815015107,269
CCA,1298479992202,151671713887,10328819029,12065805279,10003658308,597
CCI,423749900407,40908098516,41879987209,41301571871,32827950428,1650
CCL,301510530439,105649060120,56575577615,53508726270,42364525565,640
CCR,178096396187,48778474067,20683878562,21087940991,16950645276,0
CCT,156103579385,31583931377,6229829890,5502360615,3648786668,133
CDC,1167062556707,70746374625,5988417293,16891088522,28715511917,1257
CDN,1452619154002,517534571394,371015453057,375291204821,301338435308,3044
CDO,22230523406,2075483249,-1842734916,-1926359797,-1926359797,-61
CDP,3208679818247,235904464993,26491178224,25787566982,17206769405,0
CEN,94883175209,5751623092,976408901,230628345,28768121,0
CEO,1307837430269,351108042794,241328189584,241488890563,169854814868,0
CET,85209344106,4659183956,204650522,190811627,65111617,0
CFV,293676622715,68892730911,56242052602,59525008253,47027665471,3718
CHP,814199531520,421369733121,332095197966,331957503429,313762375040,2135
CHS,629900704992,119736265443,44051541382,44235682608,35271626429,0
CIA,123106972488,34375108282,7889446804,5956336986,4515878505,242
CIG,94444115464,28196354603,12367355281,64399096086,64399096086,0
CII,3040558120766,1682760904369,664142072044,616821449627,638804024015,783
CJC,387378730941,30772920570,3697620986,7819705878,7819705878,977
CKD,1255074124460,125247059581,106973176120,104560209175,97851151885,0
CKG,1341451162943,352594379344,163742669953,158419461859,126250390852,1325
CKV,908245631120,46005303114,3664643021,3605640614,2782588005,694
CLC,3691723816321,407010737739,189488093767,190291997878,150229088842,5159
CLH,661186027676,94303622637,48543999457,48504796282,38679263999,3223
CLL,322046854786,139739652855,121943934562,124372310729,99350352899,2726
CLM,17524760208468,389625028827,154733854206,185300059814,143281398506,13026
CLW,1303449271732,195963018475,66723929027,67005013378,53446789975,4111
CLX,517918018543,158931443064,218409695376,219691079074,197714159291,0
CMC,78642081396,10188701255,398703006,338226893,80004450,22
CMD,771459885921,87721431032,37650289879,37565401011,29986425816,2566
CMI,36172276710,-2559843681,-13419244004,-20472856498,-20472856498,0
CMM,2647849213361,387124589261,81897121439,103966894389,88754501292,0
CMP,383675351036,95441883360,30341813098,30243170509,25299466155,0
CMS,202066527362,15313442743,501250491,6866509135,4960432175,195
CMV,4609002093685,187715135254,-137176778,14105741507,9635176256,428
CMW,135974693252,50697193396,16618293721,18318652312,14233870369,0
CMX,2981141404986,408135845787,97680610564,113213393981,96988181676,0
CNG,3516782742983,284972456676,113697860276,113767696377,90795554158,0
CNT,233265940693,173940731573,162987659978,166267167754,134166052946,2668
COM,4106543929913,198284619112,35314479067,33627719338,26814525232,1899
CPA,30302374349,6750629875,-17345943716,-16648193204,-16648193204,0
CPC,190029517976,41060547161,12632622418,13816996910,9150901982,2242
CPI,37098976163,4419704581,1010420718,2168023210,1990858716,55
CQN,662274555759,194961518424,128787525826,149747209426,119211903372,1588
CQT,592693625998,51140509414,4250035430,4196626625,3969469070,159
CRC,447030635182,73348240963,44794562998,67611465709,66740121196,1290
CRE,1538861395434,296283872210,94196373424,58265510565,42837174866,91
CSC,590361400052,105265886409,38050506700,27079004307,20431470502,409
CSI,11514698052,250683453,-13177043511,-14375839838,-14375839838,-856
CSM,4712176016962,624976962156,70989671639,89101474908,76313142139,0
CST,9465414074279,481469074669,136375786992,175158529011,139744444444,3261
CSV,1855578766161,504857378426,327211422006,328271194726,258097064113,2811
CTB,684754473081,137427196120,59867428937,59665895606,47317289001,3459
CTD,21045158770378,712515105237,306498724661,386562030631,309592561393,3320
CTF,8171292441970,464433481945,28984366215,58018315287,50932384458,552
CTG,62402793000000,0,59357149000000,31758320000000,25475009000000,0
CTI,1118665972237,426367956271,131890601924,131513906607,120613747555,1947
CTP,37776526169,786116339,487342140,487342140,389873712,0
CTR,12612944887926,882700734313,674336340710,671816187507,538692641780,4709
CTS,1201799438231,676271138259,285114140997,287391524778,231086774298,1554
CTT,2292680784030,159175847593,17423379282,16794050627,13174085520,2805
CTW,495575643536,251056629514,136268242908,132040097249,104445865188,3198
CTX,160661597738,49316579815,1268228201,14313528266,11366474712,145
CVN,95730274466,13252908357,3315885503,3156585900,2822649004,95
CVT,1711849859917,263439860649,88262716686,84538989851,59817899827,1630
CX8,90020771803,3681733953,563922438,584384949,457692952,0
D11,106293882447,16008622216,665735391,4811646115,3896943492,428
D2D,346321381873,154928552035,112680038316,110701283890,88209222744,0
DAC,38218883913,3694376912,-2373112879,-1951299293,-1951299293,-1942
DAD,500005871936,78792454168,15613875675,15511896527,11421629529,1839
DAE,66760159719,18232291008,4089880299,4067979695,3165372456,1315
DAH,74268617674,28518406798,10949939008,11816972416,9307353714,111
DAN,564732021223,293216534711,98080526507,93328027466,71937041668,0
DAT,2938534598760,84888407176,65561719371,65543577817,58876691423,894
DBC,13573523231898,1932209293709,834528520100,850683626312,769070818247,2298
DBD,1727548387571,832573248856,329086211871,325135524332,275181949187,0
DBT,868411587644,345992357592,17048134906,20529624580,13693358381,0
DC2,250229267995,35244441858,8383682059,8276220982,5561838041,507
DC4,1094711919843,241103190056,152052666037,152113733156,122336155703,2226
DCF,1326405070911,109128926079,49652449846,50019618449,39384164583,1224
DCL,1306797442020,204703984677,68767242251,68776802257,54145499702,733
DCM,13455585149640,2384750012014,1249825608454,1448586860905,1341452428049,2286
DCT,94879164053,6948190902,-86620760057,-80205239504,-80205239504,0
DDG,357793955736,61539082595,-647842804,15889968680,15468706255,0
DDM,258858166760,-39117643479,-208323577255,17121984694,17105549617,0
DDN,1392658709594,89986346170,2213273577,9243823246,7331313542,478
DDV,3367693196873,363270921035,211688241939,212317654428,169466760730,1160
DFF,291646906374,-5042623238,-396665457080,-402333301965,-402333301965,-5029
DGC,9865301938473,3498556241379,3414160144988,3402608444483,3109580224213,7398
DGT,269834576628,65331444465,-30049063678,4805191022,3217762592,37
DGW,22078260362207,2055483405899,556488874659,568950772752,448547310254,2419
DHA,296193414952,86727346067,75610276808,68270487826,51706620002,3512
DHB,4439477098072,277074065077,-191136313736,6261379992,6261379992,0
DHC,3596507144729,426030312527,271091794518,279225253542,242198614252,2947
DHD,664941272431,210171006444,48584378885,50728072310,40544914055,1451
DHG,4884867655092,2137766133150,978656370753,904484566816,778920119960,5763
DHM,3426213502971,26313882908,3594022559,3629750638,2545941152,0
DHP,237782477047,35065922891,14308384311,16005892777,13004714222,0
DHT,2086352824613,219818399204,82683615726,95221746275,75194063435,0
DID,238359453631,16285791163,1613993231,2112585489,1371973481,88
DIG,1314524344563,332300584221,169766600164,164893810143,102415870108,0
DIH,222112989462,39829069488,17459889307,17459889307,13567007345,0
DL1,547959392195,192684615489,40117930067,38296727025,33134910321,13
DLG,1031980846097,298830991650,-36791302619,257949776799,250202763119,705
DLR,12319501255,5772299228,-2501813002,10955523451,10823780258,2405
DM7,868155807971,128095486948,75981317220,68883021571,54688214885,0
DMC,1899426872221,417480322565,249584323793,253446906527,202704519997,4961
DMN,804254065280,75373730503,4050684927,3811888035,3532992739,0
DNA,2630406446317,515705166597,189862222254,197030001681,157554065593,2175
DNC,937408787887,77057432162,53388845677,53491723905,42072932658,5241
DND,94510130009,13261927300,-2513755114,-7072208061,-7072208061,0
DNH,2080599352666,1090175726487,1108503754336,1110128937213,910238152596,2146
DNN,644687222815,192932934401,103069767837,105593468819,94776969162,0
DNP,8898445300977,1504340090581,421445186638,228706945827,192598905427,337
DNW,1282996622921,492458179110,384383751052,386169572792,346066572470,2506
DP1,2025737354729,331424123792,140047054014,168741554248,132975841659,5657
DP2,200193410113,17754467269,-5774106721,-5222175635,-5222175635,0
DP3,417485438238,276053827739,151849335627,151915020429,121171578583,5636
DPC,31372875776,10354660555,-1851344100,-1761099467,-1761099467,-787
DPG,3577129672372,545088016869,353049366721,343022426438,303233549337,3545
DPM,13496142223703,1898080028247,738422779520,742878358817,610416287634,1221
DPR,1224567614835,388143814651,345721377437,402747248968,344276195177,3217
DQC,819277720976,190188247301,-102183158734,-100525900744,-101646259991,0
DRC,4673028857122,729459328514,290644657259,289111939031,231689620695,1950
DRG,1191685595511,295160918728,179469520076,163185994231,124581818732,525
DRH,2660045210,-2892674123,-184758979570,-187575946803,-197323703977,-1594
DRI,470442520495,189578993300,141090945375,139676389989,110402882736,1489
DRL,91341413148,59414124436,55973191379,55973191379,44647616917,4375
DS3,51242863961,15199245587,9656176201,9788585713,9788585713,0
DSC,503109234914,337621478256,220698430617,220685259006,176819852316,0
DSD,169100821994,56973642336,12916809726,13019577466,11362533295,310
DSE,807411969647,387934429377,213539404141,227501485005,181770625492,0
DSG,46081820884,1674836574,-13306556206,-18649193340,-18649193340,-622
DSN,217636663313,132017120770,116317899761,116370968830,92592415761,6520
DSP,194080618998,-39118467379,-21431698034,-20929517292,-20929517292,0
DST,53034478392,1292274236,-2478814830,2921950524,2214434675,69
DTA,140990451318,21897862411,91122150,3747824070,1777891388,98
DTC,141521957080,-12719476086,-32099285738,-36955501333,-36955501333,-3696
DTD,494573791771,220720692324,220688351247,220078911872,175832879507,2247
DTG,364131608347,77890236093,28585504256,29027556153,23137343805,2770
DTI,620650947433,1679700072,446951808,311949041,175798178,0
DTK,12839645638671,1244546493446,747826684100,751634727765,690292145065,1014
DTL,2006659874277,-1986005498,-103406262396,2073984548,2073984548,36
DTP,1293252290335,681468916200,264035620882,263986114877,237211269568,0
DTT,197386384524,33705511831,15683637088,15400089950,11616392827,1425
DVG,174782026993,5314046455,-651088470,1348431645,1159193678,0
DVM,1579969259142,141054933309,59897214209,57477445986,49723578250,1162
DVN,5521801445146,613403695600,504262839090,533751101827,486695245001,1760
DVP,694341855567,326912995943,377168425953,403034350211,336224822010,8406
DWC,287650158554,166430689695,49697402672,54862117404,49174003468,1560
DWS,488807515091,156990103419,58030074007,55328920346,49451570519,0
DXG,4733193172494,2284828685686,691786284620,727690367519,454224823668,359
DXP,681740913400,81573959172,67545641992,67517343725,54151350676,904
DXS,2375608601388,1157091684926,347843831338,339426803954,252544149803,244
DXV,177625193206,7632617537,-6931269231,-5680080988,-5680080988,-574
DZM,21391226747,4214323906,-698108988,-904722405,-904722405,-168
E12,66449464733,6242834075,513680216,542762342,142492248,119
EBS,72619116292,28698320559,18477667474,18482218077,17085623194,0
ECI,3775281685,720771406,-6367447886,61919133,-474872429,-487
ECO,454052455516,29888879110,16805156205,17583413935,13954575584,698
EIB,5923525000000,0,5157489000000,4188417000000,3326804000000,0
EIC,10972911239,1926215020,51059459311,51098201316,51095851370,1393
EID,1131861293497,293242580106,95488833610,95552082136,75752152338,5012
EIN,40721510970,8105424521,-20539875789,-20800849182,-20800849182,0
ELC,800145221381,246041599793,119760139622,116875679920,101148079325,1158
EMS,1848069710316,308190176870,86943462366,87259475080,65774645573,3132
EPH,103578954128,39291541699,9188936813,9018601142,6710500146,1350
EVE,741241688662,233084631119,-27309491491,-30071523464,-30443186461,-751
EVF,1444335000000,0,1349080000000,703774000000,560822000000,704
EVG,1192244445297,58620979834,61122008688,55730596746,43028313419,189
EVS,251595463296,108240384792,21358582969,21323644300,17177035087,0
FCM,469074237334,48644837791,4528645125,2755642699,1005253301,38
FCN,3374697356483,442257760792,62736700608,60698731944,30182353557,60
FCS,405808298698,67124288687,-2622630827,-1480043178,-1480043178,-58
FDC,28938468889,20321725610,6459458578,5062047483,5062047483,131
FGL,15802593027,6584033413,-10065524589,-18316351386,-18316351386,-1248
FHS,4093509173396,1043625260689,70672512968,72523946612,57685058789,4493
FIC,1369180341465,188880043158,104935436900,102222650231,88882252073,694
FID,56128696800,1395388352,18647597005,17353669399,17353669399,508
FIR,123961564779,75808687234,8691524225,8432308312,610194284,10
FIT,1953658075141,392853494208,224797471089,227688734251,176507549459,351
FMC,6912623489158,751680448585,422116807782,421810405344,422616028545,4675
FOC,704503127877,319291283721,167931166746,167464619789,132828034428,6489
FOX,17610400252637,8315776716636,3633301864610,3587597717336,2861086103961,0
FPC,2601818179,2579403397,-18945450209,-18945450209,-18945450209,-574
FPT,62848794351368,23799752019317,11026253085978,11070838730842,9420078521864,4940
FRT,40104492531184,7583060943947,543136778737,526957088186,408413632278,2331
FTM,182779637902,488876857,-174248760586,-127288890722,-127288890722,0
FTS,1147748531060,742183792847,661173665835,663173267145,567317494337,0
G36,1457086750627,134946988713,9557936985,31266489718,26823232214,0
GAS,103564126562888,17654357438748,13156405325870,13172107496375,10590120585510,4354
GCF,578606297630,205571584658,89854130471,89997370917,66064866845,2053
GDA,19135848654890,1449098011669,392938462936,428070236190,341769384401,0
GDT,335690343652,134223737618,70628487296,71110097909,55415941747,2427
GDW,672328330017,262646522252,40084309461,50141396833,39890440238,0
GEE,21129621819327,3064081106561,2156584949031,2152933971779,1714776780948,5294
GEG,2325314422750,1073183626740,179963344399,181530596172,92073390082,171
GEX,33759276317811,6765534957795,3569408615313,3615941969157,2666898119207,1902
GGG,22619246102,-5021409775,-18221365790,-18221365790,-18221365790,0
GHC,316625082835,188177833974,202717546208,204589519363,181487212189,3551
GIC,159342953965,65059171707,17827597664,18091674245,16238924768,0
GIL,710892295393,146190231504,-1640466703,53213364156,27590535401,373
GKM,145405107521,2864823370,9100464391,6732713050,5118396004,0
GLW,71833657748,24220996920,14141630221,15567989852,12367110663,687
GMA,2814721287236,238306264606,19601201868,24612379071,18974003001,873
GMC,856943650,664816606,-36674352414,-29834729847,-18204139255,-552
GMD,4832308663161,2161756908589,2428563206261,2079511820907,1905012484015,4285
GMH,88057102128,15975554769,8515464385,7816989989,6113897112,371
GMX,164814261304,52822521752,21520964853,21047078775,16678374779,1388
GPC,80590362340,10528715393,5844250369,6485786521,4870117945,99
GSM,156696160287,87327452970,73439660330,73502767465,69812607516,2444
GSP,2247003636730,190438020325,107688957884,126062006619,100635601052,1315
GTA,261393684841,27594258249,9691786180,10741783527,8554817300,870
GTS,1501926294033,99401732154,39862739739,41150771275,32705402009,1148
GVR,26254333056966,6908144005205,5001209170202,5915892471321,5103472212259,1289
HAC,62551409334,20401221107,3194675955,2760616390,2759140030,95
HAD,171938536129,39519962630,7917633568,7944485531,6307588425,0
HAF,87306977445,32163457538,-16771835949,-16553125339,-16808899016,0
HAG,5693569443000,2176783266000,1199987431000,1019283806000,1056563495000,994
HAH,3992094957163,1266705644034,980436237286,977289020386,800226211464,4986
HAN,2598730471287,185113337338,75235049848,103139642547,67688000911,381
HAP,419785053433,66286363899,-622935857,18725123261,13286300047,104
HAR,17815218515,12078518075,11142609286,9857289670,9857289670,103
HAS,69343852258,3352619858,-8039501476,-9820699027,-9896955521,-1269
HAT,1349283371633,103143226261,22368460285,23926812784,19124484128,6124
HAX,5513287344174,511923106139,177990925160,258356507150,203569675920,1163
HBC,6374514460150,302272628442,268074855439,872168518965,851790262477,0
HBH,245805228803,8160091580,-746412674,340964779,156800890,10
HBS,24908511704,17829448578,7302350441,7019243359,5615991717,170
HC3,78498815539,19872240706,42161735208,46627833378,36352969645,1757
HCC,300015394544,28989499724,16515307382,15896981840,12557591905,1926
HCD,869270360383,55235977196,38169201341,38169202125,30508791171,825
HCM,4276240392092,1720876568754,1295326227636,1295564056727,1039655044354,0
HCT,31116166892,2564893913,-1027102812,480262229,232841803,0
HD6,901410794996,200760215973,126055547856,109297718259,83245335705,0
HD8,1050468017,222740460,2354410892,2355910892,1868117407,187
HDA,255973767442,94905679452,18096826169,19303648631,15818933165,506
HDB,30856393000000,0,22052225000000,16730791000000,13247888000000,3671
HDC,546438475898,220425816296,128818058863,88562156792,65732739250,0
HDG,2719227682602,1589020041753,921049716357,880104992052,753033213518,0
HDM,1953400922993,258718866860,133847768480,137333175331,109291643657,5438
HDW,569438793798,160267124509,58467098883,58392217090,46129969285,1447
HEV,24741368045,4343668542,26204975,32603726,32603726,0
HFT,309988216585,198694403564,63858257390,63868367677,51056810620,0
HGM,370448864861,241919192229,237180194399,232828080073,185338360133,14770
HGT,57443538554,13441719962,64746412903,64777388604,63027388604,3151
HHC,777178728893,174518656831,65066172827,63856604004,50342861085,3065
HHG,40831422035,-20913483470,-33288567356,-32779742972,-33057977209,0
HHP,1870469957283,57982957768,29853723509,29736727654,23621405743,0
HHS,571225175340,63930307339,373259530358,381658770934,368524826740,1040
HHV,3308270705928,1344050482178,558981283096,557845821119,473241678231,973
HII,7206334295379,546584652564,24396921560,23358958315,17870902476,0
HIO,119299308527,52062204121,22869054506,27387695380,21078760980,1004
HJC,852499159848,89484498266,17757828667,17882177585,14054634116,1093
HJS,149000069681,65176986814,59343575703,59115945920,47185289710,2245
HKB,5970103950,2145752697,-58849329256,-58994592535,-58994592535,0
HKT,115188432401,1059491977,1112837723,1049710850,854645335,139
HLC,2998557338965,326446534264,131942925462,108349154971,80399679625,3163
HLD,28958565964,6239844644,4495761113,4520328034,4094160806,205
HLG,0,0,0,0,0,0
HLY,1542340804,-12851692,-4653598738,-10080496629,-10080496629,-10081
HMC,4235459338475,92141986365,28986054239,29836636697,25627907250,939
HMH,107881252448,20768792110,20226526630,20778501625,18114439481,1402
HMR,52996318288,12189889878,9145843620,7889277565,6033053286,0
HNA,786926434334,314000884039,275372552245,277374189284,263109766924,1119
HND,11036275254339,587411095542,444391462392,444529674873,421755762024,844
HNF,1970815184553,642034738261,204368189754,205825173664,178003981526,0
HNG,491919537000,-694558344000,-939394176000,-1280414134000,-1276588828000,-1152
HNI,1182125636807,165567756605,98232590079,100942192575,79765070569,3355
HNM,714397885666,112454140787,32101562322,37472695388,29579092847,666
HNR,112241922650,37250560083,-8753850512,-8420624732,-8420624732,-421
HOM,1709812611405,219359094421,-70514767167,-66988123484,-66988123484,-930
HPD,43637111575,22211743297,22090100467,22441818778,20150881830,2426
HPG,138855112131387,18497549127684,13267002948344,13693499624192,12020020984285,0
HPI,36773560408,53151637081,57394853801,60616224563,60616224563,1010
HPW,1287784457723,483525029259,137208152853,138332381323,110665013713,1381
HPX,1615870373752,519181026969,99023528000,111185484581,64811902827,197
HQC,100163568760,90858056281,23902793734,40596551166,32598281084,56
HRC,214268184543,45214938381,33743237764,71552556885,65578570826,2171
HSG,39271893738448,4263666396467,510613852948,551203257346,514673976370,802
HSL,139245565620,11071952211,7677535710,7646934881,7156774442,190
HSM,1114792854721,54899904448,-83484141728,-74062704942,-79107549924,-3485
HSP,417333864331,71568945625,29963883667,29060865116,24097950779,0
HSV,918600210086,21339524923,5908573304,5254451352,4071264970,0
HT1,6884245697137,645247803243,93771228845,85709337063,65178294411,170
HTC,1014753133557,136776180152,43516254293,39063915231,30654943031,1397
HTE,377831884690,10580858001,2758749504,2013125967,1610500774,71
HTG,5102928678811,592181291655,334483915801,352837330214,282475938010,6633
HTI,489839849627,164740809775,79790307124,79865591098,63782472879,2556
HTL,495013148690,67010872468,21320248807,33646289781,26802036826,2234
HTM,726493403362,372666760363,-25928637777,-24249511942,-24575874053,0
HTN,1140492454254,80048706223,30436778358,25297844522,18405212790,200
HTP,1507708755,-666772218,-191849230412,-194651076349,-235274318971,-1224
HTT,5272724948,1235474474,-6733427000,-7469155140,-7469155140,0
HTV,278276936599,27310403958,5173121118,12087737234,9290315636,699
HU1,198591742188,10781535476,-2151624328,5629201396,3110779584,306
HU4,155994902978,85851418765,19194504787,17775246205,13885770432,926
HUB,309120694013,76018991434,78556508758,78470913068,67323496178,2238
HUG,678363642180,159384115006,72789039986,73194389790,64252067823,0
HUT,30648032502235,2758190361614,355141924818,392268407409,284108182863,152
HVA,16724562362,7447517529,9284657655,9222579483,7365647952,0
HVH,393590487971,64053346991,38317555125,38484676588,30598130274,744
HVN,105786761172125,13825619134926,2517315301248,7722924466662,7267426862160,3108
HVT,1451020006655,299508940939,105842044368,105365880502,84226596468,6899
HVX,347809193817,-10364949776,-43917051234,-44104510933,-44122012115,-1063
HWS,670180413702,291031314098,142874482046,154687974095,134894045401,1294
ICF,45439820007,10979836622,-3497669810,278633145,278633145,22
ICG,13209223017,6628442302,-5184605392,511470399,364286785,0
ICN,622811727724,323061248070,303082078990,303597541875,242577412543,0
ICT,1572511299308,128882736348,25607968450,38253552174,32031247801,995
IDC,8846410510226,3337259599769,2972638680223,2993040316467,2393118551557,6050
IDI,7136773393630,558801513083,106439826347,108119901162,72629357316,248
IDJ,714611187138,250267588389,86745305088,116866664781,91356745647,265
IDP,7658150303528,3124965569608,1105078294809,1108404124001,875301760419,14162
IDV,130939549954,86267995293,134794831138,153596017526,134159119720,3463
IFS,1973155586000,676666468000,223289290000,220620354000,172925450000,1984
IJC,1020637132951,459182235187,422063155433,416411958124,355457003081,1002
ILA,139407533343,13052146009,643857904,328982620,93466354,1
ILB,492908767087,191701144107,128240258112,128940103258,103199027619,3296
ILS,186100957650,29930451992,9290807531,7626664277,6296440541,129
IMP,2205119938413,855557152690,403284767405,404192934555,320862393082,1932
INC,21520326885,5236435405,848894014,798394014,287208727,144
ING,0,0,-35383106666,-35911291089,-35911291089,-1726
INN,1766550070641,314121543633,134022237666,135201864548,113990460549,6348
IPA,560054620730,287974969115,526455961525,526773746851,477795774146,1955
IRC,25147448508,-434223281,-4648929801,17390170364,13807403300,789
ISH,198338997510,106553831259,93797205345,94378389527,76193497889,1659
IST,455410381350,129778356774,81434432224,82210455703,65492292043,3506
ITA,375849378401,206488797740,142271142425,139922769561,115478682753,121
ITC,575626468075,193381547690,50583382149,62724822320,34287291182,373
ITQ,555393599691,27335460470,613341383,1048147645,1048147645,33
ITS,1939027688094,67939077974,15044127010,10339733650,3612587111,126
IVS,74751428498,53252601579,21539839436,21543203072,17118415814,247
JOS,38607393291,-5142402494,-38204243840,-39499312109,-39499312109,-2626
JVC,612521692173,151789798065,55361877602,63747073150,51886432712,461
KBC,2775753386355,1283446290850,907006415261,763727824347,459879039452,555
KDC,8331303343827,1523168594994,102066356966,107113897449,67896579353,135
KDH,3278584206000,1740250562000,1130553838000,1050935191000,803073381000,800
KDM,35660063272,1333879023,1722137118,1670033845,1344084148,189
KGM,7402980225919,629119945548,15070603914,15258069417,5233868802,206
KHG,309842135613,45407872498,80627769162,72727879134,56710436319,126
KHP,7118614609836,259859352899,51291866729,70588306384,57169796279,947
KHS,657528281152,77980396635,34756952947,17084833728,17084833728,1953
KHW,435533916349,108593145411,97228572362,98327715366,87603738019,0
KKC,88587513537,4289865814,6713705186,7255154300,7255154300,1395
KLB,3191226000000,0,1935006000000,1112058000000,887494000000,2455
KMR,411624057742,56156790779,10699321191,9336336667,7309231628,0
KMT,4576289366558,100835441494,14927300487,14936893169,10724365167,0
KOS,1438926718406,169486941713,35638475935,33872281791,26315062954,120
KPF,0,0,-275422941155,-276911443953,-276911443953,-4549
KSB,401275176502,177676235071,121609991211,83572221913,52752122115,431
KSD,46391514376,5471568064,707420508,-975212287,-1008762763,-84
KSF,2469776072818,1235973810961,976514642048,977331647342,776522931704,2268
KSH,0,0,-50274867,-51883748,-51883748,0
KSQ,7450091674,85107217,-4648226291,-4448549423,-4448549423,-148
KST,450910060199,31190510468,13062212407,13006652400,10351644880,1645
KSV,13250634406791,2524333946074,1547840590942,1497742106338,1170680574701,6145
KTC,5487848457885,209242624114,25195155536,29574340558,25726823618,705
KTL,963510808574,90286569006,37888301137,41539852556,41539852556,0
KTS,278961472158,63915847020,33460072339,31424300138,30912899429,6097
KVC,155460874029,-8072264574,-19413635459,3561203504,3561203504,72
L10,1073199177579,51279957246,30979290025,31528812542,27564331931,2816
L14,136026574491,57963136326,21320277567,23094629903,17166936788,0
L18,4924717468479,630106829422,304446774142,308153127861,225276812315,0
L35,67939382540,3689433887,-729252015,-1481439872,-1492747472,-457
L40,340967016165,57964261261,50802219269,53710123306,42582068380,11904
LAF,465961353640,103056065826,59258151817,56825683482,44954305958,3008
LAS,3465768683539,622752721676,219314803515,216207267894,169547509765,1352
LAW,325511294152,83439278607,23412395945,23449688159,20432297622,0
LBE,106009186186,12625576618,4507070577,4291194322,3387369558,1694
LBM,873018594174,194159690056,104535803592,104147994369,82625349418,3540
LCD,37677603513,10198016654,-22178947,874099788,86534241,52
LCG,2513465377819,332247878996,172005510404,172181676058,131170095488,684
LCM,33565216052,1739210053,2506409755,1677267299,1677267299,68
LDG,-173233280116,-190275886247,-824427637307,-840056100008,-777868798713,-3036
LDP,217957757303,64390399949,6461965274,6810241351,6810241351,536
LDW,319686229615,93044741263,125370362957,124827947226,100130467661,1271
LEC,126572357622,13839397047,-47933238895,-48253682287,-48262341236,-1520
LGC,2503558386331,1690332797343,825556232231,825286243034,792089782258,2721
LGL,102592491503,5652310161,-40525685736,-50603628273,-51671042498,-1024
LHC,1229096725714,247485886427,145135055896,147233885041,116948825433,4647
LHG,423446910138,218863529280,188944119233,232625062828,183840449729,0
LIC,2294452342939,257375446863,102357666609,88256524426,76600979504,0
LIG,3766238031498,135440194644,10572009645,6113389635,1488799883,7
LIX,2876943464074,616366550343,256028353966,256553679099,201513867351,2793
LKW,45045559220,25190271033,16217551875,15967731411,14056327020,5110
LLM,6101713206847,143908008540,62434326608,78717531876,74531547478,1100
LM8,1545729303608,101110490255,17781480925,21542851328,16387900755,1501
LMH,0,0,-5950636740,-5950636740,-5950636740,-232
LO5,49485583507,3836304658,-1073852989,-5944113815,-5944113815,0
LPB,15393743000000,0,14121987000000,12168168000000,9720900000000,3904
LPT,372057657207,28787737996,19237382452,17783712927,15298952477,0
LSG,3425000000,2379179215,-66342383678,3615025921,2731912554,0
M10,4646638398567,554355310902,142132704981,141015787858,97791437987,0
MAC,124492177234,10783007072,54062863414,53872428717,43737941237,3014
MAS,177406724480,31982901565,7177006798,7312888043,7312888043,903
MBB,41152219000000,0,38405972000000,28829328000000,22951264000000,0
MBG,311186580224,42674242190,29552495105,29609581208,28042953316,233
MBS,3120367476027,1710570189323,925787501617,930644050935,743553182565,0
MCC,22439004239,8484923330,2794337109,2137953084,1551004516,274
MCF,480125601327,41294013465,1926168120,12528073059,9654232940,0
MCG,45033889413,9203602020,-7064669282,-7015266774,-7015266774,-72
MCH,30897225625237,14404685240219,9012591353499,9004312866417,7920537530999,10841
MCM,2916958103285,848545365640,253708586983,252056847255,219920772280,1799
MCO,54937895620,6345313772,-88547164,338795462,271036370,66
MCP,466605824421,54718621827,36964626634,37112292498,29697833918,1973
MDC,2612140095197,273441658003,69417876684,70929824483,53507898347,2498
MDF,1024325827698,101700895590,-1861249390,3390222099,3390222099,62
MDG,228671453048,53135722592,5739454050,4111753398,4030572309,0
MED,443135811734,92481202963,18425704273,19337915777,15182612518,1223
MEL,879845362827,38770035813,5350961634,9300202552,8103825190,540
MES,3369278515,876015747,-1001031374,-756335355,-756335355,-41
MGR,1875818093,54545455,-15274963945,-16184240519,-16184240519,-489
MH3,93467784692,40417074690,59915112965,60591818022,48281331359,2012
MHC,14288898450,-243100890,14441197033,13922004467,11816355128,0
MIE,1611285066691,173706088626,7583036396,8714008932,6368160965,0
MIG,3640825147740,545372447106,308180808232,308136183006,238496633985,0
MKP,919577453402,248056555639,54922826934,54715942396,42263025646,1673
MKV,109981801372,38882011047,9428487385,9268338399,7381724993,1476
MML,7649715892213,1961739670083,11723942093,22705586964,25346456196,300
MNB,4650532796701,850189411027,145465423877,159134567401,127793527800,4349
MPC,14731065489102,1124839400134,-134492723412,-179590236398,-234914701922,-602
MPT,0,-16707062010,-17145014999,-17456673561,-17456673561,0
MSB,10243064000000,0,8988305000000,6903842000000,5519377000000,2123
MSH,5280403155194,829508180749,557436805241,541218219993,439900672643,5465
MSN,83177720000000,24655738000000,6760549000000,6024803000000,4272384000000,1345
MSR,14336328727000,892706621000,-258075720000,-933569686000,-1586598650000,-1491
MST,1273890610665,27256939497,22988184976,22431597008,17139549264,226
MTA,1460554037460,209158113776,79201609108,84996273553,77047900286,322
MTS,4080612387842,178386002394,22315673362,19571543518,14996333394,1000
MVB,5267968058123,755171801188,290423768281,335531682792,262244073570,1889
MVC,600920592050,122902679971,93099739180,99774723944,85333143907,776
MVN,17003175426399,2805370996764,1783734003716,3126238908700,2604101548488,1678
MWG,134341152848802,27499210077021,5227045424891,4825763013078,3733288228720,2546
MZG,4445368775704,337344871709,71302296287,73303446655,72759722098,724
NAB,7937820000000,0,5066300000000,4545398000000,3607093000000,0
NAF,1437742951331,404430355271,130723062328,142916601042,118109589783,2263
NAG,2722369207590,284567936155,37785796557,36494357226,27804464757,853
NAP,208040982497,53010345711,21160641515,21058310228,16956844859,788
NAV,106199394079,17917667552,21188950029,21372140549,19167376959,2228
NAW,329742894573,82575544474,4149061180,4319251891,3451904219,0
NBB,66645448308,22346936653,65976139389,15806815361,822514525,11
NBC,2812769703303,281781096419,40381701010,45743903622,36343782429,982
NBP,1160602794231,24047557426,-7187976219,-8508418003,-8508418003,0
NBT,242336803098,153468255677,71609563495,71902941983,59570697233,1825
NBW,906053704717,289679074934,39837906404,40011375060,30399937411,0
NCG,4249378696765,569317461494,128676333878,126688129976,101290707493,710
NCS,732066153220,116957504160,67442513822,67616220428,54775239754,3052
NCT,920644864614,411726616417,330885370940,330723294676,266554572118,9179
ND2,364973807106,239793311225,169744076401,171233436172,162256140106,0
NDN,55616946202,23701665897,44655720770,41970563763,36171291602,505
NDT,1425281016698,24349297549,-91813126081,-88952918056,-89522336638,-5684
NDW,277709914944,92697600313,38462313682,37660356891,33337055713,974
NDX,49150095529,-170383583,217429222,210678550,59445333,16
NED,86951417702,52081309216,29584881431,28942909299,23782838741,587
NET,1652661909097,426893519528,257906872817,258305595266,206624387590,9225
NFC,914381030925,151761267130,50563218965,55286067453,44151013274,2807
NHA,160456377611,89550730855,78046825795,78902305036,63094502537,0
NHC,49629856371,6965690796,1473686145,710375531,24010943,15
NHH,2096905452640,390776981089,112480999301,111602957195,87840737704,0
NHT,348131827362,68228707737,10205835351,6148639643,6947886306,861
NKG,20609022190077,1831773954930,557452985282,558169985495,453008144440,0
NLG,7196050482193,3067883481715,1782810136722,1838755186957,1381697050629,1270
NNC,280070334347,89055403400,79676494876,78649835317,63339107166,0
NO1,802345438436,54715379910,25109035007,25292553681,19614889428,815
NOS,166279224658,-107153152368,-312661365447,-289186165817,-289186165817,0
NQB,133591382404,33093715692,18176389494,18420386411,14685629485,523
NQN,810799562100,161569340713,68483277043,69989789743,55959082880,1101
NQT,185887548591,64693254879,24402586540,24420946255,19399132076,0
NRC,5149234224,4534481049,-106463249945,-59465184534,-63151060796,-681
NS2,739806069024,357216756968,2568838384,24337792973,19434602715,0
NSC,2448696267958,726841908647,273229919373,271769222176,225464502252,11491
NSH,1012994256509,46787989081,2763088070,2665705864,1874395707,0
NST,869476126115,132210946246,22586678354,23114686302,18311183029,1635
NT2,5951561622567,36574993687,18446074901,90769907991,72347715716,240
NTC,367858654446,225531542016,370200996619,372303890520,316617568396,13192
NTH,107631651286,59845268068,54081820341,54028608156,51283995995,4748
NTL,1441314355785,880562994651,854089521087,840013720868,607556303620,9962
NTP,5656563814495,1769949264907,885058912782,888450064799,735659511537,5161
NTT,1232516020624,96032135582,31718103571,33095671183,32713844068,1392
NTW,167047216360,25335041818,11967320453,12148810290,10487306380,908
NVB,-1782193000000,0,-4864546000000,-5128090000000,-5128938000000,0
NVL,9073375473961,109283992469,-636318342031,-2529910445056,-4351377507655,-3288
NVT,410665257727,223573521099,62143359763,44080541457,23248176143,0
OCB,8606668671493,0,6265322259962,4006295939181,3174072061375,1277
OCH,983145588033,469915114924,64801852445,208089938736,176235083542,0
OGC,1006389230537,477983342484,63445884839,227344804177,195489948983,409
OIL,124485076872538,4148868956598,609956814566,630571388242,473151550550,321
ONE,580826086172,38412831293,1877695229,1785523900,1329108461,167
OPC,968575979199,402816455366,138019804671,137093249919,109427533649,1420
ORS,2077145548108,1106224457004,458719153134,481449841543,379111428571,1135
PAC,3205408512601,416037145109,163732114980,164312356037,126626969757,2452
PAN,16184024349272,3364429372551,1329407704959,1328466171204,1147651750002,2846
PAP,2176403000,-17759556627,-17304078559,-17308427564,-17308427564,0
PAS,1068089717388,16679054284,5667030014,13369701296,10754411619,407
PAT,1721435530826,363209354486,279158181627,279158181627,264941353122,9962
PBC,1065095345564,211393916305,51219292028,49972246796,39643919923,350
PBP,370230234432,30487114534,10477318791,10469212276,8139394117,1696
PBT,813040460823,39078181552,20666397921,20425092770,18161066967,0
PC1,10078077470632,2083248573194,818070992524,828633238207,703604396534,1158
PCE,3150352405159,80440756782,10393360544,34834508464,27718815095,0
PCF,26592894761,2651518251,114804649,60625015,60625015,20
PCH,194942239067,34061345546,17313997469,17314275712,12857134636,0
PCT,540056890013,202960750639,109774860003,110064132676,87786522552,1579
PDB,307927199240,30340443929,18478991747,15888522717,9441162838,930
PDC,47312486534,15671091729,4000506565,4286269964,4286269964,0
PDN,1337315365298,498585832894,433230494927,433655583875,347342676016,8653
PDR,2023426299130,861448505319,603744828926,664209745918,515401405989,0
PDV,1362277289608,216797192716,119854758940,280398101037,224355522439,0
PEG,7190238221888,241745860449,-36699906291,-35934632857,-36034571777,-141
PEN,268459759880,22844092668,-157853454,1010392401,1010392401,202
PET,19061195366730,905454255763,266443137013,283684337150,220310057317,1619
PFL,76381908143,5035737454,317874154,362713803,362713803,0
PGB,1658838000000,0,857430000000,420837000000,336699000000,802
PGC,4289376683259,739672131760,143036753023,149090059590,115962783935,1461
PGD,10937645849520,768122394928,314394566267,312911095551,249168381705,2365
PGI,3418357627290,815653274187,271558292321,291191361657,232240505231,0
PGN,221001048262,12504271285,2304157458,1859822970,755383954,80
PGS,6438682469797,943618747271,140930087418,148860037650,115966503792,2099
PGT,36222104894,16266225902,3726189867,4251662963,3250465882,143
PGV,40678150961762,2990904164029,-869531032727,-891808997552,-897431397098,-802
PHC,1563061385067,93127246855,17269699836,15275679519,4825717700,97
PHH,848407070,292519070,-2418323653,-2417323653,-2417323653,0
PHN,447855702110,110985389555,71494942709,73185755967,58266319849,0
PHP,2595330463568,978701434375,950039271734,1199928736853,974940149349,2469
PHR,1633090518901,422511636902,491517172731,555811315599,494953442443,3184
PHS,483168073767,281312616831,172097248,340912582,108063036,1
PIA,158894205729,58350282449,18741795724,18362811489,13958887662,3579
PIC,116730807384,51535447109,33802749675,36226409375,32037055200,856
PIS,462127746032,68352089572,41859218235,75351834320,63223919195,2039
PIT,735748241294,72480913105,3832245119,3552294666,2841835732,0
PIV,1579725830,55834242,-970794617,-1003472361,-1003472361,-58
PJC,1188944768920,120680921897,30798891822,33634093026,26461493137,3612
PJT,699399765438,70504389080,28934028215,36505724667,28776528148,1156
PLC,6931744246143,822640306013,65100659591,70216431119,43167630724,534
PLP,2039420776414,121328385593,50426182171,5598504148,3525131781,0
PLX,284027777852687,17315480477748,3700946601691,3960150316381,3163218703173,1829
PMB,2153311868675,74794754369,4748987588,12958649001,9903009178,0
PMC,498184992763,187213437575,100043366947,100312772367,80133203919,6268
PMG,2024673956321,296190115188,28527102383,40102577635,31482864892,535
PMP,610721474763,67905600423,8600977960,9513230878,7398620563,0
PMS,1385858111571,132137207525,40577945241,39411501014,31490553485,4195
PMW,363848260132,127312586756,108425016107,107032934437,98817663081,0
PNC,614478907391,250106600558,10832973680,13834759970,11013700142,1020
PND,2888636097985,83398939041,317739465,1557580584,1557580584,234
PNJ,37823493039712,6671898925773,2652283253759,2651166452398,2114564367776,5722
PNP,356512673684,80597183674,49042286003,52503032395,41960639177,0
POB,2410586886105,61336162810,1697635456,1801376472,1398915286,128
POS,2135508954868,109722045591,101598762548,108683537889,86643854016,1670
POT,1617938491726,134344292360,7188357636,9808459719,4033678326,0
POV,4478140069090,134240820220,13470329250,13308028254,10044879292,804
POW,30179917285921,1947864172530,1023869923062,1516996496660,1345939426134,535
PPC,7681064352700,230091587476,407419719540,434367032123,424069652646,0
PPE,4931863377,52117872,404854831,3640040701,3069036505,1535
PPH,2232677430682,429149458081,372039176860,376428582439,372441984098,4451
PPP,137548454537,46373400608,21581217021,21810079885,17358817832,1766
PPS,372622978479,62459297283,24406501979,23843630896,18375261172,980
PPT,4040767199058,35356567870,10421548231,11329628352,9063702682,0
PPY,4459752853829,180017072925,-6447777273,13435830909,11503685014,1231
PQN,1603328679192,86150893846,35076754661,36443243695,28784744375,959
PRC,130345405403,10845163272,2050266134,2355885711,1975244349,1646
PRE,1361565571866,69816371587,240770375771,240199846691,190067967341,1757
PRT,986949343833,298092820313,110604094463,117428613656,86221614616,129
PSB,114332637063,10600208280,-118680513,1637312722,750120802,15
PSC,718691821370,76664449936,14316626825,7896559574,1006698409,140
PSD,5727409398445,320874211247,97743141766,104274783005,82029642231,1549
PSE,3145293534178,81267608233,24032171902,24001932511,19017736387,1217
PSH,678319059163,-78698175605,-758003748951,-789830839584,-789830839584,-6106
PSI,342335398758,175148760175,34578087520,34002864203,26569710809,444
PSN,1181020350133,104173072319,45497899748,42587481209,36768947278,0
PSP,238326112152,60824906506,6879820532,10526868177,8424673466,147
PSW,2708460952124,59251633701,12138784264,12075332020,9454163264,445
PTB,6466470034275,1224326284548,444923610749,471981392616,379317420760,5541
PTC,38982537,38982537,18512864921,19428630784,19428630784,604
PTD,250104305668,16461676550,-36542251347,-33251573867,-33251573867,0
PTE,160765215574,-2250333667,-37878609364,-37957899364,-37957899364,-3129
PTI,3891067167266,435459056212,393996282735,405610577914,324003067105,4029
PTL,268248257399,50380127758,7519726976,-39938994361,-41696474096,-487
PTS,381961444967,42930926479,4276527794,5015654724,3858426993,693
PTT,288314094437,39643340901,21829609909,30783088518,24463522435,1483
PTV,815687859712,29472696472,3398056102,3292612801,2208930604,12
PTX,1903812352883,162933660809,21312123826,23508088148,19562563540,3041
PV2,150000000000,-21000000000,-16979683879,-16979683879,-16979683879,-461
PVA,0,0,-45606800,-45606800,-45606800,0
PVB,265172268736,33740843498,13129684450,13342581080,13287486656,615
PVC,2963175877629,204058963100,24528467432,27060390355,15450910050,18
PVD,9288059307546,1740854904747,914382085719,932236957587,694390080039,996
PVG,5221365684030,441971440548,15359656988,15362191339,12289753071,0
PVH,17104550293,-14958523536,-20139964292,-20237381960,-20237381960,0
PVI,7733424933017,950291248251,1112721631256,1116053894914,887427180243,3588
PVL,503204817,160755606,-5281221427,-5353442634,-5353442634,-107
PVM,1906809942016,87230166944,41790650046,59269233403,55229141347,1351
PVP,1798712738981,339343208034,270238839465,269798670133,208321500130,2175
PVR,0,0,-1838558245,-1838559047,-1838559047,0
PVS,23878029780802,1132980446351,1097206056614,1699868689738,1411598092030,0
PVT,11812431791839,2444569326101,1689058915827,1871187549962,1472205821287,3075
PVV,14148701007,1155501882,-31540816409,-32328604526,-32612257008,0
PVX,1195944352818,49150568069,-48337837002,2828865977,1037119007,15
PVY,1063313453038,64400478028,590509463,352208087,352208087,6
PWS,136483957345,69020137337,37565724261,37494991541,34613764687,857
PXI,4608022401,870330298,-5186005037,1719754475,369754475,12
PXL,10266648979,7450281297,941512447,1231474596,795295112,10
PXM,652577063,195834249,-19241578365,-18308368254,-18308368254,0
PXS,570016285007,41950537554,7702630097,10680506510,9952888387,166
PXT,100140494385,10712088276,720759370,1220806677,1220806677,0
QBS,55540335400,63958925,-134212293178,-136145499074,-140463549918,-2026
QCG,729258084393,185239780862,100010776857,88091370961,71940860831,266
QHD,355170369820,50066677414,17244107369,17018992182,13482260500,2440
QNC,1613414221997,179993839678,53415794913,51333623410,40358908725,673
QNP,1157385009781,272385774891,163736559843,163170139210,128234506057,3173
QNS,10243265693926,3485590046425,2547601126260,2645634581942,2377443959806,7683
QNW,114506903956,60100819769,48659791013,48617605189,38711010560,1932
QPH,110772110243,64743558155,84026189489,82580904936,74210579707,3993
QST,202083050932,33622470796,10936811401,11348197270,10105517371,3119
QTC,73782587114,7388711824,2638157175,3049577737,2175653567,806
QTP,11908408145250,857658115375,724675749808,722396640745,649773709908,1444
RAL,8356598448889,1910208508644,634507816850,630182874011,591290629378,25111
RCC,776639692661,74681781334,10414869909,7854012098,2849378869,39
RCL,14946403677,7457720279,1740995914,2146136948,1787077858,0
REE,8383666601214,3124198406841,2675136495429,2690456397789,2396810865746,4234
RTB,1182158471785,488123117288,372536675941,574246214447,486596319830,4188
RYG,1637328304042,270541328843,86229422937,85921692213,68587316410,1524
S4A,247706529200,136086890170,95006804500,98304697434,88088744989,2087
S55,584114196695,170176617669,121694078528,142860598949,137833472092,10632
S72,36099274547,14349983754,5886921020,5880352657,5880352657,490
S99,1395368266936,193555854120,-32913655102,57271261978,42730089898,354
SAB,31872417486656,9318196568266,5676961187964,5647358628166,4494773426912,3291
SAF,723778164286,137885817033,59441632264,60860108073,47599878423,3073
SAM,4038231222587,203679743475,134153325423,110242369679,94912784422,221
SAS,2906177297183,1719058650161,486863010389,503962328939,429812339626,2844
SAV,1068913129462,162727768283,71716161857,69918529110,53949501787,2324
SBA,264112987330,156268929451,131795221375,128373086516,113572826620,1878
SBG,3146730983280,92345006614,30276676573,51487804330,42314356457,0
SBH,627676641663,312659360537,290396780417,304448873459,271749381333,2188
SBL,140320358640,13552118961,2774963990,2798114561,1935274811,0
SBM,279941374231,169712574321,162843770851,162885207216,150826305822,3348
SBR,268478280835,40268955810,40543397793,56107565136,46852935920,158
SBS,124671550172,55060310168,-74049931190,-74049362132,-71492591300,0
SBV,501891896274,115843608066,-20454474054,-21895259998,-30163825710,-1273
SC5,2756868392556,124900417574,52164592171,50765790110,37033095390,0
SCD,183278347815,50295745807,-58829644526,-66669493694,-65584742087,0
SCG,2705064519164,211527704148,181393663094,178279485642,158148035245,1854
SCI,1007950534867,-460171438,-79316768680,7502733237,23311352,1
SCJ,1276533477712,119492412671,18616070319,17293373894,12656329624,219
SCL,408377807293,128318722364,33562061835,35979954789,28480943363,1526
SCR,799116768725,-49353563768,29975555914,33657149240,4247882268,0
SCS,1036882045512,800754861629,785058476680,782663648995,692808541340,0
SCY,1036420364313,154822528666,101069936875,101676771778,80882453039,0
SD2,145611540339,8840216694,-1791024959,610658955,610658955,42
SD3,125653225113,70415935835,11144244711,3170306954,1013218044,40
SD4,165911534442,7637337958,-37256415481,-41696841807,-41696841807,0
SD5,2337132929483,89814235328,30765450227,35693281055,23645853025,909
SD6,115702460191,22282191619,1189414947,536502294,317269226,9
SD9,426909134428,180032822745,68098865116,62301572364,48459168228,585
SDA,41330743041,374018814,-5284360157,45591036,45591036,0
SDC,73006450831,13386603314,2409908158,2471522677,1884461339,743
SDD,12637116978,-3417495656,-14505611569,-16050160310,-16050160310,-1003
SDG,1106615410196,25736475328,-51840175317,-52536659801,-54104350814,-2720
SDN,119647971540,34921296322,7714791871,11156440413,8849948307,2366
SDT,1022145168340,137764624380,-445384062,-449382469,-4147709244,-2
SDU,85667551991,43713957365,12377879653,5546415769,1283393130,64
SEA,601320560911,107426818402,177830733223,181648338726,174857178824,1404
SEB,255792104003,163989607854,156785244225,157193271840,133527560056,3418
SED,1331233537816,309409751370,78466685553,78667602413,60985587287,5459
SFC,1650630322645,86528523236,23392898709,23722156588,18805950349,1507
SFG,1600157431150,140512804108,26164543745,32269495879,24280586887,342
SFI,1087771573724,155172758792,94602277830,95407617020,78384997675,3445
SFN,142847087541,19786068787,10349544144,10641328456,8452899966,0
SGB,704278000000,0,270482000000,99344000000,79168000000,243
SGC,707533084247,185459647247,118503439740,119236306824,100304266028,14033
SGD,190353055077,17140950353,1604379597,1326407117,522340280,-23
SGH,45321189684,21310744479,17895015943,17866745658,14245143159,0
SGI,1569304931460,275094119442,4614220131,10580328421,426870406,90
SGN,1518231489552,494550214141,366449453006,368096521029,294157583991,6756
SGP,1105567526595,326460593724,249389593043,237329144367,172261808443,831
SGR,151466345283,74612101227,-4126656129,107815218878,83538116983,1377
SGS,174491695921,39373168170,34985523317,35000394469,27328452476,1835
SGT,1845463214248,510335117092,229146656468,223924113560,131440443593,905
SHA,1140368523819,137881719038,15997529447,16336115230,13935193517,417
SHB,21127729000000,0,17729144000000,11543007000000,9216046000000,0
SHE,196407617521,29110957110,13999212394,17632512987,14038625868,0
SHI,11251727317822,952156539848,116780020393,170150527838,110761503291,484
SHN,3821515529003,55508505420,21155452826,12152037143,8833134822,67
SHP,627846753679,364518642805,328939467409,329011645981,295930714273,2823
SHS,1991305549188,1423188173597,1231939593571,1234682055778,1011927472126,1244
SID,98444806927,62182753336,76647055229,75978795530,70335514481,653
SII,265229559343,14877110510,669889583783,671621371685,667678746021,10228
SIP,7800427268404,1094735398744,1555186991012,1571027309206,1278083720752,5530
SJ1,1537925580058,120691118652,41482415148,39669109007,31373244210,1295
SJD,422544571444,219600376667,180516701710,179385336551,142693249592,2065
SJE,2359678868681,357665285174,178681354959,181237244618,169779854627,6395
SJF,114842837739,19563503447,5276466803,5053979962,5053979962,64
SJG,5395638753357,1296384176471,1091688492286,1079480226368,943751039169,1661
SJS,643025047001,395313698887,356758919941,355501935268,266515975777,2333
SKG,381114192796,87064361035,39599370007,41359684377,33974610349,523
SKH,1177337189213,349623977376,70748866877,71314352892,56267202066,1364
SKV,1554631031264,327662190839,77001999672,78988360130,62760413807,2194
SLS,1411694307969,528061984425,532352853985,532265537959,526358983476,53754
SMA,66094933378,29241905559,15925632923,15664888119,13008602645,0
SMB,1446430915995,404111147567,223789842903,223818862671,178504818273,5981
SMC,8924161549541,21702989907,-295863412803,-261360001862,-286712883778,-3663
SMN,464083605533,65918584687,11857259288,12661013522,9320069496,1375
SMT,96631232919,13781604607,4061792525,1833938247,1531853236,-604
SNZ,5889404018824,2376315787993,1952415985757,1948310411475,1620901527275,2376
SP2,178427247654,85358946522,57021297341,57260628568,53964535807,2617
SPB,1327357195008,111832366353,14681135040,15501053395,15156130798,1140
SPC,854261565138,148157012756,-47156029116,-42896851737,-47695635618,-4563
SPD,725315382400,69394849742,8457595203,9152679450,8348857372,0
SPM,297775026421,60673978291,7945130818,8346645888,6305055289,458
SPV,564528451004,119428819308,30293550390,27753034777,21327897299,1679
SQC,1832231821,731729109,-76993839657,-77045634755,-77045634755,-718
SRA,145784507264,42542370026,31030642782,31196881746,27895721881,646
SRC,1027779872350,146126529633,30792474643,193427372944,125100583315,4458
SRF,1076681931809,71190389021,-4462040203,7063060219,1627165445,62
SSB,9966410000000,0,8278781000000,6039399000000,4816026000000,1648
SSC,388062601863,111187688142,52707483628,53823502320,42518964786,0
SSH,2933780879464,1380541983753,1060161878975,1056958464772,836901846060,2188
SSI,8529279575474,5241317966526,3543940102934,3543527483662,2845109032672,0
SSM,369577441141,25025248010,2977927173,4549365890,4549365890,0
ST8,472870321901,22804458307,4170004868,29216836713,24136702821,864
STB,24531698000000,0,14694729000000,12720365000000,10087495000000,5351
STC,490317152826,90368004698,16081737771,17001487751,14862273357,1799
STG,2454115885751,393683197664,253183428449,265098974957,198562743776,1910
STH,27334230002,7434057694,365888716,1186737072,1186737072,0
STK,1210252569729,161227044748,57032669342,52394811427,45626320684,474
STP,196514946840,23953707527,8217532675,7985080629,6165783210,769
STW,220089037479,104625188496,60218930826,62063217268,41019732951,0
SVC,24949912816511,1764558925381,196717797544,230441451979,185553602716,0
SVD,386445389219,27758095520,13745602869,13853582671,13594281272,492
SVG,237500850074,32605798041,-1734502230,251989899,113846265,4
SVH,59872017097,40804624738,32479831902,32914476815,29609090517,0
SVI,1505963563098,218644011525,98743192321,98802662012,75936468238,5918
SVN,85558856460,861459740,327205831,591888291,468363794,0
SVT,2727272724,1656010972,29081600106,28269301134,27581434676,1593
SWC,1151290481902,238367011877,306778533930,322180812777,268811175766,4004
SZB,526843642104,264822896202,240776399500,242599817945,196648864114,6555
SZE,396436407429,62636982671,35934787083,39672134281,30571867684,870
SZG,439780982222,262447351280,232014627942,232164894633,187266503380,0
SZL,488191875766,161926754142,133536981591,126363540424,104572311833,3059
TA9,3455603546641,141558114666,34830361159,34621654980,27095468339,2182
TAL,1684453453400,413102685538,759653575466,747755022279,678427525889,2122
TBC,538668435744,328089037456,269183851915,269973885189,228621006266,2804
TBD,2248612114714,332019975993,179896872054,180411266840,144237329401,0
TBX,17804147615,3852955854,82476784,101869809,101869809,67
TCB,35507963000000,0,31620662000000,27538368000000,21760104000000,0
TCD,1159749748897,237293539795,109247725034,139493234904,111431983490,231
TCI,228816678549,152633229136,59340326183,58770444380,58640421713,505
TCK,285825688639,63705566129,52156503580,38534060529,38110020982,1642
TCL,1630857986826,250711916591,174145746729,173984136032,142802663851,3951
TCM,3810451106702,616662728711,339420390829,350428386106,278069130964,2548
TCO,4526932171156,99292544804,33700296374,33376080558,20607827046,1084
TCR,908713457134,62823125753,-64757816790,-61160568170,-61160568170,-1346
TCT,27109145516,-1149218116,14491822715,14473965053,11528292042,901
TCW,1059622547007,253728377010,135156635863,134332772945,102422931788,2625
TDC,1170572089913,605270057206,437545073633,438825343900,421072486611,4177
TDF,479672838624,73038886510,-12562063381,23035487240,15012179483,500
TDG,1471321770177,62067652101,7566106890,6674967268,5658226259,283
TDH,48764301105,20768024377,-318428150123,-286730757109,-288071921488,-2557
TDM,544406057033,257615471910,225237508769,225305941112,204407864694,1741
TDP,4388226233043,400198158035,151834292479,134150549821,98375210537,1115
TDS,1496581606174,40001945586,-2985338084,786557314,519951236,37
TDT,563129638093,133613452087,15847819562,16380558517,14649006634,613
TDW,1318129813243,461639368474,58908261471,70902960035,56565873797,0
TED,1362471663319,330708552427,112506151861,110886225996,87204986609,5114
TEG,298751951743,19505099535,30532824226,11199296844,5780520622,66
TET,23541850564,8129508478,5121259158,6420022284,4918602880,862
TFC,907800792806,262866319744,181898382982,180695707984,152713136522,9031
TGG,483944958659,46317675275,-15295659735,-14748154769,-16867507635,0
TH1,689777950873,60381192575,23624721344,22852327739,22541819342,0
THB,1624584390402,117831311545,-58876914942,5944481964,3811598714,226
THD,973630725931,23174281223,106027000870,104927538962,83579982909,217
THG,1867292493415,442198382274,171270218448,173388503136,143094325466,5092
THM,134753448260,35599582810,8622549170,8227038732,6467045746,532
THN,456084144257,140755066275,66030779104,69500181491,62520429234,0
THP,3098808201643,262936522511,21045869342,20516968651,16034806053,0
THS,268346946492,17435104536,1129387999,1554095704,1243009760,460
THT,4282245723378,177791512404,60241205980,66300553260,52928178498,2154
TID,11764940231403,819343357770,565610708188,544208054283,441368007654,1567
TIG,1499327044762,256937966501,227687779713,207735348303,140393409593,725
TIN,756821508515,0,556346277303,-152022600886,-152022600886,-1991
TIP,167857497086,97722027416,243233705229,230936614852,186593986357,2808
TIS,10601238012356,347635530041,-55242055884,4145472742,-4682826124,-29
TIX,217995997303,155467986573,121349759266,129133180884,105150717723,3009
TJC,3344928808,660226346,3013337545,2703640168,2154707957,251
TKU,818947797885,133462038842,72044518321,69315172884,60011035968,1280
TL4,33940309586,7930817201,14965030191,4409027468,1714609054,131
TLD,568538709373,44423397221,21015404251,20749794021,18972419956,244
TLG,3758585336781,1675400675942,580025969561,586860605786,460197857479,4806
TLH,6305060172951,-297727527947,-590630850647,-573622565456,-597714931287,-5217
TLT,630257047112,48643779194,12825614020,15256546991,12519742379,1791
TMB,41718811185328,1518431857235,130402365465,201413058417,143743380009,9583
TMC,2489000782722,140945427969,12166213405,12753847514,10024304981,808
TMG,1158378432592,139138620714,68324246458,69323768528,55171478548,3065
TMP,763632751650,441689621162,425385872893,425437651873,355050036427,0
TMS,3320991190376,547975636538,276783033326,252574860147,183433615318,1134
TMT,2324357447504,-74074244002,-315933402782,-315274487494,-315482618953,-8554
TMX,489300811331,23335594827,1973945192,1953409362,1282389495,214
TN1,965315241786,243431394090,71185684893,72214618386,53009187892,816
TNA,1247023214781,33261802219,-60610516548,-61653570940,-61653570940,-1243
TNB,1391432484281,58278311838,3083911959,2953422371,1934508641,134
TNC,143177885523,39016937619,35109070108,46982868456,41041701896,2132
TNG,7736065477143,1177558456995,403523152194,388864941902,315729358285,2575
TNH,443149371056,123913311168,59318518114,55582655301,49048055704,375
TNI,992703709958,26828493928,-24698660481,-27549398832,-27722548030,0
TNS,2556153106361,71072870816,60481347211,59539198109,47909518136,2378
TNT,918232190646,10067540064,4341131667,1949062782,-75280861,0
TNV,182734691151,32417838345,5129280931,4479309462,4479309462,189
TNW,230077135111,93152050071,-5065003887,-5004167945,-5216339695,0
TOS,3975852593259,821533755603,572064479727,572183764838,488680770613,0
TOT,255129524908,52250338872,21941390192,29113757957,23097629397,0
TPB,12906139000000,0,11758895000000,7599683000000,6073575000000,0
TPC,436556738081,34764213604,7305152185,11903791484,11903791484,529
TPH,40545434658,7654360304,999093323,1812815880,1417959964,677
TPP,3174358584694,516898129839,54096333981,52998431520,41594284840,924
TRA,2336889725069,1236456085693,323883771127,324640661377,257371117388,4990
TRC,752590897902,270847200294,209021685347,241951922578,221408067572,7602
TS4,7920262628,998102593,-4237214535,-4300721698,-4300721698,-268
TSA,652666751902,59414492540,29434073471,29774644144,23715567443,678
TSB,182053893851,26722680489,6547868282,6544131576,5214770787,773
TSC,627336630841,141538166326,46883905557,49792622049,30022268816,5
TSJ,144189716652,31908781260,90209533519,90320877872,81703186693,1092
TT6,351050210198,43190510612,15511066390,15463679557,14688126233,715
TTA,734110258096,423507529187,251916262450,245400833695,228784140606,1142
TTC,172524796980,23931375543,3758335408,3937043855,3117868178,525
TTD,778204015411,171063634078,92844000023,95029383842,84280652613,4999
TTE,122015657920,66623458541,-20815923679,-22031210361,-23136995174,-818
TTF,1224423344957,140498134379,2491699058,11850849183,11358757692,28
TTH,872556641994,15716182697,-11164831799,-11293831871,-12665400693,0
TTL,1663955117694,127424074937,6245517799,5008508206,2240752656,-187
TTN,360801792357,119469955210,73404351065,75471079545,60647991959,1431
TTS,5338111610218,55954364212,12480922907,14069444930,11222769337,221
TTT,124434586569,17390480341,30502296718,34264726982,27322179479,4742
TUG,99879225052,21583142128,10242119490,10186823487,7982867743,2957
TV1,562167025593,220581685662,130078335457,119378491458,91985061001,0
TV2,1336237832457,193326037369,78836610615,80056383047,64690210869,958
TV3,185085686110,52353518291,13922664951,13549223041,12167100392,1278
TV4,207053172796,52154339888,34251358303,33507900000,30684748003,1551
TVA,173831241419,11308409968,-1586139117,-991155740,-1630909154,-259
TVB,184068834722,132336910631,114546749612,114394456158,126147077053,1125
TVC,246634528425,190629879383,397531622687,398923960841,413440369170,2772
TVD,6497780720614,387421191920,118724556451,119691287011,94352726294,2098
TVN,36188170659291,1179277073148,213026877479,356096458768,311463999733,423
TVS,1149510094552,809565053200,344445322188,343792284649,281633967891,1683
TVT,1707313801052,207722712089,30659663955,32567833257,22141416933,1116
TXM,236028065707,26366412749,-3384930789,-1166588029,-1182825397,-169
TYA,1860877702477,179437655040,97706054992,97125336407,77574250113,0
UDC,341962811289,68577086722,-34481978083,-42832328259,-46344123969,-1104
UDJ,42732464207,13730297926,8682726933,8641830636,6777210849,378
UIC,2967385498973,97809637961,74594189563,72857918356,57426599196,7035
UNI,1067037037,945582537,407603879,401626718,330016738,21
UPH,130580579241,17040130359,2558996328,2621598978,3070313447,0
UXC,584292672805,76950015409,-63888046777,-37603147820,-37603147820,-1062
V12,460882195733,28900958583,11226661135,11409225071,9098460780,782
V21,119230524183,11903815497,-2227335172,-1176066225,-1176066225,-98
VAB,2327701288865,0,1640054981792,1084890976328,876765183253,0
VAF,1220272860917,280091071863,76073702700,76118226523,57042290065,1514
VAV,1071930588202,334694804318,280332542972,280860210096,224336402753,7011
VBB,2811573000000,0,1936137000000,1131298000000,900925000000,1262
VBC,822003074146,75332975766,35155628031,35163794159,27907774204,3721
VC1,508484750647,30843716150,8776017522,6205605838,3493365035,291
VC2,1233029252986,141655086749,44134968892,71584935378,55373982914,816
VC3,611367733216,176575981762,113928452427,94328181954,65437055528,411
VC6,1647088311259,97750913900,28951169826,30168286529,24118526544,2492
VC7,293915224690,42450040454,13244757043,13069211524,9729115745,93
VC9,233707109417,21982255582,1274842725,789293438,789293438,47
VCA,1357758052581,29638969417,1046897416,1046897416,1036982948,68
VCB,55405735000000,0,45551135000000,42236138000000,33853127000000,6053
VCC,1057004061947,99931540837,9645880839,10427341313,7362015728,307
VCF,2556279078149,501633375658,560321410369,558046828830,446437314660,16797
VCG,12872959173073,1996191670883,1397929302757,1420328762179,1157573118920,1579
VCI,3695525335470,1978123312941,1086551800931,1089337104906,910692113293,0
VCM,58714086272,9580219674,4361211371,4479367335,3558285096,593
VCP,1772499363276,655867472116,364424520777,365694535474,341034243706,0
VCR,3129661385,426242355,-21691377837,-21831377837,-21831377837,-104
VCS,4322071392821,1178092168658,960647840563,953344569496,807122189551,4824
VCW,594399968012,143028083004,-86240612887,-93543388917,-93543388917,-1247
VCX,832963437748,54491428926,27716010194,27092381767,22476958718,0
VDP,948124502551,245280760248,85990089225,90813770315,72191987992,0
VDS,987355496559,473039027628,355157122647,355639857732,291209118880,1287
VE1,4700173437,3086085835,754762055,551613691,551613691,476
VE2,662330904,448412897,-1365050082,-1372055790,-1372055790,-651
VE3,170870956519,11616598903,1153201940,915699308,346726305,263
VE4,72961639009,7498935757,284172503,673804033,504262429,491
VE9,175408000,-80183000,-500190575,-887317164,-887317164,-74
VEA,4118788520689,619112329819,7619213903386,7615101904302,7421778312671,5536
VEC,297972386858,105584985609,-204475164,6842414094,-964363128,-175
VEF,4635819799,-7480588397,881681344069,878366433746,698798922919,4194
VES,691200000,425047416,-5532314,1469263219,1064409859,118
VET,371273712661,166139010364,615976623,-38096098498,-38096098498,0
VFC,1163383793964,77700185509,35521596839,36863076171,25344749986,749
VFG,3497604332595,910952346857,567609593332,569719178786,470617176334,9096
VFR,95682474431,12550262875,52792310581,52451523273,26966533686,1787
VFS,278942730988,218751818737,156088310621,156088310621,125172469958,979
VGC,11912808556467,3514371346760,1602492933634,1635938296069,1189746510864,0
VGG,9753088124766,1054054675289,413919016900,429078308693,362329606152,6583
VGI,35363346994645,18063434519271,10409598887899,10720383962364,7187139086792,1816
VGP,10581070482074,38436024489,17730466263,21474620218,17098096174,2185
VGR,1093033466599,446962750535,392074871338,390824597852,340725434466,5387
VGS,7321865829546,221990691950,134896139015,134920718529,109869863320,1845
VGT,17361604859196,1911321778302,803002510910,835531366248,685221460772,0
VGV,737147083321,136282647951,65186401165,64482704402,53253717696,1228
VHC,12535149032218,1891123168645,1461409719151,1496473859659,1310751882394,5507
VHD,194912762450,10585626914,-196207824173,-197329423296,-178112394141,-4687
VHE,436101869536,15775064616,2117406990,2335186554,1905581562,58
VHF,568833977573,23290907052,4753679843,4981810665,4981810665,0
VHG,0,0,-2647470818,-2647470818,-2647470818,-18
VHL,1148291688627,126722943574,-39522354590,-60825774196,-66535082226,-2661
VHM,102045377000000,32424954000000,41357323000000,40860441000000,35052468000000,7257
VIB,16750412000000,0,13357758000000,9004300000000,7204467000000,2385
VIC,192159467000000,28112144000000,11251872000000,16724348000000,5251002000000,3155
VID,1188877855220,73052212762,13994544665,17462329531,15273370628,363
VIF,1600198920305,245032675233,374082228013,377353175352,358743174864,0
VIG,42375110616,33934313504,25333934396,24257411764,20422608706,0
VIH,561471007219,45667581236,11312500759,7691935484,5312401705,949
VIM,65892699117,10054468589,1579841824,1570579998,994370692,795
VIN,165676939146,23443167950,31474851874,32540769688,31545560539,0
VIP,569810705098,147386329451,112904342934,124119839411,98990836362,0
VIT,2143144259787,199891136796,67214127809,68207706417,55742568025,1115
VIW,880087278465,111653714489,16459854213,17296917265,9988061923,-40
VIX,1837806618366,938335683000,814847740232,815126042300,663319958731,677
VJC,71858661874889,6966591239887,1431550425875,1869094088920,1426617147790,2632
VKC,24870207591,-14057039008,-161141941644,-158474985587,-158294757742,0
VLA,14762079517,10053841633,-2160110413,721154262,510569793,128
VLB,1303727922970,351574885533,284003955291,275274900719,217976116364,3966
VLC,2957333044342,769941249933,143552030732,138208828263,117050233454,193
VLG,178828665087,7254200446,2180416932,37951470451,28525108496,2014
VLW,195195826979,124968430908,82195734031,89147101705,73099741890,2185
VMC,1118087481331,85185945469,4859205117,8826471047,3486932211,133
VMD,1249495926312,118498744470,3322941497,31591281945,24567155898,1597
VMS,213827803788,27323478731,15782426923,19159172243,15374533980,1708
VNA,620600948687,18771239878,-11585833559,82214677627,65721232745,2434
VNB,31735598766,13167154846,93974734685,94075557618,75104454571,1106
VNC,820483069668,166857128158,46571955389,45967345363,36352326992,3315
VND,5324411264886,3202831011420,2091785755757,2088324132297,1718425030212,1282
VNE,701044805489,-2618364943,-225047985202,-222765767806,-229992174654,-2676
VNF,1770162801727,179498733733,102543292383,103918469325,74671206024,2363
VNG,709627651087,182554833418,42730096766,38129730301,1628657555,25
VNL,1152738721057,80406112525,59227493648,59324067723,45433863603,3149
VNM,61782609528445,25590176323124,11593977638387,11599653741335,9452892989948,4022
VNP,78646587319,9244554761,14903642398,15076288540,15076288540,776
VNR,1903414913090,166253126404,446181855228,481041747817,404925203501,2174
VNS,1002138179707,186424705802,17693243915,85669522638,84071961165,1229
VNT,1424557233369,67178966188,7229524351,8360708884,236473829,-16
VNY,110203523749,27372941304,3754213508,4560088289,3421742771,211
VNZ,9504846417470,3444270045572,-252577168307,-584530148882,-1018059001937,0
VOC,418970777786,2674893320,66791472958,66957439943,53847747079,442
VOS,5576122957488,127137894239,24689397651,417934858749,335255267808,2395
VPA,107625581854,-19903281788,-50418260644,-50147764156,-50147764156,0
VPB,49080407000000,0,47915324000000,20012700000000,15986826000000,1989
VPD,586228643980,313785191076,262534233920,265467689342,211949081656,1988
VPG,16257201869354,636521575997,145963309543,142532548530,112226795105,183
VPH,46213216558,6104822701,163460813719,164898546813,134203325288,1407
VPI,1898039523381,317193264009,350091916915,343834227184,306845686312,1032
VPS,572890966655,188060462195,32063129806,32489599803,24763547829,973
VRC,15106800858,11861804185,1876882953,2054224889,1541438933,15
VRE,8939117000000,4755392000000,4720279000000,5133329000000,4095780000000,0
VRG,113587777352,105123006195,82199632890,81433016825,58414650903,2256
VSA,1101209084537,85746347791,26533573136,27788868125,21978465468,1559
VSC,2787912700840,970329881300,676052403148,651446881794,561408268782,2558
VSF,21460066916824,1631718862296,3399906179,58713434440,29726537994,8
VSH,1825139095390,873408304414,522196158110,521913078859,448329469019,1898
VSI,251708699986,69271983216,29676825097,29779246782,24119681952,1794
VSM,294480746178,31339568657,15895448251,16150566951,12332712544,0
VSN,3137790879280,746731695448,139927382630,141596526143,111100632599,635
VST,496024249089,69358529547,-635429662,220840293158,217871479034,3158
VTB,114584602158,63211374266,14398061940,14385409193,11330776986,1075
VTC,236597152008,48560993894,6144695730,6231363631,3510794046,760
VTD,158129272076,18666098115,-3360831259,-5186421923,-5298845344,-442
VTE,339912074165,24436866333,918068888,839281669,408263514,26
VTG,26223211992,2440945169,-18663002620,6484491483,6162203607,300
VTH,757173069910,74078499673,13565345048,13157771692,10382600560,0
VTJ,0,0,204607129,203892691,49295344,4
VTO,1118709518207,255247636606,130205932476,140563965779,109381867414,1107
VTP,20756165947139,1013458433728,483465296483,483721106755,382831203810,2360
VTQ,122027799263,25916730349,2251559375,2783376209,2783376209,0
VTR,6742564916029,440265130248,32423732986,61903863603,47016376999,1667
VTV,1360524438250,113031920621,-6068850317,-5723817810,-6989834727,-224
VTX,184947185824,-36233285123,-96051768424,-103272030463,-104535030463,-4984
VTZ,3542984597319,200350539243,77314140020,77125214583,61235091942,1309
VUA,20197063207,-18647752034,-29821097377,-28591853650,-28591853650,-843
VVN,4468044989296,47783169872,-431457428121,-415962648986,-425356572896,-7734
VVS,3891109720791,281313313842,90505076376,86960868982,68845580894,3198
VW3,265165601414,13731786926,2246245227,2442210047,1797678875,899
WCS,158282285993,95386802347,88959225725,94687139268,75470841165,25072
WSB,961283257564,92441151146,90340524699,90594673183,82536315873,5261
WSS,23197462651,-25899819300,-32027479297,-31941989297,-31941989297,0
X20,1301552526668,239402876611,56898035997,57059743614,45421256064,0
XDH,155896493884,30607387115,20101112069,26247181964,20783292915,769
XHC,545184703049,83841968916,53491602502,53918627052,53237649785,2525
XMC,1596502518138,171229454411,14548138948,20632832429,8726454558,0
XMP,71497768393,41810812223,19031916622,18806060383,18252138922,0
XPH,38133493372,8707521738,-7174453703,-7212590207,-7212590207,0
YBM,771127397318,239865098863,18078585835,17736998724,13452546261,941
YEG,1006914104566,143797361113,124198054487,116698244618,126771006766,927
