mack,taisannganhan,taisandaihan,tongtaisan,nophaitra,vonchusohuu
AAA,6441856215121.0,7306027379609.0,13747883594730.0,7512721392568.0,6235162202162.0
AAH,423851699606.0,1038862306816.0,1462714006422.0,265662219636.0,1197051786786.0
AAM,165566091444.0,36770462951.0,202336554395.0,6013144141.0,196323410254.0
AAS,4784975321815.0,270661643206.0,5055636965021.0,2555670286501.0,2499966678520.0
AAT,434732640242.0,886907373253.0,1321640013495.0,589734740137.0,731905273358.0
AAV,571786452695.0,364135318877.0,935921771572.0,167589023102.0,768332748470.0
ABB,0.0,0.0,176741649000000.0,162692209000000.0,14049440000000.0
ABC,815088889226.0,82296786976.0,897385676202.0,399052634114.0,498333042088.0
ABI,4180315820249.0,160019042880.0,4340334863129.0,2799517923846.0,1540816939283.0
ABR,113996062226.0,240038257251.0,354034319477.0,59936822741.0,294097496736.0
ABS,946631668276.0,55302823761.0,1001934492037.0,85411864617.0,916522627420.0
ABT,438491675489.0,330080632274.0,768572307763.0,225710376167.0,542861931596.0
ABW,2544709772677.0,845333140570.0,3390042913247.0,1947148357172.0,1442894556075.0
ACB,0.0,0.0,864005703000000.0,780544025000000.0,83461678000000.0
ACC,1753468940666.0,1235372338122.0,2988841278788.0,1651823110123.0,1337018168665.0
ACG,4119960561265.0,1519852953100.0,5639813514365.0,1463639638592.0,4176173875773.0
ACL,1409401659409.0,260438284197.0,1669839943606.0,860161085924.0,809678857682.0
ACV,40530332709669.0,36739371612334.0,77269704322003.0,17328681525697.0,59941022796306.0
ADC,149560425868.0,26471896163.0,176032322031.0,92733768848.0,83298553183.0
ADG,237823627820.0,258278076815.0,496101704635.0,108945025139.0,387156679496.0
ADP,318232759297.0,37156354346.0,355389113643.0,83031266659.0,272357846984.0
ADS,1989821988920.0,615882429103.0,2605704418023.0,1646192567543.0,959511850480.0
AFX,1679286459190.0,315035016813.0,1994321476003.0,1518480651319.0,475840824684.0
AGF,157634018279.0,124426392163.0,282060410442.0,464576196810.0,0.0
AGG,5819046786567.0,1216437180660.0,7035483967227.0,3898395385751.0,3137088581476.0
AGM,200166503582.0,844053653640.0,1044220157222.0,1279590643478.0,0.0
AGP,612887496515.0,481391388990.0,1094278885505.0,694414276784.0,399864608721.0
AGR,3244798533495.0,227428574044.0,3472227107539.0,1029539399155.0,2442687708384.0
AIC,4843821336185.0,271256411436.0,5115077747621.0,4007165203964.0,1107912543657.0
AIG,7443501187991.0,3100818189880.0,10544319377871.0,4523420461495.0,6020898916376.0
ALT,234029629143.0,133000948082.0,367030577225.0,149775206529.0,217255370696.0
AMC,58317156241.0,43758759412.0,102075915653.0,49194601543.0,52881314110.0
AME,3138139358571.0,110231577536.0,3248370936107.0,2432232792069.0,816138144038.0
AMS,2188152784452.0,1084669189268.0,3272821973720.0,2468536156938.0,804285816782.0
AMV,973004614617.0,1002007406378.0,1975012020995.0,281576662438.0,1693435358557.0
ANT,747605089594.0,478919142716.0,1226524232310.0,926732667423.0,299791564887.0
ANV,2585543414472.0,2276825513625.0,4862368928097.0,2065101042789.0,2797267885308.0
APC,87876737366.0,726315830690.0,814192568056.0,244411526224.0,569781041832.0
APF,1966215484304.0,1454687020186.0,3420902504490.0,2264570270034.0,1156332234456.0
APG,2115341268710.0,537781189058.0,2653122457768.0,269541538972.0,2383580918796.0
APH,6448108630310.0,6976415600046.0,13424524230356.0,7506270481144.0,5918253749212.0
API,1670252568883.0,501668460904.0,2171921029787.0,1259982757904.0,911938271883.0
APS,740130494746.0,74995156684.0,815125651430.0,12022879908.0,803102771522.0
ARM,163329227259.0,7826797445.0,171156024704.0,132575976164.0,38580048540.0
ART,84172738968.0,52199741658.0,136372480626.0,4833380144.0,131539100482.0
ASG,1758817022499.0,1511893749174.0,3270710771673.0,1238105053078.0,2032605718595.0
ASM,13612326985222.0,9292324819953.0,22904651805175.0,14814638319823.0,8090013485352.0
ASP,823946804411.0,763972563457.0,1587919367868.0,1285426570216.0,302492797652.0
AST,605817871710.0,247462399518.0,853280271228.0,235005632497.0,618274638731.0
ATG,10155210712.0,53875758.0,10209086470.0,10356320386.0,0.0
ATS,15231771464.0,33143354272.0,48375125736.0,4722235191.0,43652890545.0
AVC,305590431873.0,951682195321.0,1257272627194.0,166933497013.0,1090339130181.0
AVG,212421494614.0,191387963590.0,403809458204.0,176879151179.0,226930307025.0
BAB,0.0,0.0,165486693000000.0,153704243000000.0,11782450000000.0
BAF,3130333277334.0,4336177713921.0,7466510991255.0,4526158708257.0,2931360454631.0
BAX,300182253950.0,424145809831.0,724328063781.0,513890957153.0,210437106628.0
BBC,1190311408679.0,1017198384144.0,2207509792823.0,712333504710.0,1495176288113.0
BBM,20735102168.0,12888755592.0,33623857760.0,9337737687.0,24286120073.0
BBS,222062843952.0,69238474808.0,291301318760.0,183474642186.0,107826676574.0
BCA,2553266694490.0,1361724767081.0,3914991461571.0,3416799220544.0,498192241027.0
BCC,672229543798.0,2740142105027.0,3412371648825.0,1635582933110.0,1776788715715.0
BCE,586640809682.0,127139265109.0,713780074791.0,326788636660.0,386991438131.0
BCF,408358420089.0,241943279332.0,650301699421.0,251077300501.0,399224398920.0
BCG,22192281555771.0,24330345870388.0,46522627426159.0,25129038467955.0,21393588958204.0
BCM,31833437805614.0,26943991074612.0,58777428880226.0,38297527424945.0,20479901455281.0
BCR,4997023204884.0,8322177731829.0,13319200936713.0,7142481659496.0,6176719277217.0
BDB,21506975167.0,4056571888.0,25563547055.0,12105139534.0,13458407521.0
BDG,887424085215.0,240417396839.0,1127841482054.0,476610863954.0,651230618100.0
BDT,175428937396.0,932430089798.0,1107859027194.0,561806664860.0,546052362334.0
BDW,67780324344.0,390781283675.0,458561608019.0,200880191289.0,257681416730.0
BED,34293630238.0,19970479748.0,54264109986.0,10729720363.0,43534389623.0
BFC,2609029616931.0,669023349358.0,3278052966289.0,1758230144960.0,1519822821329.0
BGE,8159693851395.0,11286024617695.0,19445718469090.0,9328358118156.0,10117360350934.0
BGW,85736534234.0,144574024874.0,230310559108.0,37581821506.0,192728737602.0
BHA,156442874815.0,1383805197443.0,1540248072258.0,554459435690.0,985788636568.0
BHC,358746841.0,33989135911.0,34347882752.0,111390268356.0,0.0
BHI,4203353967466.0,738226139189.0,4941580106655.0,3730355540428.0,1211224566227.0
BHK,26184240258.0,75259955307.0,101444195565.0,51444411292.0,49999784273.0
BHN,5348109912182.0,1912851935763.0,7260961847945.0,1982883392149.0,5278078455796.0
BIC,7540816280725.0,1128170505860.0,8668986786585.0,5704715538351.0,2964271248234.0
BID,0.0,0.0,2760690000000000.0,2616180000000000.0,144511549000000.0
BKC,285416829838.0,143209703764.0,428626533602.0,191655689632.0,236970843970.0
BKG,448929349261.0,348773316878.0,797702666139.0,45408126899.0,752294539240.0
BLI,2406280444477.0,169818640153.0,2576099084630.0,1675256496723.0,900842587907.0
BMC,211050541521.0,45984622512.0,257035164033.0,20246329163.0,236788834870.0
BMF,628763822232.0,88000635752.0,716764457984.0,536686434430.0,180078023554.0
BMI,6434056336254.0,1021033343096.0,7455089679350.0,4667546179751.0,2787543499598.0
BMJ,516112380478.0,1130426466165.0,1646538846643.0,430564177986.0,1215974668657.0
BMP,2596113208895.0,604381767393.0,3200494976288.0,498796285653.0,2701698690635.0
BMS,1722932342405.0,39694194357.0,1762626536762.0,898102527112.0,864524009650.0
BMV,386904910009.0,89268263633.0,476173173642.0,229673466290.0,246499707352.0
BNA,1217730999655.0,406240798788.0,1623971798443.0,1085891212428.0,538080586015.0
BNW,158940740516.0,748012856201.0,906953596717.0,479918472984.0,427035123733.0
BOT,517432642113.0,1305889326916.0,1823321969029.0,1419268022094.0,404053946935.0
BPC,176650351785.0,1499756165.0,178150107950.0,84303144756.0,93846963194.0
BRC,224521409319.0,84356265858.0,308877675177.0,96348942015.0,212528733162.0
BRR,336121033332.0,1284645412240.0,1620766445572.0,169812858115.0,1450953587457.0
BSA,392677969504.0,883321798527.0,1275999768031.0,369674246291.0,906325521740.0
BSC,25845072463.0,17539138010.0,43384210473.0,2754607519.0,40629602954.0
BSG,220171443373.0,337240766884.0,557412210257.0,181389719642.0,376022490615.0
BSH,322728308410.0,72835413613.0,395563722023.0,88482284367.0,307081437656.0
BSI,9761438272702.0,553617410063.0,10315055682765.0,5253174152094.0,5061881530671.0
BSL,440197213745.0,201183681329.0,641380895074.0,133146238020.0,508234657054.0
BSP,138165476659.0,193364583879.0,331530060538.0,140408131550.0,191121928988.0
BSQ,448998204247.0,881934974598.0,1330933178845.0,493995757281.0,836937421564.0
BSR,71632062869103.0,16814349345327.0,88446412214430.0,32914156385349.0,55532255829081.0
BST,23503022429.0,2019715476.0,25522737905.0,10160258632.0,15362479273.0
BTH,1241075149724.0,85189615103.0,1326264764827.0,382916751996.0,943348012831.0
BTP,511510042652.0,745874584045.0,1257384626697.0,201606537986.0,1055778088711.0
BTS,689906675242.0,2404333210212.0,3094239885454.0,2023818027178.0,1070421858276.0
BTT,171543931538.0,334116851445.0,505660782983.0,115997143218.0,389663639765.0
BTV,305343107938.0,192575819079.0,497918927017.0,248558903412.0,249360023605.0
BTW,176431855076.0,204340050510.0,380771905586.0,119475383130.0,261296522456.0
BVB,0.0,0.0,103536280000000.0,97381372000000.0,6154908000000.0
BVH,121164969626422.0,130052807840014.0,251217777466436.0,227711204753433.0,23506572713003.0
BVL,1482416587722.0,303997355753.0,1786413943475.0,496247388693.0,1290166554782.0
BVS,5081242780648.0,547665110380.0,5628907891028.0,3184312238217.0,2444595652811.0
BWE,4472952238587.0,9728449824621.0,14201402063208.0,8685187380060.0,5516214683148.0
BWS,381039677873.0,890846687808.0,1271886365681.0,94333243796.0,1177553121885.0
BXH,93953051134.0,3661238403.0,97614289537.0,42972520321.0,54641769216.0
C21,249311569528.0,739917638093.0,989229207621.0,147567802772.0,841661404849.0
C32,293409929812.0,494509783499.0,787919713311.0,241008293274.0,546911420037.0
C47,1717943121164.0,507653798713.0,2225596919877.0,1785769957993.0,439826961884.0
C4G,5444293061137.0,4048859370162.0,9493152431299.0,5570830394756.0,3922322036543.0
C69,1032654514261.0,155530261107.0,1188184775368.0,338333384310.0,849851391058.0
CAD,4224900383.0,7218759823.0,11443660206.0,1515860495538.0,0.0
CAG,90748850884.0,57485236423.0,148234087307.0,5012073816.0,143222013491.0
CAN,242262536853.0,44650811658.0,286913348511.0,141549540971.0,145363807540.0
CAP,243977602153.0,25985903798.0,269963505951.0,30015199762.0,239948306189.0
CAR,29606871902.0,33699694337.0,63306566239.0,4950799335.0,58355766904.0
CBI,954528349228.0,1021623607305.0,1976151956533.0,1689094376990.0,287057579543.0
CC1,10396024704547.0,6342876211554.0,16738900916101.0,12161472906709.0,4577428009392.0
CC4,1250260601445.0,575205375772.0,1825465977217.0,966752307740.0,858713669477.0
CCA,721482067389.0,85070473885.0,806552541274.0,550301337439.0,256251203835.0
CCI,503859599266.0,290956591438.0,794816190704.0,522248001372.0,272568189332.0
CCL,927859884388.0,203748555551.0,1131608439939.0,407625140702.0,723983299237.0
CCR,50605116823.0,263379954234.0,313985071057.0,33314141913.0,280670929144.0
CCT,100129501249.0,260946426647.0,361075927896.0,93460658344.0,267615269552.0
CDC,1902650384700.0,245404956275.0,2148055340975.0,1760786492391.0,387268848584.0
CDN,940347160388.0,1519829679804.0,2460176840192.0,629702839355.0,1830474000837.0
CDO,74425398600.0,157495811217.0,231921209817.0,24063075091.0,207858134726.0
CDP,1933952763133.0,200960076864.0,2134912839997.0,1917906960863.0,217005879134.0
CEN,103690592569.0,120399518380.0,224090110949.0,5397154878.0,218692956071.0
CEO,4994843913089.0,3969051082253.0,8963894995342.0,2648217492294.0,6315677503048.0
CET,22901147689.0,49000000000.0,71901147689.0,4480779262.0,67420368427.0
CFV,183254226231.0,60923018323.0,244177244554.0,58268180308.0,185909064246.0
CHP,525478385480.0,2170763976717.0,2696242362197.0,708351241613.0,1987891120584.0
CHS,442699056820.0,27171829370.0,469870886190.0,145674263757.0,324196622433.0
CIA,285513968685.0,63021198585.0,348535167270.0,19008663711.0,329526503559.0
CIG,551650658703.0,482013307765.0,1033663966468.0,819304474895.0,214359491573.0
CII,8577909295487.0,28119415373302.0,36697324668789.0,27550184216941.0,9147140451848.0
CJC,229020186458.0,18660004726.0,247680191184.0,153731238989.0,93948952195.0
CKD,986083883654.0,228229371590.0,1214313255244.0,677209424023.0,537103831221.0
CKG,4097926551175.0,936986074834.0,5034912626009.0,3558744810600.0,1476167815409.0
CKV,150546712158.0,48569118966.0,199115831124.0,121979872564.0,77135958560.0
CLC,1841282095680.0,113993727923.0,1955275823603.0,1045472119467.0,909803704136.0
CLH,210022921582.0,102106044354.0,312128965936.0,111828080345.0,200300885591.0
CLL,402785293949.0,278807528148.0,681592822097.0,57776795611.0,623816026486.0
CLM,1269152792510.0,78060058371.0,1347212850881.0,598714097793.0,748498753088.0
CLW,261568658662.0,307846071619.0,569414730281.0,314247045909.0,255167684372.0
CLX,258675863532.0,2141227479756.0,2399903343288.0,585330626891.0,1814572716397.0
CMC,112605643455.0,46339618392.0,158945261847.0,98170931075.0,60774330772.0
CMD,311420391799.0,31998946740.0,343419338539.0,108268416259.0,235150922280.0
CMI,135383604461.0,73683973558.0,209067578019.0,319819291098.0,0.0
CMM,2522073925830.0,957922040974.0,3479995966804.0,2346605417426.0,1133390549378.0
CMP,148600432791.0,545197886646.0,693798319437.0,333943081262.0,359855238175.0
CMS,512303060809.0,45563710372.0,557866771181.0,277457224342.0,260456632778.0
CMV,384611250159.0,117176034493.0,501787284652.0,256052850203.0,245734434449.0
CMW,56291409461.0,270118040507.0,326409449968.0,151941826592.0,174467623376.0
CMX,2815888721819.0,1067825309185.0,3883714031004.0,2188952444928.0,1694761586076.0
CNG,1125797880972.0,239579586739.0,1365377467711.0,734605508556.0,630771959155.0
CNT,776755163626.0,64184902538.0,840940066164.0,143745241106.0,697194825058.0
COM,207457826765.0,279282264165.0,486740090930.0,52515883851.0,434224207079.0
CPA,32846836655.0,74257899214.0,107104735869.0,66248625894.0,40856109975.0
CPC,102987263945.0,19398923716.0,122386187661.0,37270946478.0,85115241183.0
CPI,11216326227.0,31994792130.0,43211118357.0,66623902593.0,0.0
CQN,465506706653.0,671691016832.0,1137197723485.0,158122102610.0,979075620875.0
CQT,93318863702.0,419183726753.0,512502590455.0,252288435595.0,260214154860.0
CRC,598133214296.0,614826255633.0,1212959469929.0,394706463805.0,818253006124.0
CRE,4276182318951.0,2911262062460.0,7187444381411.0,1526345629183.0,5661098752228.0
CSC,2258092033061.0,58750547094.0,2316842580155.0,1462346094909.0,854496485246.0
CSI,161292490684.0,6575819915.0,167868310599.0,1714021882.0,166154288717.0
CSM,2910242173458.0,907410236970.0,3817652410428.0,2453222859934.0,1364429550494.0
CST,1515577400251.0,1147073367584.0,2662650767835.0,1582339078045.0,1080311689790.0
CSV,1463031729775.0,395196473325.0,1858228203100.0,304450146866.0,1553778056234.0
CTB,578994499487.0,130235951096.0,709230450583.0,404945339255.0,304285111328.0
CTD,20456205370323.0,2412569367809.0,22868774738132.0,14277507533298.0,8591267204834.0
CTF,2808331957018.0,1111014307057.0,3919346264075.0,2797980310733.0,1121365953342.0
CTG,0.0,0.0,2385380000000000.0,2235440000000000.0,149944138000000.0
CTI,502767741948.0,4089208204320.0,4591975946268.0,3061636228973.0,1530339717295.0
CTP,79394725215.0,75003929550.0,154398654765.0,5902275133.0,148496379632.0
CTR,5386987962620.0,1680206970951.0,7067194933571.0,5204790495056.0,1862404438515.0
CTS,8598346699061.0,99775052970.0,8698121752031.0,6445212840277.0,2252908911754.0
CTT,615466853308.0,122536457552.0,738003310860.0,669536227980.0,68467082880.0
CTW,168668926146.0,642866961736.0,811535887882.0,241536691176.0,569999196706.0
CTX,526429025639.0,1405745618945.0,1932174644584.0,906605192945.0,1025569451639.0
CVN,76613283252.0,400605382587.0,477218665839.0,67980466024.0,409238199815.0
CVT,2587784781186.0,745825349727.0,3333610130913.0,2363096326519.0,970513804394.0
CX8,162664871801.0,4735371751.0,167400243552.0,139265645066.0,28134598486.0
D11,269172080799.0,95394908011.0,364566988810.0,175484909610.0,189082079200.0
D2D,389993139712.0,1126272851130.0,1516265990842.0,769467064144.0,746798926698.0
DAC,10368627095.0,3030720411.0,13399347506.0,19163868704.0,0.0
DAD,139846226690.0,23394182594.0,163240409284.0,65938992840.0,97301416444.0
DAE,46484224362.0,4286899989.0,50771124351.0,8879198230.0,41891926121.0
DAH,173827934313.0,915273977604.0,1089101911917.0,165241936494.0,923859975423.0
DAN,567183521744.0,1028947132194.0,1596130653938.0,829121724887.0,767008929051.0
DAT,1215365133185.0,305770948103.0,1521136081288.0,620520944554.0,900615136734.0
DBC,7624408851109.0,6493582056305.0,14117990907414.0,7351924142013.0,6766066765401.0
DBD,1476280617777.0,787925914940.0,2264206532717.0,603065716999.0,1661140815718.0
DBT,741785985980.0,251610170274.0,993396156254.0,708032302520.0,285363853734.0
DC2,253301995539.0,69079487504.0,322381483043.0,202721361457.0,119660121586.0
DC4,1971366932162.0,452051348343.0,2423418280505.0,1615154434695.0,808263845810.0
DCF,626087728775.0,415020221073.0,1041107949848.0,556435580832.0,484672369016.0
DCL,1432009216451.0,992136535257.0,2424145751708.0,920952752826.0,1503192998882.0
DCM,12836863732576.0,2813164321943.0,15650028054519.0,5532348933808.0,10117679120711.0
DCT,361810335732.0,396052518900.0,757862854632.0,1254153789259.0,0.0
DDG,757234899218.0,988351784000.0,1745586683218.0,930571107324.0,815015575894.0
DDM,96913366429.0,324409629658.0,421322996087.0,1232527018097.0,0.0
DDN,968999269376.0,92721612596.0,1061720881972.0,858251534606.0,203469347366.0
DDV,1767288424331.0,470775469160.0,2238063893491.0,460109448876.0,1777954444615.0
DFF,2357624604751.0,980347662040.0,3337972266791.0,3039811284597.0,298160982194.0
DGC,12700160239435.0,3119914291503.0,15820074530938.0,2119232586769.0,13700841944169.0
DGT,1358784757681.0,199333084070.0,1558117841751.0,555671158879.0,1002446682872.0
DGW,7773959379312.0,726425153164.0,8500384532476.0,5488406928068.0,3011977604408.0
DHA,368317433857.0,102128755166.0,470446189023.0,43239895336.0,427206293687.0
DHB,1280070417192.0,4967010492705.0,6247080909897.0,5629212667649.0,617868242248.0
DHC,2182036501717.0,1058436914942.0,3240473416659.0,1237392018506.0,2003081398153.0
DHD,341126024791.0,305260331564.0,646386356355.0,192191057351.0,454195299004.0
DHG,4604003766930.0,1355239509335.0,5959243276265.0,1864488178296.0,4094755097969.0
DHM,765579313548.0,213834392065.0,979413705613.0,624396402434.0,355017303179.0
DHP,133183898878.0,61027029769.0,194210928647.0,20000729018.0,174210199629.0
DHT,924861085892.0,1001444167114.0,1926305253006.0,869544931289.0,1056760321717.0
DID,161982384873.0,229473670146.0,391456055019.0,206882681505.0,184573373514.0
DIG,15963326622418.0,2571657089989.0,18534983712407.0,10468107777784.0,8066875934623.0
DIH,617433183810.0,4866057635.0,622299241445.0,502239839628.0,120059401817.0
DL1,1061178592470.0,1541153966753.0,2602332559223.0,1213950399740.0,1388382159483.0
DLG,1820028823139.0,2528598123643.0,4348626946782.0,3590487533639.0,758139413143.0
DLR,24684590875.0,29128685840.0,53813276715.0,59701678669.0,0.0
DM7,389114842980.0,150929722484.0,540044565464.0,253667233349.0,286377332115.0
DMC,1513380368981.0,313358985599.0,1826739354580.0,214173589497.0,1612565765083.0
DMN,318053381871.0,259796245862.0,577849627733.0,422923978370.0,154925649363.0
DNA,412368220660.0,1138854865226.0,1551223085886.0,705387095814.0,845835990072.0
DNC,113385268313.0,89271532377.0,202656800690.0,69462275462.0,133194525228.0
DND,53262871043.0,149522273313.0,202785144356.0,38473199758.0,164311944598.0
DNH,2427645874854.0,5049473703293.0,7477119578147.0,2208045836562.0,5269073741585.0
DNN,510111632648.0,1041075926936.0,1551187559584.0,779674520954.0,771513038630.0
DNP,8959113988782.0,8694899055418.0,17654013044200.0,11565266873057.0,6088746171143.0
DNW,817442877562.0,2706097714130.0,3523540591692.0,1077327408866.0,2446213182826.0
DP1,1113195074435.0,149931233466.0,1263126307901.0,838682752218.0,424443555683.0
DP2,130569770615.0,312791806940.0,443361577555.0,362056785234.0,81304792321.0
DP3,433326056406.0,174450654183.0,607776710589.0,88896015179.0,518880695410.0
DPC,5893978968.0,62753116812.0,68647095780.0,43957174792.0,24689920988.0
DPG,3450680115192.0,2957200520676.0,6407880635868.0,3796205413582.0,2611675222286.0
DPM,13221907121242.0,3308986559317.0,16530893680559.0,5294932178518.0,11235961502041.0
DPR,2195489396403.0,2287822928540.0,4483312324943.0,1228133598471.0,3255178726472.0
DQC,873643968345.0,460554541624.0,1334198509969.0,539064419305.0,795134090664.0
DRC,2790244180055.0,1406049225787.0,4196293405842.0,2280766555820.0,1915526850022.0
DRG,489382240423.0,2157391194669.0,2646773435092.0,762129295564.0,1884644139528.0
DRH,2799986135123.0,1096924654120.0,3896910789243.0,2584044801144.0,1312865988099.0
DRI,223161266873.0,506282506815.0,729443773688.0,138475201503.0,590968572185.0
DRL,88871371817.0,38334133230.0,127205505047.0,13924895454.0,113280609593.0
DS3,53383154783.0,104193966461.0,157577121244.0,65082334088.0,92494787156.0
DSC,5756139855473.0,36150267357.0,5792290122830.0,3390676192879.0,2401613929951.0
DSD,43488054947.0,687302951125.0,730791006072.0,145436431628.0,585354574444.0
DSE,8172043402888.0,2465208715384.0,10637252118272.0,6607451933915.0,4029800184357.0
DSG,33742225680.0,68933118744.0,102675344424.0,106277432525.0,0.0
DSN,348939495211.0,25218903958.0,374158399169.0,57908541813.0,316249857356.0
DSP,398245956142.0,584795557300.0,983041513442.0,58651778526.0,924389734916.0
DST,35352647805.0,365573730092.0,400926377897.0,1583498457.0,399342879440.0
DTA,225166475582.0,409150244886.0,634316720468.0,429685733311.0,204630987157.0
DTC,77090864930.0,120148433342.0,197239298272.0,183926854265.0,13312444007.0
DTD,878661431774.0,1336122024042.0,2214783455816.0,894357307415.0,1320426148401.0
DTG,229500850814.0,107328943801.0,336829794615.0,150771731509.0,186058063106.0
DTI,203121126471.0,63615577470.0,266736703941.0,131010736390.0,135725967551.0
DTK,5543120665881.0,10014732216669.0,15557852882550.0,7032664125046.0,8525188757504.0
DTL,1570887032084.0,600562888804.0,2171449920888.0,1414153727460.0,757296193428.0
DTP,831723135828.0,450804079781.0,1282527215609.0,308003482365.0,974523733244.0
DTT,98245862017.0,83349208854.0,181595070871.0,47187017459.0,134408053412.0
DVG,212470121451.0,107756496808.0,320226618259.0,6734449234.0,313492169025.0
DVM,943569774433.0,693297621159.0,1636867395592.0,898561834960.0,738305560632.0
DVN,4235228341072.0,2092829301538.0,6328057642610.0,2907242115885.0,3420815526725.0
DVP,1291745252469.0,347404124817.0,1639149377286.0,150211677373.0,1488937699913.0
DWC,239579143366.0,565355078847.0,804934222213.0,444038096213.0,360896126000.0
DWS,176711161445.0,890514577816.0,1067225739261.0,697316504208.0,369909235053.0
DXG,26087346135605.0,3049567115527.0,29136913251132.0,13933835250088.0,15203078001044.0
DXP,537747713921.0,469829240678.0,1007576954599.0,145144658256.0,862432296343.0
DXS,14370815860848.0,792827758963.0,15163643619811.0,6842765951903.0,8320877667908.0
DXV,115226226758.0,9231154816.0,124457381574.0,27711588630.0,96745792944.0
DZM,52909115027.0,6179266773.0,59088381800.0,66596830448.0,0.0
E12,73716191396.0,4873395879.0,78589587275.0,66717930506.0,11871656769.0
EBS,110134168355.0,70783675328.0,180917843683.0,24587453424.0,156330390259.0
ECI,44491190672.0,3383699649.0,47874890321.0,13707186600.0,34167703721.0
ECO,255012267414.0,88927059023.0,343939326437.0,119693975192.0,224245351245.0
EIB,0.0,0.0,239767994000000.0,214668588000000.0,25099406000000.0
EIC,106797273543.0,316987734620.0,423785008163.0,32253816407.0,391531191756.0
EID,597245169724.0,71223302460.0,668468472184.0,207890883941.0,460577588243.0
EIN,908174901388.0,298120692529.0,1206295593917.0,823959717821.0,382335876096.0
ELC,1184524982647.0,807314658041.0,1991839640688.0,741300627281.0,1250539013407.0
EMS,610888731347.0,138329137921.0,749217869268.0,432915394200.0,316302475068.0
EPH,41432099086.0,22125798403.0,63557897489.0,22599777729.0,40958119760.0
EVE,735599744789.0,549610117768.0,1285209862557.0,337671071539.0,947538791018.0
EVF,0.0,0.0,59598561000000.0,50591373000000.0,9007188000000.0
EVG,4270379493249.0,630347721343.0,4900727214592.0,2046428956391.0,2854298258201.0
EVS,2413125284748.0,53831903547.0,2466957188295.0,499394898126.0,1967562290169.0
FCM,557800326877.0,73940670127.0,631740997004.0,96705028330.0,535035968674.0
FCN,6363604395845.0,3340584250396.0,9704188646241.0,6336038303235.0,3368150343006.0
FCS,46894755233.0,670820621652.0,717715376885.0,656905366904.0,60810009981.0
FDC,104078112874.0,716922159098.0,821000271972.0,370257366520.0,450742905452.0
FGL,14949966794.0,102895000475.0,117844967269.0,93951639304.0,23893327965.0
FHS,1424094377785.0,72916934162.0,1497011311947.0,1275183111772.0,221828200175.0
FIC,1394989702681.0,1339026463832.0,2734016166513.0,1177686107160.0,1556330059353.0
FID,56578310617.0,270303980909.0,326882291526.0,42116724123.0,284765567403.0
FIR,815394883921.0,524012761606.0,1339407645527.0,597374710598.0,742032934929.0
FIT,5351647017415.0,2396115491927.0,7747762509342.0,1806883214433.0,5940879294909.0
FMC,2641239437985.0,1133649464998.0,3774888902983.0,1308985491015.0,2465903411968.0
FOC,928372507103.0,50875448204.0,979247955307.0,165594185145.0,813653770162.0
FOX,15229022739352.0,8539302586290.0,23768325325642.0,13122061089134.0,10646264236508.0
FPC,7435584661.0,580045685.0,8015630346.0,357452400603.0,0.0
FPT,45475495956466.0,26537742279063.0,72013238235529.0,36216611816559.0,35796626418970.0
FRT,14026158730456.0,1806391668645.0,15832550399101.0,13712736684773.0,2119813714328.0
FTM,359391703020.0,280045231203.0,639436934223.0,1473677534743.0,0.0
FTS,9580161791615.0,179399308818.0,9759561100433.0,5641592000542.0,4117969099891.0
G36,2480894544587.0,2005569225418.0,4486463770005.0,3373171027013.0,1113292742992.0
GAS,57295844201420.0,24597720302081.0,81893564503501.0,20322569237871.0,61570995265630.0
GCF,399968940820.0,267853937337.0,667822878157.0,238420835935.0,429402042222.0
GDA,10338423091776.0,2600544115619.0,12938967207395.0,9123862004957.0,3815105202438.0
GDT,233957771008.0,285550762389.0,519508533397.0,228675521923.0,298833011474.0
GDW,125220802334.0,169077125892.0,294297928226.0,106029061172.0,188268867054.0
GEE,6753873230525.0,5978099533447.0,12731972763972.0,5778334543486.0,6953638220486.0
GEG,1381711542204.0,13790652181814.0,15172363724018.0,9409067317958.0,5763296406060.0
GEX,22911987330255.0,30891350874878.0,53803338205133.0,30547810017674.0,23255528187459.0
GGG,14991496733.0,20155990146.0,35147486879.0,85002703165.0,0.0
GHC,317638258967.0,1175807891040.0,1493446150007.0,460736192407.0,1032709957600.0
GIC,55992369523.0,208493220025.0,264485589548.0,22121325906.0,242364263642.0
GIL,2751058447336.0,507809412929.0,3258867860265.0,698083517129.0,2560784343136.0
GKM,158538674179.0,304480328442.0,463019002621.0,121597445221.0,341421557400.0
GLW,44330043558.0,162750922430.0,207080965988.0,9135940240.0,197945025748.0
GMA,919547905036.0,583639377020.0,1503187282056.0,1021955403887.0,481231878169.0
GMC,191317421231.0,195023738860.0,386341160091.0,8818912724.0,377522247367.0
GMD,6675803463380.0,11309804612509.0,17985608075889.0,4232245163068.0,13753362912821.0
GMH,161272886754.0,25373749874.0,186646636628.0,8590803394.0,178055833234.0
GMX,57188174337.0,103078102348.0,160266276685.0,43138766059.0,117127510626.0
GPC,480947786395.0,290324810775.0,771272597170.0,176787166071.0,594485431099.0
GSM,132127065902.0,630556423886.0,762683489788.0,253658430662.0,509025059126.0
GSP,624543890720.0,1065596007268.0,1690139897988.0,837352083402.0,852787814586.0
GTA,286242338183.0,33435567405.0,319677905588.0,158664445852.0,161013459736.0
GTS,875186615741.0,188106067167.0,1063292682908.0,735680015010.0,327612667898.0
GVR,27738539543768.0,55806191300655.0,83544730844423.0,24938434764559.0,58606296079864.0
HAC,266324568918.0,11485196267.0,277809765185.0,12118651935.0,265691113250.0
HAD,75744139662.0,19365200815.0,95109340477.0,21208308483.0,73901031994.0
HAF,100789572627.0,180306629018.0,281096201645.0,135476702897.0,145619498748.0
HAG,7494817054000.0,14858235057000.0,22353052111000.0,13158206427000.0,9194845684000.0
HAH,1752821366810.0,5536685560009.0,7289506926819.0,3317813999088.0,3971692927731.0
HAN,5070527522919.0,1368044062387.0,6438571585306.0,4798686840665.0,1639884744641.0
HAP,396357035785.0,1029623912238.0,1425980948023.0,122416099086.0,1303564848937.0
HAR,316955542421.0,762993686911.0,1079949229332.0,3410990195.0,1076538239137.0
HAS,148232172080.0,23513915036.0,171746087116.0,43233193042.0,128512894074.0
HAT,165157642432.0,49177104378.0,214334746810.0,136886196230.0,77448550580.0
HAX,1315736137362.0,1091402041444.0,2407138178806.0,916398627668.0,1490739551138.0
HBC,12675662436907.0,2559079241907.0,15234741678814.0,13577578024865.0,1657163653949.0
HBH,193744956460.0,100607736322.0,294352692782.0,124481011271.0,169871681511.0
HBS,319769571399.0,48492089505.0,368261660904.0,4496697679.0,363764963225.0
HC3,512610908133.0,223006735618.0,735617643751.0,39568398532.0,696049245219.0
HCC,105685385772.0,39483301227.0,145168686999.0,59752097293.0,85416589706.0
HCD,616753512423.0,203146980643.0,819900493066.0,337737495288.0,482162997778.0
HCM,31172158784622.0,167478614216.0,31339637398838.0,20895695725123.0,10443941673715.0
HCT,31878874877.0,9990144012.0,41869018889.0,3194317641.0,38674701248.0
HD6,606497208146.0,204133972446.0,810631180592.0,403438847904.0,407192332688.0
HD8,163414855189.0,8298944492.0,171713799681.0,60174032896.0,111539766785.0
HDA,333062197384.0,172901886285.0,505964083669.0,162067463972.0,343896619697.0
HDB,0.0,0.0,697280806000000.0,640623305000000.0,56657501000000.0
HDC,2320740037967.0,2555485397615.0,4876225435582.0,2605288272738.0,2270937162844.0
HDG,3351656711496.0,10584024459216.0,13935681170712.0,6252205321751.0,7683475848961.0
HDM,820778771157.0,315859666834.0,1136638437991.0,723416154736.0,413222283255.0
HDW,68742279441.0,841792123488.0,910534402929.0,452263815235.0,458270587694.0
HEV,20654634808.0,551647262.0,21206282070.0,8304898390.0,12901383680.0
HFT,3302903842788.0,74687822316.0,3377591665104.0,1826381251313.0,1551210413791.0
HGM,343493874863.0,81016905069.0,424510779932.0,79276427754.0,345234352178.0
HGT,122030988434.0,132000505349.0,254031493783.0,49305111337.0,204726382446.0
HHC,636083400394.0,314102759573.0,950186159967.0,302846810957.0,647339349010.0
HHG,3251753843.0,172563531272.0,175815285115.0,89417358157.0,86397926958.0
HHP,1160416344634.0,1725376991700.0,2885793336334.0,1853628654938.0,1032164681396.0
HHS,1555096250134.0,3921688389155.0,5476784639289.0,630472371830.0,4846312267459.0
HHV,1387713345484.0,37415979973569.0,38803693319053.0,27895929937279.0,10907763381774.0
HII,1435871927594.0,492208028070.0,1928079955664.0,956795423341.0,971284532323.0
HIO,105993229700.0,399489278117.0,505482507817.0,251591176763.0,253891331054.0
HJC,272263674085.0,49735913052.0,321999587137.0,139257889504.0,182741697633.0
HJS,154689347101.0,209210287745.0,363899634846.0,41923559277.0,321976075569.0
HKB,56424051404.0,212322631105.0,268746682509.0,181243594930.0,87503087579.0
HKT,68395836358.0,23144657363.0,91540493721.0,20071231764.0,71469261957.0
HLC,601565872276.0,1002823148736.0,1604389021012.0,1185225603949.0,419163417063.0
HLD,1920455386325.0,101783339166.0,2022238725491.0,1594707820095.0,427530905396.0
HLG,0.0,0.0,0.0,0.0,0.0
HLY,2933251539.0,22531449592.0,25464701131.0,68866357310.0,0.0
HMC,1253726476889.0,105862612702.0,1359589089591.0,955284725214.0,404304364377.0
HMH,111604969771.0,136450229452.0,248055199223.0,28847219999.0,219207979224.0
HMR,82031530140.0,9287583364.0,91319113504.0,13706711738.0,77612401766.0
HNA,616950810438.0,3386125058932.0,4003075869370.0,766717209769.0,3236358659601.0
HND,3547028785992.0,3595852053715.0,7142880839707.0,1256861446633.0,5886019393074.0
HNF,1198528303749.0,866955421465.0,2065483725214.0,1371976901611.0,693506823603.0
HNG,2497832903000.0,14202958024000.0,16700790927000.0,15059978589000.0,1640812338000.0
HNI,626289511097.0,138696632655.0,764986143752.0,309067533162.0,455918610590.0
HNM,383309244058.0,222240011184.0,605549255242.0,129878405434.0,475670849808.0
HNR,273471804928.0,96895552913.0,370367357841.0,22986353733.0,347381004108.0
HOM,501012788752.0,738497004273.0,1239509793025.0,377424462957.0,862085330068.0
HPD,26941265240.0,142668709922.0,169609975162.0,45010231990.0,124599743172.0
HPG,87078573452172.0,137411131464837.0,224489704917009.0,109842249570293.0,114647455346716.0
HPI,831891245365.0,1560248197438.0,2392139442803.0,1970034592881.0,422104849922.0
HPW,673113810631.0,1401918293801.0,2075032104432.0,986657753830.0,1088374350602.0
HPX,6285034174418.0,1421453054164.0,7706487228582.0,4069964266353.0,3636522962229.0
HQC,6041115134899.0,4095543405490.0,10136658540389.0,4711870001824.0,5424788538565.0
HRC,110401324987.0,737500336715.0,847901661702.0,240538885187.0,607362776515.0
HSG,14174354519923.0,5391266415234.0,19565620935157.0,8648683879620.0,10916937055537.0
HSL,253589218075.0,216032482092.0,469621700167.0,22812868878.0,446808831289.0
HSM,486640288775.0,718319012344.0,1204959301119.0,825905361005.0,379053940114.0
HSP,208582994867.0,20154383055.0,228737377922.0,31812001811.0,196925376111.0
HSV,379204632898.0,25071034591.0,404275667489.0,230975590887.0,173300076602.0
HT1,1903995283234.0,6318373407913.0,8222368691147.0,3342228038532.0,4880140652615.0
HTC,284717519574.0,317101790422.0,601819309996.0,298802883894.0,303016426102.0
HTE,226818184819.0,111616149106.0,338434333925.0,106591994499.0,231842339426.0
HTG,2095048422916.0,827152513973.0,2922200936889.0,1998264958418.0,923935978471.0
HTI,339141803117.0,1168214102579.0,1507355905696.0,1002797046901.0,504558858795.0
HTL,210524486239.0,55133839556.0,265658325795.0,82092141393.0,183566184402.0
HTM,1026280847065.0,2089034722044.0,3115315569109.0,890919202242.0,2224396366867.0
HTN,7121280148231.0,527452304290.0,7648732452521.0,6113910423802.0,1534822028719.0
HTP,1762891769686.0,4919958617439.0,6682850387125.0,4692877093604.0,1989973293521.0
HTT,15291554224.0,184986531601.0,200278085825.0,83860106956.0,116417978869.0
HTV,367044469733.0,30053972417.0,397098442150.0,65787577919.0,331310864231.0
HU1,555124383940.0,127782448861.0,682906832801.0,535222601508.0,140840731329.0
HU4,695653928489.0,7026579335.0,702680507824.0,499027528114.0,203652979710.0
HUB,527977661296.0,436572613323.0,964550274619.0,353810673979.0,610739600640.0
HUG,439346079240.0,167982553037.0,607328632277.0,329960023827.0,277368608450.0
HUT,12886146474221.0,16297003831497.0,29183150305718.0,17620639727703.0,11562510578015.0
HVA,150227316076.0,1067242860.0,151294558936.0,3718400214.0,147576158722.0
HVH,343009523312.0,350949683760.0,693959207072.0,142558985160.0,551400221912.0
HVN,17462288140610.0,40601731601998.0,58064019742608.0,68109329694481.0,0.0
HVT,390419764666.0,454441117043.0,844860881709.0,389268322540.0,455592559169.0
HVX,125854618283.0,477521799745.0,603376418028.0,269617658290.0,333758759738.0
HWS,472795339271.0,1519683814518.0,1992479153789.0,872672345824.0,1119806807965.0
ICF,150279981834.0,37647134726.0,187927116560.0,102641462685.0,85285653875.0
ICG,336733035280.0,194680534494.0,531413569774.0,250984368235.0,280429201539.0
ICN,906722791473.0,438195925559.0,1344918717032.0,934472166048.0,410446550984.0
ICT,1248739444384.0,229575891683.0,1478315336067.0,821168165339.0,657147170728.0
IDC,7422043183221.0,11377492474012.0,18799535657233.0,11591122479858.0,7208413177375.0
IDI,7224326749711.0,2154121101296.0,9378447851007.0,5886261880616.0,3492185970391.0
IDJ,2885669707076.0,1361690652466.0,4247360359542.0,2102285531081.0,2145074828461.0
IDP,4233401596451.0,3063492800508.0,7296894396959.0,3873610816452.0,3423283580507.0
IDV,485005815374.0,1395032027446.0,1880037842820.0,1005389564436.0,874648278384.0
IFS,1324627558000.0,151720533000.0,1476348091000.0,256912392000.0,1219435699000.0
IJC,4500962433770.0,3356079734583.0,7857042168353.0,2694270754251.0,5162771414102.0
ILA,289005183096.0,72193984272.0,361199167368.0,154515765018.0,206683402350.0
ILB,368836155471.0,1218380783014.0,1587216938485.0,1012098889230.0,575118049255.0
ILS,148491698887.0,554625654433.0,703117353320.0,362210851073.0,340906502247.0
IMP,1409543678165.0,1095232988768.0,2504776666933.0,321657498333.0,2183119168600.0
INC,30605219225.0,5881521368.0,36486740593.0,13521105804.0,22965634789.0
ING,36400776637.0,2701500014380.0,2737900791017.0,2795447663374.0,0.0
INN,795699180220.0,411107875205.0,1206807055425.0,485826911536.0,720980143889.0
IPA,1956046272825.0,6716127405517.0,8672173678342.0,4165876554720.0,4506297123622.0
IRC,140631854711.0,62390702481.0,203022557192.0,14197250095.0,188825307097.0
ISH,90803489374.0,542469859725.0,633273349099.0,37776123420.0,595497225679.0
IST,168169504471.0,355576236789.0,523745741260.0,285971871746.0,237773869514.0
ITA,5807978008406.0,6823984758654.0,12631962767060.0,1946725297576.0,10687387469484.0
ITC,2226140974957.0,1824138160341.0,4050279135298.0,1725813249515.0,2324465885783.0
ITQ,398264670698.0,143696532733.0,541961203431.0,209426299239.0,332534904192.0
ITS,1981884005141.0,267838817234.0,2249722822375.0,1963212084485.0,286510737890.0
IVS,884745793911.0,23534154804.0,908279948715.0,136020101082.0,772259847633.0
JOS,13826287922.0,193866206948.0,207692494870.0,522094866684.0,0.0
JVC,558282610151.0,268138185441.0,826420795592.0,275188830741.0,551231964851.0
KBC,34338727277345.0,10426700235777.0,44765427513122.0,24083675769254.0,20681751743868.0
KDC,6299822968998.0,6923700638463.0,13223523607461.0,6084358600642.0,7139165006819.0
KDH,28840337777000.0,1912535149000.0,30752872926000.0,11302405832000.0,19450467094000.0
KDM,72375721922.0,5928189813.0,78303911735.0,959600315.0,77344311420.0
KGM,853900016529.0,182431144099.0,1036331160628.0,771229517139.0,265101643489.0
KHG,1726013683339.0,4867777929229.0,6593791612568.0,1371873163962.0,5221918448606.0
KHP,1014229384350.0,1225758781373.0,2239988165723.0,1537246430409.0,702741735314.0
KHS,239844009360.0,254072613338.0,493916622698.0,269573124587.0,224343498111.0
KHW,175722051133.0,438594946173.0,614316997306.0,217140674859.0,397176322447.0
KKC,74190704847.0,4149745659.0,78340450506.0,30833397278.0,47507053228.0
KLB,0.0,0.0,92176268000000.0,85571316000000.0,6604952000000.0
KMR,656350361656.0,203959902943.0,860310264599.0,212975656680.0,647334607919.0
KMT,718553987690.0,74747372446.0,793301360136.0,654598414904.0,138702945232.0
KOS,3312056643907.0,1530309118620.0,4842365762527.0,2511070389498.0,2331295373029.0
KPF,50162623214.0,482116719628.0,532279342842.0,16508070756.0,515771272086.0
KSB,2013611060677.0,2913575572404.0,4927186633081.0,2276609047363.0,2650577585718.0
KSD,84630073580.0,37579552063.0,122209625643.0,2288427454.0,119921198189.0
KSF,13237650898349.0,7359285514350.0,20596936412699.0,13707505329844.0,6889431082855.0
KSH,471008503770.0,30426900854.0,501435404624.0,63017023.0,501372387601.0
KSQ,59409152660.0,251552329415.0,310961482075.0,46170503564.0,264790978511.0
KST,209629384953.0,8347441363.0,217976826316.0,140257204637.0,77719621679.0
KSV,4507552123399.0,5043508249315.0,9551060372714.0,5602453313060.0,3948607059654.0
KTC,913522953167.0,407769421154.0,1321292374321.0,910720881257.0,410571493064.0
KTL,363870067301.0,503815115682.0,867685182983.0,436963178541.0,430722004442.0
KTS,279685477523.0,203387124221.0,483072601744.0,255264769600.0,227807832144.0
KVC,361598615107.0,194780904045.0,556379519152.0,89217024947.0,467162494205.0
L10,1206685207779.0,172870489023.0,1379555696802.0,1096811195592.0,282744501210.0
L14,501871725942.0,121136364438.0,623008090380.0,197082634411.0,425925455969.0
L18,4530211958638.0,525380872710.0,5055592831348.0,4270937347059.0,784655484289.0
L35,172983358216.0,8406335188.0,181389693404.0,175353321900.0,6036371504.0
L40,175969136689.0,8208641264.0,184177777953.0,76169918567.0,108007859386.0
LAF,262382493208.0,103638066189.0,366020559397.0,118804666646.0,247215892751.0
LAS,2271310188354.0,371438988753.0,2642749177107.0,1181156003429.0,1461593173678.0
LAW,37420887985.0,304519251781.0,341940139766.0,154848401232.0,187091738534.0
LBE,36914166830.0,5291266110.0,42205432940.0,15057487782.0,27147945158.0
LBM,273146646466.0,540378797320.0,813525443786.0,199019811499.0,614505632287.0
LCD,102914045377.0,20708794778.0,123622840155.0,93076374113.0,30546466042.0
LCG,4639900987396.0,1396899218687.0,6036800206083.0,3432608626512.0,2604191579571.0
LCM,69709006008.0,110914384286.0,180623390294.0,56642498896.0,123980891398.0
LDG,4122897778616.0,2556059161407.0,6678956940023.0,5132513678048.0,1546443261975.0
LDP,156624121172.0,50424285919.0,207048407091.0,107872622506.0,99175784585.0
LDW,84630977653.0,1113309456128.0,1197940433781.0,228801823834.0,969138609947.0
LEC,675947110825.0,168058886969.0,844005997794.0,528999052408.0,315006945386.0
LGC,1944291381931.0,21520717677521.0,23465009059452.0,17774758419645.0,5690250639807.0
LGL,810727503406.0,553752310643.0,1364479814049.0,744752945213.0,619726868836.0
LHC,607357235152.0,588822853808.0,1196180088960.0,448491662596.0,747688426364.0
LHG,2168448021185.0,897123540546.0,3065571561731.0,1406219730272.0,1659351831459.0
LIC,2247864720472.0,2428013189381.0,4675877909853.0,4179302970449.0,496574939404.0
LIG,3828685763776.0,2174785674597.0,6003471438373.0,4862498421276.0,1140973017097.0
LIX,918555014948.0,477913397800.0,1396468412748.0,459504526410.0,936963886338.0
LKW,52760920599.0,47892087632.0,100653008231.0,11657412292.0,88995595939.0
LLM,5317820295317.0,861108862292.0,6178929157609.0,5205382986471.0,973546171138.0
LM8,1052350048794.0,133342699103.0,1185692747897.0,882548930261.0,303143817636.0
LMH,102953137100.0,500000.0,102953637100.0,152865173108.0,0.0
LO5,248204129622.0,43176199456.0,291380329078.0,408592729276.0,0.0
LPB,0.0,0.0,508330398000000.0,464992098000000.0,43338300000000.0
LPT,153792436223.0,28221364001.0,182013800224.0,25288539073.0,156725261151.0
LSG,492866514618.0,1862551575424.0,2355418090042.0,1312390523519.0,1043027566523.0
M10,2059938444804.0,559640121492.0,2619578566296.0,2050399093495.0,569179472801.0
MAC,226852471013.0,83423631426.0,310276102439.0,43815954492.0,266460147947.0
MAS,34389254467.0,37520520846.0,71909775313.0,37508752090.0,34401023223.0
MBB,0.0,0.0,1128800000000000.0,1011740000000000.0,117059581000000.0
MBG,962264690243.0,417511947178.0,1379776637421.0,89474601574.0,1290302035847.0
MBS,21873571497790.0,258309153264.0,22131880651054.0,15223341794442.0,6908538856612.0
MCC,13246407659.0,68886476107.0,82132883766.0,12472994219.0,69659889547.0
MCF,170878235463.0,24246779852.0,195125015315.0,76827041726.0,118297973589.0
MCG,97495267265.0,1231709965226.0,1329205232491.0,1097356305189.0,231848927302.0
MCH,10393757226426.0,17506203219904.0,27899960446330.0,16572133669028.0,11327826777302.0
MCM,2114926082075.0,571747101640.0,2686673183715.0,381489560745.0,2305183622970.0
MCO,79813009044.0,47258221856.0,127071230900.0,73888534496.0,53182696404.0
MCP,295421289329.0,23476402417.0,318897691746.0,42600630120.0,276297061626.0
MDC,489420290874.0,696480641367.0,1185900932241.0,847381569278.0,338519362963.0
MDF,319735313259.0,715628767471.0,1035364080730.0,390346950861.0,645017129869.0
MDG,224863872936.0,101141797317.0,326005670253.0,195718500820.0,130287169433.0
MED,253267247281.0,250712494372.0,503979741653.0,173180716596.0,330799025057.0
MEL,656321358518.0,72830920973.0,729152279491.0,469853834377.0,259298445114.0
MES,35268000703.0,133033795847.0,168301796550.0,5333421195.0,162968375355.0
MGR,64053230670.0,120559593276.0,184612823946.0,17376940758.0,167235883188.0
MH3,838530384840.0,371545077647.0,1210075462487.0,615793560512.0,594281901975.0
MHC,803685130922.0,138462005286.0,942147136208.0,387964135096.0,554183001112.0
MIE,1788793880823.0,777162455180.0,2565956336003.0,1121035851231.0,1444920484772.0
MIG,9130648855391.0,704297478043.0,9834946333434.0,7704696035986.0,2130250297448.0
MKP,961209386315.0,670428381671.0,1631637767986.0,345475985448.0,1286161782538.0
MKV,77098821048.0,31946719895.0,109045540943.0,21842192207.0,87203348736.0
MML,1752930370244.0,9475574502456.0,11228504872700.0,6759367390408.0,4469137482292.0
MNB,2368459360264.0,787471510237.0,3155930870501.0,2644088053401.0,511842817100.0
MPC,6141358799405.0,3358553547191.0,9499912346596.0,4623405174521.0,4876507172075.0
MPT,165766889855.0,11817713409.0,177584603264.0,10737438168.0,166847165096.0
MSB,0.0,0.0,320177143000000.0,283359586000000.0,36817557000000.0
MSH,3249615903700.0,1270983650007.0,4520599553707.0,2467655848378.0,2052943705329.0
MSN,53569663000000.0,94015055000000.0,147584718000000.0,106832338000000.0,40752380000000.0
MSR,6992043391000.0,19974483609000.0,26966527000000.0,14802833484000.0,12163693516000.0
MST,946323838842.0,804250215760.0,1750574054602.0,901913419714.0,848660634888.0
MTA,639483812875.0,1453837586759.0,2093321399634.0,866619635014.0,1226701764620.0
MTS,495474324041.0,82294203724.0,577768527765.0,401426623156.0,176341904609.0
MVB,1302846224622.0,1861962389590.0,3164808614212.0,1096899908415.0,2067908705797.0
MVC,691447705738.0,838195207495.0,1529642913233.0,308455679484.0,1221187233749.0
MVN,13273534512063.0,17112911177852.0,30386445689915.0,12974426499586.0,17412019190329.0
MWG,65774193760868.0,4444515969194.0,70218709730062.0,42097132906207.0,28121576823855.0
MZG,2639576910879.0,1801104554565.0,4440681465444.0,3178516527417.0,1262164938027.0
NAB,0.0,0.0,245128983000000.0,225840450000000.0,19288533000000.0
NAF,1001515917623.0,1040664587294.0,2042180504917.0,1057170455013.0,985010049904.0
NAG,1540764960813.0,174591667898.0,1715356628711.0,1285513920303.0,429842708408.0
NAP,49965920448.0,265447040001.0,315412960449.0,72665277532.0,242747682917.0
NAV,94137909167.0,23725475255.0,117863384422.0,6322778459.0,111540605963.0
NAW,237729121300.0,504339331075.0,742068452375.0,360284477176.0,381783975198.0
NBB,3005662749703.0,4749862281520.0,7755525031223.0,5937219581007.0,1818305450216.0
NBC,1064372739561.0,1514731195273.0,2579103934834.0,2054408774801.0,524695160033.0
NBP,369904493860.0,105805754167.0,475710248027.0,243254070374.0,232456177653.0
NBT,93471161810.0,454673456797.0,548144618607.0,88339392905.0,459805225702.0
NBW,123711707400.0,199774193107.0,323485900507.0,142058611254.0,181427289253.0
NCG,2070342198412.0,1717887339285.0,3788229537697.0,1781522619281.0,2006706918416.0
NCS,162150638274.0,308023492682.0,470174130956.0,287673949395.0,182500181561.0
NCT,519195607225.0,222056969877.0,741252577102.0,182766166041.0,558486411061.0
ND2,123674543076.0,1358598398497.0,1482272941573.0,642696792910.0,839576148663.0
NDN,1011446168002.0,266350487479.0,1277796655481.0,189030501507.0,1088766153974.0
NDT,388175880808.0,557709949035.0,945885829843.0,880581674391.0,65304155452.0
NDW,111053241017.0,363232204718.0,474285445735.0,106279221497.0,368006224238.0
NDX,139326168639.0,73596200401.0,212922369040.0,93041231780.0,119881137260.0
NED,37638319813.0,689058537287.0,726696857100.0,244418001663.0,482278855437.0
NET,714889274816.0,271416043825.0,986305318641.0,457378341545.0,528926977096.0
NFC,341311146403.0,7590078806.0,348901225209.0,127798286003.0,221102939206.0
NHA,194109131948.0,606675406457.0,800784538405.0,284680659378.0,516103879027.0
NHC,24915995895.0,69165563588.0,94081559483.0,39700910710.0,54380648773.0
NHH,836644594926.0,1093687543503.0,1930332138429.0,573800450606.0,1356531687823.0
NHT,164732286775.0,389183032371.0,553915319146.0,191367655203.0,362547663943.0
NKG,10202370500547.0,3316715052258.0,13519085552805.0,7647678978332.0,5871406574473.0
NLG,27549221197405.0,2758768607016.0,30307989804421.0,15741776663250.0,14566213141171.0
NNC,236851851922.0,249376898849.0,486228750771.0,64577654229.0,421651096542.0
NO1,460363576622.0,78970964092.0,539334540714.0,223165198687.0,316169342027.0
NOS,119744945729.0,241767167852.0,361512113581.0,5461060057159.0,0.0
NQB,42253770992.0,212476450251.0,254730221243.0,60494384762.0,194235836481.0
NQN,156604763155.0,975501572848.0,1132106336003.0,475441743840.0,656664592163.0
NQT,126710733800.0,181005207789.0,307715941589.0,85744132017.0,221971809572.0
NRC,368279103449.0,1638031226240.0,2006310329689.0,776190832375.0,1230119497314.0
NS2,284419048663.0,1272056328423.0,1556475377086.0,968780538310.0,587694838776.0
NSC,1291843817925.0,862139348943.0,2153983166868.0,633338272439.0,1520644894429.0
NSH,780304608090.0,132660677063.0,912965285153.0,674850890523.0,238114394630.0
NST,227798019674.0,67761578829.0,295559598503.0,107742511416.0,187817087087.0
NT2,5912035894824.0,4102699159559.0,10014735054383.0,5836201188636.0,4178533865747.0
NTC,1898307166408.0,5454805974044.0,7353113140452.0,6218387346069.0,1134725794383.0
NTH,37867702215.0,166023285967.0,203890988182.0,17306139176.0,186584849006.0
NTL,2117847681181.0,60277272845.0,2178124954026.0,432732954081.0,1745391999945.0
NTP,4472882423054.0,1941989104469.0,6414871527523.0,2748497317518.0,3666374210005.0
NTT,740256454133.0,494941248152.0,1235197702285.0,1044244991080.0,190952711205.0
NTW,93739666653.0,100179575240.0,193919241893.0,27588293989.0,166330947904.0
NVB,0.0,0.0,118498716000000.0,112405870000000.0,6092846000000.0
NVL,207831379624673.0,30349580587639.0,238180960212312.0,190473272518473.0,47707687693839.0
NVT,187644958953.0,883895813511.0,1071540772464.0,541663998560.0,529876773904.0
OCB,0.0,0.0,280712371670087.0,249040677402156.0,31671694267931.0
OCH,628394286517.0,3225279000245.0,3853673286762.0,1939688887363.0,1913984399399.0
OGC,677701511973.0,3830030821207.0,4507732333180.0,2774686824096.0,1733045509084.0
OIL,32273974299954.0,6194469149966.0,38468443449920.0,26977868301571.0,11490575148349.0
ONE,326828888820.0,11726728599.0,338555617419.0,236356226351.0,102199391068.0
OPC,904085324897.0,317736846495.0,1221822171392.0,345030201185.0,876791970207.0
ORS,11145350890409.0,52779807048.0,11198130697457.0,7277707609311.0,3920423088146.0
PAC,1832261785850.0,702519485529.0,2534781271379.0,1565895833608.0,968885437771.0
PAN,18299289828960.0,5553447758253.0,23852737587213.0,15013725690200.0,8839011897013.0
PAP,744278577109.0,6376629531808.0,7120908108917.0,4665103147773.0,2455804961144.0
PAS,636766493865.0,327031921413.0,963798415278.0,531108856524.0,432689558754.0
PAT,619450520441.0,313167267536.0,932617787977.0,363897086209.0,568720701768.0
PBC,858893906087.0,2350521328973.0,3209415235060.0,1921721774948.0,1287693460112.0
PBP,104901214406.0,47412808939.0,152314023345.0,83569463167.0,68744560178.0
PBT,244594365742.0,43935275933.0,288529641675.0,96086706642.0,192442935033.0
PC1,8065745057014.0,12889183772890.0,20954928829904.0,13255289745571.0,7699639084333.0
PCE,292841733819.0,31424729866.0,324266463685.0,129413300746.0,194853162939.0
PCF,9024590792.0,15478686396.0,24503277188.0,3219768368.0,21283508820.0
PCH,104946605247.0,178674313933.0,283620919180.0,21381711097.0,262239208083.0
PCT,406708352359.0,1492030842917.0,1898739195276.0,1238388464637.0,660350730639.0
PDB,166790136969.0,39612721746.0,206402858715.0,72904408351.0,133498450364.0
PDC,103181264673.0,151711737282.0,254893001955.0,112158651490.0,142734350465.0
PDN,843071721370.0,705739510071.0,1548811231441.0,308985311229.0,1239825920212.0
PDR,12752087714799.0,12805934454922.0,25558022169721.0,14080117526998.0,11477904642723.0
PDV,636901664548.0,1527788990670.0,2164690655218.0,1165515017795.0,999175637423.0
PEG,369234998883.0,837923770157.0,1207158769040.0,557368310944.0,649790458096.0
PEN,254729473888.0,17691265209.0,272420739097.0,214701471476.0,57719267621.0
PET,9109949167345.0,1144271913568.0,10254221080913.0,7896144168291.0,2358076912622.0
PFL,231252096473.0,92745121714.0,323997218187.0,101788998957.0,222208219230.0
PGB,0.0,0.0,73210503000000.0,68047557000000.0,5162946000000.0
PGC,1920928241311.0,1058956123770.0,2979884365081.0,2095855472232.0,884028892849.0
PGD,3378374535481.0,389852060730.0,3768226596211.0,2290693160056.0,1477533436155.0
PGI,7108186167110.0,1316624470221.0,8424810637331.0,6517429552555.0,1907381084776.0
PGN,164583126116.0,27655436136.0,192238562252.0,84451618305.0,107786943947.0
PGS,1769303160908.0,1072115184012.0,2841418344920.0,1826676578562.0,1014741766358.0
PGT,49896898826.0,24215941471.0,74112840297.0,31489753670.0,42623086627.0
PGV,16701763296695.0,38433383919069.0,55135147215764.0,40482026554219.0,14653120661545.0
PHC,2549956217455.0,680586553990.0,3230542771445.0,2569325852531.0,661216918914.0
PHH,233833464912.0,217074474371.0,450907939283.0,224039180075.0,226868759208.0
PHN,175213568970.0,33185483822.0,208399052792.0,55386145221.0,153012907571.0
PHP,3092144927543.0,5400548560496.0,8492693488039.0,2132072185318.0,6360621302721.0
PHR,2572841321105.0,3370841411570.0,5943682732675.0,2012167626271.0,3931515106404.0
PHS,3848310376508.0,83054992749.0,3931365369257.0,1864267558510.0,2067097810747.0
PIA,86703392750.0,14407374283.0,101110767033.0,28412712721.0,72698054312.0
PIC,79000812307.0,354284850456.0,433285662763.0,63822897584.0,369462765179.0
PIS,252235894217.0,503146360026.0,755382254243.0,298756955297.0,456625298946.0
PIT,286097886356.0,59149378657.0,345247265013.0,233025064251.0,112222200762.0
PIV,12069951247.0,106843753865.0,118913705112.0,117146831702.0,1766873410.0
PJC,83117656351.0,168678889504.0,251796545855.0,97626382925.0,154170162930.0
PJT,180889257420.0,262612814524.0,443502071944.0,117579720114.0,325922351830.0
PLC,3225299811354.0,840145695610.0,4065445506964.0,2815846203939.0,1249599303025.0
PLP,1685394852902.0,875769384567.0,2561164237469.0,1766151307989.0,795012929480.0
PLX,60085476980256.0,21322766035906.0,81408243016162.0,52105984221342.0,29302258794820.0
PMB,184250440933.0,8604618874.0,192855059807.0,50424479558.0,142430580249.0
PMC,335435862125.0,40403365490.0,375839227615.0,86227405346.0,289611822269.0
PMG,806542515797.0,966255957815.0,1772798473612.0,1103986541123.0,668811932489.0
PMP,180935154198.0,61263625622.0,242198779820.0,171619528852.0,70579250968.0
PMS,200692008931.0,127188591968.0,327880600899.0,153874812395.0,174005788504.0
PMW,108076232703.0,597630483145.0,705706715848.0,83603759646.0,622102956202.0
PNC,514712510937.0,60409455199.0,575121966136.0,387264215823.0,187857750313.0
PND,78468689020.0,59607950267.0,138076639287.0,94499336992.0,43577302295.0
PNJ,15690882937410.0,1516430267658.0,17207313205068.0,5950358489716.0,11256954715352.0
PNP,196677316951.0,145838492975.0,342515809926.0,112478031526.0,230037778400.0
POB,99823540589.0,80681342947.0,180504883536.0,68177554953.0,112327328583.0
POS,1991377951516.0,234357546226.0,2225735497742.0,1427582041021.0,798153456721.0
POT,1344121428644.0,1168617518747.0,2512738947391.0,2204959079554.0,307779867837.0
POV,240149334265.0,218174667380.0,458324001645.0,274904289302.0,183419712343.0
POW,30171413613630.0,51110037286569.0,81281450900199.0,46674791463756.0,34606659436443.0
PPC,2730308223771.0,2800881427677.0,5531189651448.0,1012167591502.0,4519022059946.0
PPE,11526644682.0,5250000000.0,16776644682.0,2548737107.0,14227907575.0
PPH,1766228572070.0,1804768871621.0,3570997443691.0,1723371365814.0,1847626077877.0
PPP,91227576696.0,75914718108.0,167142294804.0,31784472983.0,135357821821.0
PPS,246805895741.0,44755204585.0,291561100326.0,102377602560.0,189183497766.0
PPT,329085046106.0,167136980124.0,496222026230.0,298960511645.0,197261514585.0
PPY,171724195378.0,180596923125.0,352321118503.0,194325270793.0,157995847710.0
PQN,710762132029.0,293399814974.0,1004161947003.0,827959361162.0,176202585841.0
PRC,26455133337.0,26346202745.0,52801336082.0,17112065850.0,35689270232.0
PRE,5717559646451.0,983439458930.0,6700999105381.0,5091463350631.0,1609535754750.0
PRT,1980258726655.0,3588893706180.0,5569152432835.0,1570561622853.0,3998590809982.0
PSB,487146373699.0,319288324069.0,806434697768.0,246925927755.0,559508770013.0
PSC,34127682143.0,187354630421.0,221482312564.0,107798273547.0,113684039017.0
PSD,2729454671580.0,73004656662.0,2802459328242.0,2226770956019.0,575688372223.0
PSE,222645862465.0,21215555170.0,243861417635.0,72492132894.0,171369284741.0
PSH,5964351010828.0,4749012519188.0,10713363530016.0,9911726462729.0,801637067287.0
PSI,2556514189295.0,42477687860.0,2598991877155.0,1890669524007.0,708322353148.0
PSN,507296253798.0,460811293853.0,968107547651.0,430690369524.0,537417178127.0
PSP,74822261356.0,458207545070.0,533029806426.0,74480484983.0,458549321443.0
PSW,233458146350.0,17733583740.0,251191730090.0,50168085922.0,201023644168.0
PTB,3244921677159.0,2243186974334.0,5488108651493.0,2454752224649.0,3033356426844.0
PTC,230848643602.0,174425181212.0,405273824814.0,27036959425.0,378236865389.0
PTD,156945924637.0,46941541085.0,203887465722.0,182264479444.0,21622986278.0
PTE,60613522002.0,257063671608.0,317677193610.0,634973360640.0,0.0
PTI,6765235080792.0,1680212519303.0,8445447600095.0,6057243570944.0,2388204029151.0
PTL,714611434799.0,403946936563.0,1118558371362.0,631575887556.0,486982483806.0
PTS,44777213814.0,180680234094.0,225457447908.0,127899660495.0,97557787413.0
PTT,203534409047.0,111893826866.0,315428235913.0,96267206829.0,219161029084.0
PTV,259801466856.0,68457633726.0,328259100582.0,100060564011.0,228198536571.0
PTX,47995247315.0,146207480259.0,194202727574.0,91872521839.0,102330205735.0
PV2,117902670946.0,137678161573.0,255580832519.0,27773173768.0,227807658751.0
PVA,434047473349.0,16989423580.0,451036896929.0,485691735905.0,0.0
PVB,398194527357.0,38234905476.0,436429432833.0,55884910575.0,380544522258.0
PVC,1900119953642.0,165256382464.0,2065376336106.0,1027541134844.0,1037835201262.0
PVD,7878005351856.0,15840762478335.0,23718767830191.0,7669441283220.0,16049326546971.0
PVG,1187243429718.0,539030001520.0,1726273431238.0,1230629912539.0,495643518699.0
PVH,183624235079.0,374716127453.0,558340362532.0,502280045571.0,56060316961.0
PVI,25886020345586.0,5867097635933.0,31753117981519.0,23562497506360.0,8190620475159.0
PVL,83007229397.0,129983710991.0,212990940388.0,54050141546.0,158940798842.0
PVM,939576811724.0,214095328028.0,1153672139752.0,466394174226.0,687277965526.0
PVP,1326817943712.0,1865320012373.0,3192137956085.0,1338872648279.0,1853265307806.0
PVR,723402160943.0,252746359902.0,976148520845.0,517596868384.0,458551652461.0
PVS,23880409923621.0,10193456604203.0,34073866527824.0,19183633979748.0,14890232548076.0
PVT,6725017357737.0,13163677771041.0,19888695128778.0,9496843123262.0,10391852005516.0
PVV,580336839028.0,273996918064.0,854333757092.0,984511079403.0,0.0
PVX,4682415666792.0,1510919009280.0,6193334676072.0,5669159168425.0,524175507647.0
PVY,706112887645.0,418278803344.0,1124391690989.0,1555996224110.0,0.0
PWS,123617546265.0,368175499603.0,491793045868.0,49710733117.0,442082312751.0
PXI,300658589571.0,14870098709.0,315528688280.0,179063928434.0,136464759846.0
PXL,479077106996.0,396478877986.0,875555984982.0,50168753769.0,825387231213.0
PXM,39986297817.0,706475067.0,40692772884.0,526198554065.0,0.0
PXS,334533027729.0,503345078277.0,837878106006.0,711258676727.0,126619429279.0
PXT,249256799591.0,32697643512.0,281954443103.0,226187321934.0,55767121169.0
QBS,326093644135.0,8621623333.0,334715267468.0,30685871952.0,304029395516.0
QCG,7412916486769.0,1470888483232.0,8883804970001.0,4305298470552.0,4578506499449.0
QHD,136795413351.0,31714810342.0,168510223693.0,53872802545.0,114637421148.0
QNC,905351580640.0,933323266975.0,1838674847615.0,1155478937226.0,683195910389.0
QNP,643955521269.0,680261007269.0,1324216528538.0,443974193752.0,880242334786.0
QNS,10011044947576.0,3797575552680.0,13808620500256.0,3806353713723.0,10002266786533.0
QNW,187675628196.0,102160586104.0,289836214300.0,28602325929.0,261233888371.0
QPH,493947432347.0,125533265109.0,619480697456.0,141378341049.0,478102356407.0
QST,38485282671.0,73289109094.0,111774391765.0,62065923719.0,49708468046.0
QTC,48342576804.0,15298445211.0,63641022015.0,23117944571.0,40523077444.0
QTP,4549287939901.0,2906729303965.0,7456017243866.0,2370318427564.0,5085698816302.0
RAL,7814698866637.0,466763323933.0,8281462190570.0,4979704098553.0,3301758092017.0
RCC,730617633227.0,302376922990.0,1032994556217.0,623520742861.0,409473813356.0
RCL,326420758881.0,166713747662.0,493134506543.0,205622207022.0,287512299521.0
REE,11285905061559.0,25075025474611.0,36360930536170.0,13905717990294.0,22455212545876.0
RTB,814052425111.0,2219279783291.0,3033332208402.0,363397311439.0,2669934896963.0
RYG,1430815036876.0,1045181240755.0,2475996277631.0,1713634963231.0,762361314400.0
S4A,272791435375.0,767511781377.0,1040303216752.0,486349035785.0,553954180967.0
S55,292308371221.0,1792898988760.0,2085207359981.0,1141901331038.0,943306028943.0
S72,11385653577.0,206596364067.0,217982017644.0,98291163925.0,119690853719.0
S99,1664535439420.0,2763593032794.0,4428128472214.0,2745162853118.0,1682965619096.0
SAB,25066732804106.0,8372673560545.0,33439406364651.0,9002313181979.0,24437093182672.0
SAF,234801148291.0,24293996947.0,259095145238.0,80213663016.0,178881482222.0
SAM,2203990476359.0,4171215550690.0,6375206027049.0,1694923805580.0,4680282221469.0
SAS,1539232677200.0,830465776424.0,2369698453624.0,731298787873.0,1638399665751.0
SAV,454756762220.0,294394375601.0,749151137821.0,372234652855.0,376916484966.0
SBA,90315474582.0,1007435638832.0,1097751113414.0,119126010203.0,978625103211.0
SBG,748511630024.0,279672804764.0,1028184434788.0,452869359202.0,575315075586.0
SBH,1078476134362.0,702666139910.0,1781142274272.0,134878643365.0,1646263630907.0
SBL,84278188421.0,172961146693.0,257239335114.0,73215121395.0,184024213719.0
SBM,105728972234.0,559893313795.0,665622286029.0,40662267079.0,624960018950.0
SBR,534722751659.0,506902528383.0,1041625280042.0,227663360042.0,813961920000.0
SBS,477631220617.0,29468788560.0,507100009177.0,234582327126.0,272517682051.0
SBV,557770554751.0,303328607325.0,861099162076.0,403153627277.0,457945534799.0
SC5,2077568974980.0,63830780324.0,2141399755304.0,1757319622263.0,384080133041.0
SCD,130211636337.0,516921702765.0,647133339102.0,724451205799.0,0.0
SCG,7815189868917.0,664529611053.0,8479719479970.0,7160352582795.0,1319366897175.0
SCI,1510510946388.0,95656305380.0,1606167251768.0,1108936242886.0,497231008882.0
SCJ,235615479428.0,1420941061625.0,1656556541053.0,962860392261.0,693696148792.0
SCL,201549741291.0,442940731414.0,644490472705.0,370963220123.0,273527252582.0
SCR,7126530091332.0,4720360563978.0,11846890655310.0,6381694976924.0,5465195678386.0
SCS,1388384079763.0,509141031419.0,1897525111182.0,491735522585.0,1405789588597.0
SCY,1170242703844.0,550664394805.0,1720907098649.0,790843677967.0,930063420682.0
SD2,380465620437.0,12121548974.0,392587169411.0,211524241406.0,181062928005.0
SD3,367909621352.0,632955181147.0,1000864802499.0,945443624193.0,55421178306.0
SD4,602012436209.0,71848526758.0,673860962967.0,680561920543.0,0.0
SD5,1304746152141.0,292046273612.0,1596792425753.0,1116360058702.0,480432367051.0
SD6,790244795056.0,71392171706.0,861636966762.0,683220931604.0,178416035158.0
SD9,756093501143.0,969880704287.0,1725974205430.0,878258178487.0,847716026943.0
SDA,83440226721.0,172067945008.0,255508171729.0,69005935662.0,186502236067.0
SDC,62715284085.0,21151668101.0,83866952186.0,31026400525.0,52840551661.0
SDD,2228195217.0,209014642250.0,211242837467.0,119815040892.0,91427796575.0
SDG,435661279424.0,380908994106.0,816570273530.0,497081144227.0,319489129303.0
SDN,53058109947.0,56274647758.0,109332757705.0,42397189957.0,66935567748.0
SDT,1530402719330.0,576612020287.0,2107014739617.0,1308240456829.0,798774282788.0
SDU,986778768986.0,208542120807.0,1195320889793.0,841437598791.0,353883291002.0
SEA,589448078989.0,2004371351100.0,2593819430089.0,171154933027.0,2422664497062.0
SEB,192682927606.0,504286728993.0,696969656599.0,39677126214.0,657292530385.0
SED,506663217988.0,100355100398.0,607018318386.0,273149526052.0,333868792334.0
SFC,164882526674.0,115243215989.0,280125742663.0,101531332588.0,178594410075.0
SFG,1136455788060.0,244781735156.0,1381237523216.0,733336261840.0,647901261376.0
SFI,627020287079.0,293926736281.0,920947023360.0,157280762952.0,763666260408.0
SFN,75847591503.0,7552524169.0,83400115672.0,5432932039.0,77967183633.0
SGB,0.0,0.0,33260400000000.0,29170568000000.0,4089832000000.0
SGC,286726491066.0,164462648320.0,451189139386.0,104925093669.0,346264045717.0
SGD,50048762178.0,37553976088.0,87602738266.0,28771205111.0,58831533155.0
SGH,139203778437.0,26556740894.0,165760519331.0,22987777626.0,142772741705.0
SGI,3471455967929.0,1792713406831.0,5264169374760.0,2483613369037.0,2780556005723.0
SGN,1276013769402.0,213137686122.0,1489151455524.0,294600117580.0,1194551337944.0
SGP,1641318928323.0,4078503033807.0,5719821962130.0,2829320036472.0,2890501925658.0
SGR,1566155941235.0,715447544413.0,2281603485648.0,1283409939428.0,998193546220.0
SGS,267210916386.0,83181265683.0,350392182069.0,35841812158.0,314550369911.0
SGT,6756577108171.0,2193200108578.0,8949777216749.0,6854419248494.0,2095357968255.0
SHA,880496986521.0,181871283168.0,1062368269689.0,635638780978.0,426729488711.0
SHB,0.0,0.0,747243848000000.0,689394328000000.0,57849520000000.0
SHE,231261703727.0,23956891838.0,255218595565.0,102828739948.0,152389855617.0
SHI,7252190269581.0,2196158991807.0,9448349261388.0,7343643436378.0,2104705825010.0
SHN,4031312709214.0,1569809312748.0,5601122021962.0,4006246262401.0,1594875759561.0
SHP,319987491489.0,1124472586381.0,1444460077870.0,105775522508.0,1338684555362.0
SHS,13936056452555.0,92616645331.0,14028673097886.0,2821194844442.0,11207478253444.0
SID,599271251779.0,1969362008410.0,2568633260189.0,162283340981.0,2406349919208.0
SII,964023850375.0,1753156700864.0,2717180551239.0,1238838940706.0,1478341610533.0
SIP,12529250229319.0,12496427716495.0,25025677945814.0,20151277153908.0,4874400791906.0
SJ1,768526723505.0,573186091148.0,1341712814653.0,979132174396.0,362580640257.0
SJD,1067313411257.0,288714374907.0,1356027786164.0,330749784004.0,1025278002160.0
SJE,1222482184361.0,1446453264842.0,2668935449203.0,1763206251550.0,905729197653.0
SJF,419139307898.0,374643582989.0,793782890887.0,294211192040.0,499571698847.0
SJG,10903582923490.0,11575921762258.0,22479504685748.0,13061344628067.0,9418160057681.0
SJS,5083716506686.0,2794505735977.0,7878222242663.0,4887288594988.0,2990933647675.0
SKG,493279524881.0,405442611223.0,898722136104.0,14386286552.0,884335849552.0
SKH,621789028838.0,196688685090.0,818477713928.0,410117821668.0,408359892260.0
SKV,658634256114.0,165399236310.0,824033492424.0,445106849134.0,378926643290.0
SLS,1127012212540.0,568668815802.0,1695681028342.0,140926756200.0,1554754272142.0
SMA,105136787424.0,324906790463.0,430043577887.0,189614583722.0,240428994165.0
SMB,674490191371.0,365291499641.0,1039781691012.0,440395002631.0,599386688381.0
SMC,2813664989983.0,1697774618324.0,4511439608307.0,4000382652035.0,511056956272.0
SMN,72078904012.0,29133394291.0,101212298303.0,21467002051.0,79745296252.0
SMT,74850922187.0,42147563706.0,116998485893.0,47301751843.0,69696734050.0
SNZ,6968645086482.0,14042176863980.0,21010821950462.0,10093525141942.0,10917296808520.0
SP2,97575050272.0,507547918130.0,605122968402.0,486481862746.0,118641105656.0
SPB,488203672181.0,427659196536.0,915862868717.0,678788918250.0,237073950467.0
SPC,425261324697.0,56504354426.0,481765679123.0,363019793329.0,118745885794.0
SPD,319963382719.0,90865755873.0,410829138592.0,278643500803.0,132185637789.0
SPM,866833259040.0,143699373204.0,1010532632244.0,205091135638.0,805441496606.0
SPV,232817456762.0,169370476936.0,402187933698.0,223066392070.0,179121541628.0
SQC,3579694170.0,623937489194.0,627517183364.0,26401316722.0,601115866642.0
SRA,93385477026.0,644724243872.0,738109720898.0,72318057633.0,665791663265.0
SRC,520634048292.0,661936824831.0,1182570873123.0,634055501004.0,548515372119.0
SRF,1221734906769.0,372333424402.0,1594068331171.0,1159894820874.0,434173510297.0
SSB,0.0,0.0,325698848000000.0,290695993000000.0,35002855000000.0
SSC,320398075041.0,206259982460.0,526658057501.0,143630658708.0,383027398793.0
SSH,8784083387714.0,5619253895575.0,14403337283289.0,7841490474513.0,6561846808776.0
SSI,70932391912367.0,2574910647355.0,73507302559722.0,46680651947954.0,26826650611768.0
SSM,96598918499.0,22334380173.0,118933298672.0,54773903490.0,64159395182.0
ST8,432743813578.0,85001604545.0,517745418123.0,210520526031.0,307224892092.0
STB,0.0,0.0,748094546000000.0,693122476000000.0,54972070000000.0
STC,174592785452.0,39939018626.0,214531804078.0,75924527356.0,138607276722.0
STG,1123443825972.0,1926333162519.0,3049776988491.0,655208642399.0,2394568346092.0
STH,177440867951.0,36140299162.0,213581167113.0,14492936252.0,199088230861.0
STK,990975034059.0,2847636602038.0,3838611636097.0,2098032655263.0,1740578980834.0
STP,140498267898.0,35755206360.0,176253474258.0,35134261289.0,141119212969.0
STW,141751884297.0,165507682802.0,307259567099.0,34401469093.0,272858098006.0
SVC,5427110691763.0,3537868928109.0,8964979619872.0,6620226080096.0,2344753539776.0
SVD,130602046306.0,223346111074.0,353948157380.0,94219605139.0,259728552241.0
SVG,121866050559.0,268792415107.0,390658465666.0,87552721207.0,303105744459.0
SVH,85467485338.0,422157110623.0,507624595961.0,286825037522.0,220799558439.0
SVI,1047378163141.0,306252398514.0,1353630561655.0,481308620485.0,872321941170.0
SVN,53927047784.0,179585461864.0,233512509648.0,8834923573.0,224677586075.0
SVT,65373345875.0,171293585935.0,236666931810.0,1307458017.0,235359473793.0
SWC,689562453965.0,1476947286569.0,2166509740534.0,273741698223.0,1892768042311.0
SZB,448015505307.0,1130060915883.0,1578076421190.0,899460371384.0,678616049806.0
SZE,272865731727.0,344676452360.0,617542184087.0,256040132942.0,361502051145.0
SZG,1774235113712.0,2144840293749.0,3919075407461.0,3009029057849.0,910046349612.0
SZL,257676242016.0,1628239153648.0,1885915395664.0,1254331614772.0,631583780892.0
TA9,1801013125541.0,152031574250.0,1953044699791.0,1788031351535.0,165013348256.0
TAL,6213054032880.0,3131185325221.0,9344239358101.0,5126772942820.0,4217466415281.0
TBC,235477045312.0,1284340123104.0,1519817168416.0,154979014918.0,1364838153498.0
TBD,1562030097086.0,331642211987.0,1893672309073.0,1263424086462.0,630248222611.0
TBX,16169547953.0,8126484768.0,24296032721.0,4078372875.0,20217659846.0
TCB,0.0,0.0,978798549000000.0,830858928000000.0,147939621000000.0
TCD,5830328277550.0,3435022780094.0,9265351057644.0,5396821424138.0,3868529633506.0
TCI,2077520343415.0,138543866923.0,2216064210338.0,965564223510.0,1250499986828.0
TCK,610060877444.0,267357296091.0,877418173535.0,915064018641.0,0.0
TCL,659120318659.0,449101196971.0,1108221515630.0,461370886191.0,646850629439.0
TCM,2690037141466.0,1205497272905.0,3895534414371.0,1623794701003.0,2271739713368.0
TCO,1073348375231.0,877221594819.0,1950569970050.0,1614025186370.0,336544783680.0
TCR,642218712107.0,345285556347.0,987504268454.0,622741919433.0,364762349021.0
TCT,330505329732.0,12527764077.0,343033093809.0,6670983429.0,336362110380.0
TCW,450406223866.0,203384045479.0,653790269345.0,281709334764.0,372080934581.0
TDC,1980573824407.0,2424349806391.0,4404923630798.0,3194784107010.0,1210139523788.0
TDF,585565149771.0,996635725384.0,1582200875155.0,816226620727.0,765974254428.0
TDG,507591542450.0,353565815952.0,861157358402.0,616906911965.0,244250446437.0
TDH,416881871866.0,285672177102.0,702554048968.0,615438083586.0,87115965382.0
TDM,657457769015.0,2366200693071.0,3023658462086.0,505444386682.0,2518214075404.0
TDP,2978286127685.0,968134360051.0,3946420487736.0,2922059268163.0,1024361219573.0
TDS,357133576357.0,6311724924.0,363445301281.0,150766695457.0,212678605824.0
TDT,449613307903.0,165568563406.0,615181871309.0,335711555717.0,279470315592.0
TDW,174277274751.0,390375647822.0,564652922573.0,321761325015.0,242891597558.0
TED,1194305730391.0,93338135784.0,1287643866175.0,928062744272.0,359581121903.0
TEG,905178705099.0,831584471309.0,1736763176408.0,255573122320.0,1481190054088.0
TET,87665947072.0,31308617314.0,118974564386.0,3948564011.0,115026000375.0
TFC,727058138741.0,215473339471.0,942531478212.0,563866946081.0,378664532131.0
TGG,143970224919.0,156540998252.0,300511223171.0,119406793119.0,181104430052.0
TH1,473982562006.0,302410434432.0,776392996438.0,745383526346.0,31009470092.0
THB,218540752659.0,58488749476.0,277029502135.0,129451599170.0,147577902965.0
THD,1713805595124.0,2745825938334.0,4459631533458.0,146673808148.0,4312957725310.0
THG,1549094250704.0,627782112052.0,2176876362756.0,1420905642637.0,755970720119.0
THM,86745592107.0,88107042154.0,174852634261.0,45917998390.0,128934635871.0
THN,96889975861.0,596097837043.0,692987812904.0,265396043581.0,427591769323.0
THP,883428731836.0,444350463608.0,1327779195444.0,968127244332.0,359651951112.0
THS,91137179807.0,28401869840.0,119539049647.0,80074926213.0,39464123434.0
THT,927390872189.0,792696375863.0,1720087248052.0,1320990042501.0,399097205551.0
TID,5069009942921.0,13025707184284.0,18094717127205.0,13847511895147.0,4247205232058.0
TIG,2110844216955.0,1989174760047.0,4100018977002.0,2284695999492.0,1815322977510.0
TIN,0.0,0.0,8163104127086.0,7233270705415.0,929833421671.0
TIP,659835480060.0,1469321131037.0,2129156611097.0,316836147414.0,1812320463683.0
TIS,2719857774761.0,7668678732643.0,10388536507404.0,8806108280761.0,1582428226643.0
TIX,534100597459.0,677925591978.0,1212026189437.0,368718531148.0,843307658289.0
TJC,136896926111.0,41371086182.0,178268012293.0,2501059408.0,175766952885.0
TKU,737887997274.0,289637132811.0,1027525130085.0,475248632052.0,552276498033.0
TL4,77849221041.0,459132872354.0,536982093395.0,355176383559.0,181805709836.0
TLD,804892268025.0,250200010649.0,1055092278674.0,233801313630.0,821290965044.0
TLG,2670706305975.0,688855057514.0,3359561363489.0,1012333480318.0,2347227883171.0
TLH,3464044287865.0,467692156047.0,3931736443912.0,2673589564362.0,1258146879550.0
TLT,244829382160.0,92870351867.0,337699734027.0,244851415907.0,92848318120.0
TMB,3872904324694.0,101163419757.0,3974067744451.0,3183334524632.0,790733219819.0
TMC,173003579142.0,164190809496.0,337194388638.0,143284393803.0,193909994835.0
TMG,236062939753.0,324551514813.0,560614454566.0,309243712424.0,251370742142.0
TMP,944076540753.0,1080734770682.0,2024811311435.0,485009856817.0,1539801454618.0
TMS,2051003715121.0,6432927705273.0,8483931420394.0,3270116100474.0,5213815319920.0
TMT,1087959664848.0,377789850878.0,1465749515726.0,1343138698108.0,122610817618.0
TMX,133851902892.0,2734699294.0,136586602186.0,47038047230.0,89548554956.0
TN1,1881332876830.0,263030995358.0,2144363872188.0,1227038753368.0,917325118820.0
TNA,1647733242904.0,433067310117.0,2080800553021.0,1579737439513.0,501063113508.0
TNB,396919470495.0,87023236101.0,483942706596.0,302069493245.0,181873213351.0
TNC,213634116800.0,160131512674.0,373765629474.0,32863850163.0,340901779311.0
TNG,2620001939348.0,3192432977143.0,5812434916491.0,3919108305364.0,1893326611127.0
TNH,404774221436.0,2141677144155.0,2546451365591.0,693323695276.0,1853127670315.0
TNI,634297982318.0,296381608471.0,930679590789.0,427459357703.0,503220233086.0
TNS,221391276726.0,229171328618.0,450562605344.0,372185577608.0,78377027736.0
TNT,424416546534.0,240622195227.0,665038741761.0,40236743570.0,624801998191.0
TNV,111249559828.0,186023133349.0,297272693177.0,80099977299.0,217172715878.0
TNW,80416626380.0,747229514669.0,827646141049.0,625432381306.0,202213759743.0
TOS,2938182658225.0,2584873294895.0,5523055953120.0,3975450782386.0,1547605170734.0
TOT,101363576996.0,127247748927.0,228611325923.0,93344166338.0,135267159585.0
TPB,0.0,0.0,418028391000000.0,380431980000000.0,37596411000000.0
TPC,426641656578.0,57720180906.0,484361837484.0,185299604614.0,299062232870.0
TPH,18276413676.0,32720476567.0,50996890243.0,25774250762.0,25222639481.0
TPP,1580081175908.0,828407751038.0,2408488926946.0,1852932948423.0,555555978523.0
TRA,1594031938824.0,574878989301.0,2168910928125.0,553297066462.0,1615613861663.0
TRC,587370550047.0,1606387730845.0,2193758280892.0,316847354375.0,1876910926517.0
TS4,136868004223.0,151767070589.0,288635074812.0,807135062353.0,0.0
TSA,449507994082.0,193837714002.0,643345708084.0,246935798857.0,396409909227.0
TSB,96299832399.0,20266847287.0,116566679686.0,36158726044.0,80407953642.0
TSC,1607592819311.0,1332502681398.0,2940095500709.0,476664538614.0,2463430962095.0
TSJ,556255789738.0,335529320459.0,891785110197.0,32895192011.0,858889918186.0
TT6,332953316100.0,135392123959.0,468345440059.0,238472434619.0,229873005440.0
TTA,272786011711.0,3974282803064.0,4247068814775.0,2071255020360.0,2175813794415.0
TTC,148163156691.0,12854371036.0,161017527727.0,44611264801.0,116406262926.0
TTD,236952381558.0,155778265662.0,392730647220.0,68613220800.0,324117426420.0
TTE,34204819572.0,875093102333.0,909297921905.0,626107876218.0,283190045687.0
TTF,1553305480797.0,1257006526553.0,2810312007350.0,2404004596796.0,406307410554.0
TTH,611683916509.0,34381385154.0,646065301663.0,234521199632.0,411544102031.0
TTL,2432456021691.0,318196861547.0,2750652883238.0,2120634933091.0,630017950147.0
TTN,421183333047.0,155784933311.0,576968266358.0,102740199183.0,474228067175.0
TTS,608360900973.0,680272184215.0,1288633085188.0,982672462409.0,305960622779.0
TTT,451205014027.0,19058069460.0,470263083487.0,23786620638.0,446476462849.0
TUG,75400061303.0,6251887211.0,81651948514.0,22485680771.0,59166267743.0
TV1,479683111973.0,575464404035.0,1055147516008.0,646023437506.0,409124078502.0
TV2,1365301831500.0,840967129230.0,2206268960730.0,897238479130.0,1309030481600.0
TV3,153584841709.0,112132228569.0,265717070278.0,110585875399.0,155131194879.0
TV4,220888687606.0,153639985967.0,374528673573.0,109790600363.0,264738073210.0
TVA,98947647721.0,38842338352.0,137789986073.0,47810475468.0,89979510605.0
TVB,1161549651797.0,15348569051.0,1176898220848.0,28205903734.0,1148692317114.0
TVC,2252874214610.0,16879340527.0,2269753555137.0,268582840739.0,2001170714398.0
TVD,1429058303560.0,1069674015969.0,2498732319529.0,1821925409416.0,676806910113.0
TVN,12903528058312.0,12241927834690.0,25145455893002.0,15762763229741.0,9382692663261.0
TVS,6787522628360.0,597961212986.0,7385483841346.0,5051314728251.0,2334169113095.0
TVT,924279892629.0,411290527616.0,1335570420245.0,769561930351.0,566008489894.0
TXM,166465822727.0,300252560.0,166766075287.0,57076579724.0,109689495563.0
TYA,1159973037397.0,82510129581.0,1242483166978.0,692868468351.0,549614698627.0
UDC,447941262841.0,406798224006.0,854739486847.0,650441643263.0,204297843584.0
UDJ,250235202358.0,190137981199.0,440373183557.0,209097511085.0,231275672472.0
UIC,423527321335.0,298348075262.0,721875396597.0,258459198233.0,463416198364.0
UNI,502786094123.0,0.0,502786094123.0,338561827055.0,164224267068.0
UPH,292989521837.0,94104163912.0,387093685749.0,231941580577.0,155152105172.0
UXC,770026513959.0,98576871585.0,868603385544.0,957088865849.0,0.0
V12,574069944231.0,54992893844.0,629062838075.0,466965982819.0,162096855256.0
V21,283343636410.0,82575252255.0,365918888665.0,245189400741.0,120729487924.0
VAB,0.0,0.0,119832036692533.0,110965618858745.0,8866417833788.0
VAF,1032052328537.0,39944204476.0,1071996533013.0,554667746944.0,517328786069.0
VAV,575141580062.0,517777553709.0,1092919133771.0,385488762700.0,707430371071.0
VBB,0.0,0.0,162855804000000.0,154154751000000.0,8701053000000.0
VBC,327223931870.0,72872896562.0,400096828432.0,233706312190.0,166390516242.0
VC1,625873727147.0,82427861703.0,708301588850.0,456989114236.0,251312474614.0
VC2,2158552815986.0,632417856463.0,2790970672449.0,1860596397304.0,930374275145.0
VC3,2858669462881.0,196093734723.0,3054763197604.0,1649087115896.0,1405676081708.0
VC6,931592895828.0,72894058424.0,1004486954252.0,843959112632.0,160527841620.0
VC7,421239240257.0,1065098159772.0,1486337400029.0,435801244166.0,1050536155863.0
VC9,624660755960.0,210848477610.0,835509233570.0,772079571744.0,63429661826.0
VCA,294871007160.0,25094356797.0,319965363957.0,127608967046.0,192356396911.0
VCB,0.0,0.0,2085400000000000.0,1886440000000000.0,198956110000000.0
VCC,1179255286421.0,53107066293.0,1232362352714.0,961401107152.0,270961245562.0
VCF,842528899612.0,1645959160230.0,2488488059842.0,593744351247.0,1894743708595.0
VCG,17671610983500.0,11739341056326.0,29410952039826.0,18275771001508.0,11135181038318.0
VCI,26491835561026.0,100288918214.0,26592124479240.0,13647819031379.0,12944305447861.0
VCM,64519185320.0,29607146940.0,94126332260.0,22681023459.0,71445308801.0
VCP,1205112931729.0,3602717785211.0,4807830716940.0,2752305084481.0,2055525632459.0
VCR,294229111123.0,4888728218616.0,5182957329739.0,3600233442737.0,1582723887002.0
VCS,5474954538482.0,993523472901.0,6468478011383.0,1358855867553.0,5109622143830.0
VCW,388915310785.0,3478164213636.0,3867079524421.0,2661456496223.0,1205623028198.0
VCX,193141013164.0,398333494345.0,591474507509.0,352314493895.0,239160013614.0
VDP,919077027751.0,201053289132.0,1120130316883.0,362591368935.0,757538947948.0
VDS,6096485409864.0,298502337961.0,6394987747825.0,3587377224142.0,2807610523683.0
VE1,28022360241.0,1223000075.0,29245360316.0,2245909481.0,26999450835.0
VE2,37765788609.0,16289114102.0,54054902711.0,51831537534.0,2223365177.0
VE3,183718082746.0,9788327555.0,193506410301.0,174137145998.0,19369264303.0
VE4,52411904722.0,9610684187.0,62022588909.0,52081841488.0,9940747421.0
VE9,10499050869.0,8018476086.0,18517526955.0,10059397903.0,8458129052.0
VEA,18739743158653.0,8822019503708.0,27561762662361.0,1323517876403.0,26238244785958.0
VEC,517634971259.0,237250901065.0,754885872324.0,208080089446.0,546805782878.0
VEF,87994540134433.0,10386169087849.0,98380709222282.0,94605808475114.0,3774900747168.0
VES,2327952840.0,16988264250.0,19316217090.0,5485000073.0,13831217017.0
VET,538333851658.0,322287338775.0,860621190433.0,560460303125.0,300160887308.0
VFC,758481977923.0,298410096374.0,1056892074297.0,341136606128.0,715755468169.0
VFG,2206768659726.0,287698824480.0,2494467484206.0,889244561529.0,1605222922677.0
VFR,240982153918.0,137814073233.0,378796227151.0,64595334069.0,314200893082.0
VFS,2851776908206.0,869793719440.0,3721570627646.0,2130684566091.0,1590886061555.0
VGC,9472350702129.0,15369884543537.0,24842235245666.0,14887107672013.0,9955127573653.0
VGG,4076837465714.0,1213455096879.0,5290292562593.0,3112119449354.0,2178173113239.0
VGI,48658156050000.0,14762736836831.0,63420892886831.0,27554581581609.0,35866311305222.0
VGP,4756778063119.0,30528038687.0,4787306101806.0,4552551409089.0,234754692717.0
VGR,716871517892.0,475935997388.0,1192807515280.0,193755691040.0,999051824240.0
VGS,1326965172915.0,1007130621446.0,2334095794361.0,1249520629974.0,1084575164387.0
VGT,9355325355572.0,9781761116017.0,19137086471589.0,9845366058868.0,9291720412721.0
VGV,912201168149.0,241361555097.0,1153562723246.0,669974549712.0,483588173534.0
VHC,8241100250428.0,4007952460919.0,12249052711347.0,3247184282202.0,9001868429145.0
VHD,3480639553650.0,679470417101.0,4160109970751.0,4092201863100.0,67908107651.0
VHE,294361869513.0,199748722133.0,494110591646.0,135652775054.0,358457816592.0
VHF,314933760171.0,40192772318.0,355126532489.0,126365371802.0,228761160687.0
VHG,12482518306.0,135132028714.0,147614547020.0,11277213118.0,136337333902.0
VHL,422372440934.0,306560494171.0,728932935105.0,257078274437.0,471854660668.0
VHM,287465943000000.0,273258247000000.0,560724190000000.0,340281150000000.0,220443040000000.0
VIB,0.0,0.0,493158366000000.0,451296560000000.0,41861806000000.0
VIC,400374790000000.0,438841410000000.0,839216200000000.0,685698650000000.0,153517550000000.0
VID,636573707232.0,491400231546.0,1127973938778.0,454163452394.0,673810486384.0
VIF,3563961076791.0,1903334174488.0,5467295251279.0,470127864679.0,4997167386600.0
VIG,224572668332.0,148363582389.0,372936250721.0,16500297159.0,356435953562.0
VIH,174587875519.0,175890221264.0,350478096783.0,271288263343.0,79189833440.0
VIM,33485968024.0,12175795071.0,45661763095.0,22397451280.0,23264311815.0
VIN,189898527513.0,406872458465.0,596770985978.0,23000122016.0,573770863962.0
VIP,1019511305169.0,374696833962.0,1394208139131.0,106119838381.0,1288088300750.0
VIT,968449342871.0,1146795928491.0,2115245271362.0,1481375300427.0,633869970935.0
VIW,1392841495275.0,590808296683.0,1983649791958.0,1271916480283.0,711733311675.0
VIX,19558155308985.0,48170088620.0,19606325397605.0,3561584498167.0,16044740899438.0
VJC,42388578733114.0,57135100438279.0,99523679171393.0,82593526197906.0,16930152973487.0
VKC,193670186593.0,49617527523.0,243287714116.0,485430420710.0,0.0
VLA,45847959039.0,4245913364.0,50093872403.0,6029969541.0,44063902862.0
VLB,697678276510.0,300813988561.0,998492265071.0,341331300264.0,657160964807.0
VLC,4095775272516.0,2738207494178.0,6833982766694.0,826304986112.0,6007677780582.0
VLG,164800586261.0,64972726023.0,229773312284.0,52444286717.0,177329025567.0
VLW,318710114153.0,293956265795.0,612666379948.0,136183603034.0,476482776914.0
VMC,1168221835760.0,237095397838.0,1405317233598.0,1048452207949.0,356865025649.0
VMD,1170493383799.0,221096043478.0,1391589427277.0,973920486801.0,417668940476.0
VMS,132668736530.0,106788423744.0,239457160274.0,87810337411.0,151646822863.0
VNA,360796526906.0,448060332357.0,808856859263.0,231694514575.0,577162344688.0
VNB,347162799367.0,783551879415.0,1130714678782.0,28399229318.0,1102315449464.0
VNC,257397353262.0,148032514706.0,405429867968.0,125411292190.0,280018575778.0
VND,43105620017289.0,1189156655182.0,44294776672471.0,24579707979260.0,19715068693211.0
VNE,1593702934487.0,1617409603063.0,3211112537550.0,2445427628936.0,765684908614.0
VNF,616367753830.0,368509315792.0,984877069622.0,362084255439.0,622792814183.0
VNG,1585253548615.0,2975207392520.0,4560460941135.0,3436840171990.0,1123620769145.0
VNL,359500564189.0,96873845402.0,456374409591.0,158961601435.0,297412808156.0
VNM,37553650065098.0,17495411471963.0,55049061537061.0,18874658707398.0,36174402829663.0
VNP,193791454048.0,173383408297.0,367174862345.0,70554269099.0,296620593246.0
VNR,5466527432290.0,3311199532491.0,8777726964781.0,4832809188149.0,3944917776632.0
VNS,395770686485.0,1459432991380.0,1855203677865.0,705620216581.0,1149583461284.0
VNT,481576166654.0,190466078999.0,672042245653.0,455243219317.0,216799026336.0
VNY,59720914269.0,96082908132.0,155803822401.0,54764992782.0,101038829619.0
VNZ,4361961211988.0,5097865448448.0,9459826660436.0,8189648611917.0,1270178048519.0
VOC,1722435692284.0,500321551597.0,2222757243881.0,56484993044.0,2166272250837.0
VOS,2098918083779.0,792273653159.0,2891191736938.0,902267290634.0,1988924446304.0
VPA,28816119931.0,262016878661.0,290832998592.0,351479809932.0,0.0
VPB,0.0,0.0,923847637000000.0,776572375000000.0,147275262000000.0
VPD,318750519866.0,1415149148137.0,1733899668003.0,330844472248.0,1403055195755.0
VPG,7825951941458.0,620508785696.0,8446460727154.0,6841244515383.0,1605216211771.0
VPH,1335992085233.0,594779874463.0,1930771959696.0,833535635988.0,1097236323708.0
VPI,5152291995215.0,5991866495609.0,11144158490824.0,6067073096757.0,5077085394067.0
VPS,470704841806.0,94242164585.0,564947006391.0,220436806278.0,344510200113.0
VRC,1250674896492.0,488846978379.0,1739521874871.0,478175898672.0,1261345976199.0
VRE,12312424000000.0,42913731000000.0,55226155000000.0,13303514000000.0,41922641000000.0
VRG,411401140736.0,623105268275.0,1034506409011.0,627470243727.0,407036165284.0
VSA,485519175100.0,131682564327.0,617201739427.0,274558809398.0,342642930029.0
VSC,1811557308602.0,6110441325668.0,7921998634270.0,2899013876257.0,5022984758013.0
VSF,2823707611076.0,3501974283346.0,6325681894422.0,3896248197159.0,2429433697263.0
VSH,1099736290561.0,7508146038779.0,8607882329340.0,3924581896851.0,4683300432489.0
VSI,242946545663.0,286318675272.0,529265220935.0,337202308131.0,192062912804.0
VSM,77429860088.0,46957698014.0,124387558102.0,36457169525.0,87930388577.0
VSN,1720635705975.0,385337565390.0,2105973271365.0,810977773082.0,1294995498283.0
VST,208182401292.0,169793374506.0,377975775798.0,1047085946702.0,0.0
VTB,127781100761.0,109854871151.0,237635971912.0,45575248674.0,192060723238.0
VTC,237668670688.0,20042821273.0,257711491961.0,177294743087.0,80416748874.0
VTD,160977117769.0,68811093566.0,229788211335.0,87051689018.0,142736522317.0
VTE,303076766519.0,8486357502.0,311563124021.0,142107650105.0,169455473916.0
VTG,137763272444.0,66972585660.0,204735858104.0,36393147331.0,168342710773.0
VTH,399884102358.0,110509070076.0,510393172434.0,411522348742.0,98870823692.0
VTJ,14346916849.0,90116502722.0,104463419571.0,7658814780.0,96804604791.0
VTO,1085743260395.0,530069039831.0,1615812300226.0,447056850849.0,1168755449377.0
VTP,4679741123315.0,1669238006382.0,6348979129697.0,4755171422107.0,1593807707590.0
VTQ,36541461928.0,162153263144.0,198694725072.0,70481369237.0,128213355835.0
VTR,2519120469036.0,129500260749.0,2648620729785.0,2166609152373.0,482011577412.0
VTV,739656199925.0,214298827470.0,953955027395.0,557336520284.0,396618507111.0
VTX,68863465562.0,152677645255.0,221541110817.0,136396734000.0,85144376817.0
VTZ,2178452518143.0,231215871392.0,2409668389535.0,1590890363606.0,818778025929.0
VUA,256084531403.0,13419647366.0,269504178769.0,1624043326.0,267880135443.0
VVN,2853421236231.0,2031817751316.0,4885238987547.0,6950763133634.0,0.0
VVS,2280909131485.0,37551094522.0,2318460226007.0,1965519375179.0,352940850828.0
VW3,120993027366.0,735526204.0,121728553570.0,76954812831.0,44773740739.0
WCS,273541568116.0,34077941186.0,307619509302.0,42025992859.0,265593516443.0
WSB,558161590615.0,365360493752.0,923522084367.0,155695945427.0,767826138940.0
WSS,454136910953.0,33469449121.0,487606360074.0,4664781525.0,482941578549.0
X20,502200532059.0,190119301228.0,692319833287.0,402086685094.0,290233148193.0
XDH,477877211448.0,379748033183.0,857625244631.0,307671197613.0,549954047018.0
XHC,475161554860.0,202206064674.0,677367619534.0,311814141122.0,365553478412.0
XMC,2240210976240.0,705687160867.0,2945898137107.0,2056869363546.0,889028773561.0
XMP,11927286540.0,372165780033.0,384093066573.0,210770146251.0,173322920322.0
XPH,39432465152.0,108481532483.0,147913997635.0,3418676359.0,144495321276.0
YBM,316521759923.0,307178808028.0,623700567951.0,436345041115.0,187355526836.0
YEG,1482481086696.0,1009844940900.0,2492326027596.0,985419081745.0,1506906945851.0
