mack,eps,pe,pb,roa,roe,tangtruongdoanhthuthuan,tangtruongloinhuangop,tangtruongtongtaisan
AAA,947.0,9.21,0.53,2.25581552396822e+16,4973838406953800.0,1.27,34.29,18.69
AAH,151.0,23.81,0.35,1218706265253130.0,1.48917427264045e+16,404.33,33.23,10.47
AAM,-604.0,-12.09,0.39,-3119737154205480.0,-3215290859013270.0,12.23,383.56,-4.94
AAS,347.0,25.62,0.82,1.58044593561254e+16,3196106956925610.0,-37.62,35.5,41.74
AAT,-7.0,-479.57,0.34,-3370168256499180.0,-6085690842975140.0,-2.76,16.63,30.68
AAV,-173.0,-42.15,0.66,-1.45743559817922e+16,-1.77533198957906e+16,-47.36,-102.86,1.94
ABB,590.0,12.54,0.55,3.45573894696433e+16,4347312063683670.0,0.0,0.0,9.03
ABC,710.0,16.75,0.49,1.61379352635668e+16,2906079012605920.0,6.33,-45.16,39.93
ABI,2874.0,10.44,1.39,4716621031180450.0,1.32862731294518e+16,6.68,-3.14,9.67
ABR,898.0,14.48,0.88,5.07272303615376e+16,6.10653972893936e+16,-50.25,-35.48,-7.82
ABS,32.0,143.78,0.4,2.55445955932364e+16,2.79251276992984e+16,-61.36,-83.74,-36.55
ABT,6942.0,5.7,0.86,1063739244066160.0,1.50601926214717e+16,7.78,28.67,17.99
ABW,1090.0,7.71,0.59,325266759795633.0,7642057205895260.0,29.6,25.93,47.47
ACB,3975.0,6.49,1.38,1.94324735840314e+16,2011673908593110.0,0.0,0.0,20.2
ACC,502.0,29.1,1.15,1.7737120006753e+16,3965049816483300.0,8.04,-13.33,27.07
ACG,2786.0,15.0,1.51,7449095088160930.0,1.00598079480643e+16,5.81,12.98,2.13
ACL,210.0,56.65,0.74,6310159867924560.0,1.30137484732723e+16,56.6,14.19,-4.54
ACV,5312.0,23.7,4.57,1.49820594068062e+16,1931330575443470.0,12.78,16.46,14.73
ADC,3539.0,5.93,1.0,7997734043138220.0,1.69013703216074e+16,-4.59,-1.84,8.5
ADG,828.0,13.64,0.62,4256043459986600.0,545368458642805.0,12.71,-6.68,10.27
ADP,0.0,0.0,2.45,0.0,0.0,-100.0,-100.0,-6.8
ADS,683.0,12.84,0.7,2.15117799395407e+16,5841860108341450.0,-0.77,-28.38,4.07
AFX,798.0,9.52,0.56,1.40034577454241e+16,5.86906273511656e+16,-3.79,-24.09,72.67
AGF,-136.0,-22.05,-0.46,-1.35582530919786e+16,0.0,12.16,-2.3,-2.19
AGG,2148.0,7.17,0.8,3709821568492220.0,8319940444308320.0,-50.83,-39.25,-24.3
AGM,-13813.0,-0.24,-0.26,-2407551302828870.0,0.0,-69.43,-102.18,-15.59
AGP,2184.0,17.81,2.25,4468233975787200.0,1.22278741067869e+16,9.4,8.52,21.89
AGR,627.0,27.01,1.49,3892374022383320.0,5532924469555380.0,14.26,0.3,13.38
AIC,114.0,96.72,0.99,2.22334386281603e+16,1.02648686334585e+16,18.5,35.63,27.64
AIG,4150.0,11.13,1.31,798164623344261.0,1.39781498104367e+16,3.95,8.03,10.91
ALT,296.0,40.15,0.31,4632325622172140.0,7825837131451420.0,36.58,11.56,12.33
AMC,2171.0,7.37,0.86,6.06112946469382e+16,1.16996967721534e+16,8.8,5.21,30.26
AME,352.0,13.35,0.38,7070611380523520.0,2.81422559119238e+16,52.17,31.25,29.11
AMS,911.0,10.53,0.72,1671010237805210.0,6799720833672660.0,14.27,28.43,-2.3
AMV,36.0,41.37,0.12,1.68838298681344e+16,1969119564056720.0,57.62,-34.05,0.11
ANT,3871.0,5.04,1.2,5.83835654613476e+16,2.38862150220909e+16,90.94,125.65,55.93
ANV,320.0,61.86,1.88,9955277643842810.0,1730482551930130.0,10.64,25.24,-4.9
APC,-1042.0,-6.34,0.23,-2.56203256937187e+16,-3.66103419375447e+16,11.19,24.97,-8.57
APF,5489.0,10.02,1.42,458560916971782.0,1.35661027392183e+16,1.16,1.78,7.98
APG,-744.0,-8.97,0.63,-5.62552340511118e+16,-6261672244942720.0,-50.39,-154.27,45.2
APH,509.0,13.74,0.29,2.29802989776285e+16,5212679170558980.0,-2.27,25.4,8.5
API,-232.0,-33.6,0.72,-8933742078966320.0,-2.12770786074536e+16,8.49,34.12,-4.99
APS,263.0,24.7,0.67,2679227743806980.0,2.71933722238458e+16,-45.24,11.47,1.55
ARM,1534.0,16.36,2.02,2.78839500231069e+16,1.23703992597413e+16,61.48,10.89,-3.65
ART,-216.0,-6.01,0.96,-1.53726512796182e+16,-1.59375165340048e+16,-77.16,-240.21,-14.95
ASG,318.0,57.46,0.82,1635016056239240.0,2.63094046133869e+16,-0.22,22.56,7.23
ASM,519.0,16.56,0.39,1.10573737278022e+16,3130591754557250.0,0.33,2.98,12.79
ASP,134.0,29.44,0.49,241788966599415.0,1.26925793268539e+16,-11.18,-17.34,-30.1
AST,3303.0,16.5,3.97,2.37177448296965e+16,3273283824602270.0,20.95,27.19,12.09
ATG,1.0,3270.34,-217.08,9573147439508360.0,0.0,-78.49,83.63,-76.95
ATS,57.0,264.16,1.2,410831420024818.0,4552738971434810.0,5.57,20.1,-4.01
AVC,4026.0,13.46,3.73,2.40339222528364e+16,2771357253553190.0,7.98,1.24,-20.92
AVG,886.0,33.06,2.28,3.17125246767514e+16,5643061773405710.0,13.86,21.89,13.08
BAB,1135.0,10.57,0.91,6110793452135750.0,8582722608625540.0,0.0,0.0,8.7
BAF,1688.0,16.66,2.29,4337630250036800.0,1.10484413087904e+16,6.83,115.0,14.28
BAX,3241.0,12.49,1.58,3669433719336880.0,1.26302526378983e+16,-2.06,14.62,-0.07
BBC,6223.0,8.63,0.67,5286501035121660.0,7805101577372000.0,19.7,25.2,-5.17
BBM,320.0,22.48,0.59,1.90501757285568e+16,2.63747522072131e+16,-2.85,-5.11,-5.79
BBS,1031.0,9.89,0.57,2.12361321923731e+16,5.73708984599423e+16,-0.03,4.41,-2.69
BCA,-2713.0,-4.05,0.42,-1.31654654894999e+16,-1.03459429381612e+16,44.15,524.27,-2.6
BCC,-51.0,-144.56,0.51,-2.38351121654659e+16,-4577598916552670.0,13.2,175.71,-6.68
BCE,1487.0,5.72,0.77,7292574084145100.0,1.34506698658226e+16,107.23,135.76,3.8
BCF,3250.0,12.46,3.44,1643244945863490.0,2676702585690750.0,28.19,43.67,35.08
BCG,566.0,11.24,0.26,1.81588617758502e+16,3948837020901240.0,8.97,-4.14,10.74
BCM,2034.0,34.85,3.58,3929605526731430.0,1.12779892949749e+16,-34.09,-20.14,10.02
BCR,559.0,8.44,0.36,1.94357080739323e+16,4191029081390210.0,-29.13,-53.77,10.81
BDB,611.0,12.94,0.66,2.69076478127264e+16,5.11096814334605e+16,7.13,-6.14,30.02
BDG,6618.0,5.13,1.29,1.54854262262928e+16,2681861936445090.0,16.45,17.34,11.48
BDT,-391.0,-17.71,0.49,-1.28918420822679e+16,-2615563014314730.0,-58.78,-56.96,-23.24
BDW,2905.0,8.5,1.48,7829825171389470.0,1393370646072660.0,4.46,-7.36,-2.68
BED,2497.0,12.33,2.12,1380723252244070.0,1721023748554320.0,-3.56,-12.09,1.05
BFC,6267.0,6.42,1.51,1.3058774414576e+16,2816601619941940.0,8.96,53.47,-5.11
BGE,493.0,19.44,0.69,2.02780043457274e+16,3897462875142100.0,13.53,17.5,2.15
BGW,636.0,25.28,1.51,4987942955152570.0,5960584524619840.0,5.37,3.68,-1.17
BHA,2480.0,8.91,1.47,1.05854166329831e+16,1.65392123201608e+16,18.31,26.16,-4.78
BHC,67.0,25.41,-0.1,876423714886681.0,0.0,-25.11,-59.82,-9.34
BHI,82.0,134.41,0.91,1.638868251087e+16,6.68629003474341e+16,9.69,-251.94,10.17
BHK,1156.0,16.94,1.55,4523162279955130.0,9177010772580050.0,-1.82,3.82,-4.42
BHN,1649.0,23.07,1.67,5548007302393570.0,7632298324509210.0,6.0,14.16,1.55
BIC,4218.0,8.02,1.34,5766840206904240.0,1.68650765626741e+16,17.45,34.27,14.82
BID,4326.0,8.68,1.48,0.0,1738389711676260.0,0.0,0.0,19.98
BKC,4593.0,3.11,0.71,1.25777210271959e+16,227502458706798.0,28.99,215.3,16.33
BKG,213.0,15.4,0.31,1908187603493300.0,2.02336486496068e+16,55.29,17.02,-12.86
BLI,1091.0,9.3,0.67,253067640941938.0,7236861655205210.0,-0.56,-6.76,10.61
BMC,2061.0,10.24,1.1,9936943425655490.0,1.07865891768176e+16,8.55,8.87,2.5
BMF,1023.0,8.54,0.77,2.25303573581497e+16,8967756898529820.0,-2.76,4.91,1.29
BMI,1928.0,10.89,1.0,3.18807757452385e+16,8526289984793980.0,8.52,-1.77,6.44
BMJ,464.0,25.95,1.04,2949227442766110.0,3.9935186786936e+16,17.82,-3.88,7.58
BMP,12103.0,10.83,3.97,3.09565156789311e+16,3667180698470610.0,-10.5,-6.04,-1.67
BMS,1222.0,9.04,0.9,4625872749867120.0,9431416564013060.0,-9.38,34.3,50.52
BMV,78.0,99.29,0.76,3941271314479750.0,7613508714312770.0,-2.7,0.84,-1.47
BNA,2069.0,4.93,0.59,3310684664077740.0,9991920667158430.0,20.48,10.45,51.89
BNW,1377.0,6.74,0.81,5654006326081180.0,1.2008195786036e+16,12.75,33.56,21.47
BOT,4209.0,0.64,0.4,1362316307680320.0,6147548542471210.0,824.95,1185.84,25.2
BPC,292.0,33.87,0.4,6234800684553830.0,1.18355498909847e+16,18.13,7.88,-4.76
BRC,1754.0,8.21,0.84,7026231809587260.0,1.02115422903581e+16,26.13,14.77,6.29
BRR,1177.0,16.14,1.47,8171564253741600.0,9127926120305690.0,-2.04,51.33,1.51
BSA,1052.0,21.21,1.64,5509047322514260.0,7756090871306810.0,-13.95,-26.27,-5.93
BSC,686.0,21.28,1.13,4.98161042562946e+16,5319353857449460.0,44.69,8.38,3.81
BSG,748.0,15.64,1.87,8049809001728180.0,1.19329612983022e+16,21.8,10.22,8.55
BSH,2277.0,8.21,1.1,1.03634624382001e+16,1334958506900130.0,4.82,-6.99,-15.78
BSI,1946.0,24.98,2.14,4004548796049480.0,8160432749228000.0,12.05,7.06,23.88
BSL,897.0,11.15,0.89,6293249233646560.0,7941941326467100.0,15.56,20.32,-2.37
BSP,531.0,19.02,0.66,2002594145829800.0,3473804193561090.0,16.12,-2.61,-2.58
BSQ,2223.0,9.31,1.11,7515803933358060.0,1.19519483331348e+16,7.0,-7.19,-12.8
BSR,202.0,113.04,1.27,661800032066764.0,1.05405115577975e+16,-16.55,-95.53,2.14
BST,1473.0,10.05,1.06,6348264528009690.0,1.05468062036551e+16,-16.41,-19.49,-6.89
BTH,28403.0,1.26,0.95,5353921669001150.0,7527145408332020.0,172247.81,96562.79,11.05
BTP,578.0,20.75,0.69,2.78246623039322e+16,3.31379321072241e+16,-54.17,45.93,-13.72
BTS,-1601.0,-3.06,0.57,-6391889608034730.0,-1.84768646264885e+16,1.41,-106.2,-11.56
BTT,3476.0,11.65,1.4,9303886488777130.0,1207351686582110.0,18.97,12.44,-0.53
BTV,1187.0,11.71,1.39,5947295512827320.0,1.18754841196631e+16,25.98,12.53,8.12
BTW,5028.0,8.08,1.45,1.23588323593825e+16,1.80097924919472e+16,5.98,10.17,3.08
BVB,599.0,19.37,1.04,3006211928804080.0,5056972419409030.0,0.0,0.0,17.81
BVH,2809.0,18.05,1.6,8586307172553460.0,9176297331255800.0,-0.54,-191.67,13.62
BVL,102.0,90.63,0.59,8120180195628320.0,1.12435119878387e+16,-22.23,-46.69,21.4
BVS,2373.0,15.59,1.09,3.0435217968314e+16,7007990805759850.0,13.79,11.68,-6.4
BWE,3062.0,15.51,1.89,4.67623622180573e+16,1.20388916209659e+16,12.28,8.29,17.16
BWS,2727.0,12.43,2.88,2.00690832589694e+16,2.16768083701729e+16,9.1,22.03,14.17
BXH,180.0,83.7,0.83,556666746822998.0,9944522254614100.0,-21.65,-33.78,-14.33
C21,828.0,20.64,0.37,1.57267580103239e+16,1.84841175743244e+16,17.93,29.94,17.33
C32,755.0,23.33,0.48,1.43913539938609e+16,2.07332140042584e+16,26.86,30.68,-8.86
C47,108.0,55.6,0.5,1.69070253350636e+16,8555233482917780.0,-4.29,-22.5,23.1
C4G,502.0,15.74,0.72,1.88282646976882e+16,4556983978539780.0,20.65,12.65,-1.17
C69,272.0,24.23,0.48,1847986248872730.0,2.58368598216502e+16,-8.36,-3.57,-10.46
CAD,-3731.0,-0.13,-0.01,-6781269494729700.0,0.0,-27.98,-114.53,-16.84
CAG,-48.0,-164.79,0.76,-4463029934739970.0,-4.61921427352068e+16,-35.05,-80.32,-2.52
CAN,308.0,175.27,1.86,5368998514688970.0,1.05971174535732e+16,-8.06,-5.88,-28.78
CAP,2199.0,19.97,2.79,1.1454098366026e+16,1.28868946879098e+16,-3.21,-49.57,-7.6
CAR,812.0,24.88,1.75,6030629201379830.0,6542257042531140.0,2.99,3.99,27.74
CBI,-3498.0,-2.72,1.42,-7612897414981140.0,-5240844762033680.0,-16.37,-101.47,0.79
CC1,669.0,23.9,1.25,1.54749981527662e+16,5658952150083210.0,81.01,47.29,11.96
CC4,283.0,58.96,1.24,1.41416029820265e+16,3.00624247925651e+16,-67.7,-65.86,11.33
CCA,728.0,23.34,0.91,1.24029840538331e+16,3.90384831692004e+16,4.96,58.06,-18.06
CCI,1871.0,13.47,1.62,4.13025688353466e+16,1.2043940457048e+16,-0.32,-12.25,1.44
CCL,711.0,12.67,0.74,3743744220154780.0,5851588787980000.0,-4.77,-12.11,-0.65
CCR,676.0,20.13,1.18,5.39855134479397e+16,6039330588207570.0,24.1,21.3,2.1
CCT,128.0,74.93,1.02,1.01053168768729e+16,1.36344487147845e+16,6.09,13.95,2.61
CDC,1302.0,13.09,0.97,1.33681434408324e+16,7414877809561670.0,-10.48,-26.18,18.95
CDN,3044.0,11.17,1.84,1.22486493810128e+16,1.6462317146827e+16,17.59,13.56,11.71
CDO,-61.0,-31.07,0.29,-830609584401537.0,-9267666139404840.0,2.23,1.32,-2.46
CDP,945.0,10.79,0.86,8059705802801850.0,7929171999241040.0,4.72,12.35,-1.21
CEN,1.0,1509.48,0.2,128377467788158.0,1.31545713757055e+16,5.81,18.41,1.26
CEO,363.0,36.34,1.13,1.89487733799049e+16,2.68941558187584e+16,-6.15,-18.92,-4.89
CET,11.0,427.42,0.41,9055713169090520.0,9657558764381440.0,-9.09,13.5,-13.46
CFV,3718.0,6.81,1.72,1.92596429519458e+16,2529605840453890.0,-35.6,215.42,-12.59
CHP,2136.0,15.78,2.49,1.16370241577368e+16,1578368009148420.0,-7.62,-10.19,-9.13
CHS,1242.0,10.47,1.14,7506663525166210.0,108797020043876.0,-0.9,-0.97,-13.39
CIA,242.0,42.56,0.58,1.29567370213223e+16,1.37041435399791e+16,30.59,90.9,2.51
CIG,2042.0,3.99,1.2,6230177134455970.0,3.00425680306621e+16,42.8,33.7,47.86
CII,870.0,16.03,0.49,174073731472393.0,6983647265260280.0,-1.59,45.68,10.59
CJC,977.0,26.39,2.2,3157178553770890.0,8323356136819330.0,53.49,21.83,12.3
CKD,3156.0,7.22,1.32,8058147390093180.0,1.82182934094055e+16,22.67,27.98,13.53
CKG,1339.0,16.88,1.46,2.50749914109382e+16,8552577121255000.0,3.13,-9.58,6.25
CKV,694.0,18.74,0.68,1.3974720087762e+16,3607381118931150.0,12.08,22.09,31.0
CLC,5732.0,9.07,1.5,768326836697504.0,1.65122529353368e+16,24.27,22.72,24.79
CLH,3223.0,6.73,1.3,1.23920777051274e+16,1.93105806221847e+16,0.3,-7.92,2.9
CLL,2867.0,12.49,1.95,1.45762029290943e+16,1.5926226432278e+16,5.14,7.37,0.96
CLM,13026.0,5.9,1.13,1.06353942817797e+16,1914250329942160.0,-2.23,-17.69,-43.99
CLW,4111.0,10.3,2.16,938626753625158.0,2.09457518519789e+16,-0.07,11.31,-2.46
CLX,2279.0,7.33,0.8,8238421761608140.0,1.08959072019764e+16,-0.05,9.33,3.91
CMC,18.0,319.26,0.42,5033459259516140.0,1316418444822420.0,55.0,1245.58,8.4
CMD,2673.0,8.19,1.04,8731723129970040.0,1.27519915827905e+16,-19.62,-21.22,-8.68
CMI,-1280.0,-0.94,-0.17,-9792458826944190.0,0.0,148.47,-144.5,-9.85
CMM,942.0,9.88,0.75,2550419659638610.0,783088418557117.0,38.38,52.11,26.73
CMP,781.0,10.38,0.73,3646515917699230.0,7030456547834570.0,68.7,110.05,3.37
CMS,195.0,50.36,0.96,889178641075682.0,1904513669739410.0,105.98,53.06,30.42
CMV,612.0,13.89,0.63,1920171465222000.0,3.92097114008647e+16,8.18,9.98,-5.49
CMW,916.0,13.21,1.08,4360740894724530.0,8158459485817710.0,10.12,20.15,-0.25
CMX,711.0,11.07,0.47,2497304922600770.0,5722821574010500.0,46.13,34.31,13.37
CNG,2587.0,11.98,1.72,6649850045512690.0,1.4394354859977e+16,13.01,7.58,17.85
CNT,3068.0,4.47,0.99,1.59542942885343e+16,1.92436960407499e+16,-35.93,-23.28,-7.39
COM,1899.0,15.43,0.95,5.50900279875575e+16,6175271851465780.0,-5.43,5.67,-0.7
CPA,-705.0,-10.22,4.16,-1.55438441343643e+16,-4.07483561557551e+16,34.07,110.34,-15.62
CPC,2242.0,8.03,0.86,7477070866319710.0,1.07511908029788e+16,0.35,-3.05,-8.45
CPI,55.0,88.01,-7.48,4607283476331240.0,0.0,20.11,70.26,-0.48
CQN,1588.0,19.64,2.39,1.04829530441433e+16,1.21759648417616e+16,2.18,22.17,7.3
CQT,159.0,54.16,0.83,7745266353631310.0,1.5254623915965e+16,-4.11,-40.96,-12.95
CRC,1277.0,5.32,0.5,5.50225484450083e+16,8156416254691520.0,26.17,46.6,87.19
CRE,91.0,86.13,0.64,5960000883873330.0,756693651548489.0,64.8,62.0,1.21
CSC,420.0,64.83,1.19,8818670149196370.0,2.39105377901209e+16,8.12,-39.2,-4.89
CSI,-856.0,-39.15,3.39,-8563760358761620.0,-8652102782905260.0,-8.59,-91.0,-7.55
CSM,736.0,20.98,1.17,1.99895469609933e+16,5593043782390250.0,-9.99,12.17,-1.72
CST,3261.0,7.48,0.97,5.24832043811836e+16,1.29355671853522e+16,19.73,-22.58,10.85
CSV,3082.0,14.88,3.25,1.3889417009301e+16,1.66109350738655e+16,16.82,23.39,7.91
CTB,3459.0,5.61,0.87,6671638106077410.0,1.55503135840238e+16,-30.92,-5.79,21.85
CTD,3100.0,22.16,0.8,1353778525251620.0,3.60357272113249e+16,0.0,0.0,0.0
CTF,551.0,39.93,1.88,1.29951224072365e+16,4541994904179720.0,15.08,13.27,7.16
CTG,4719.0,8.01,1.35,0.0,1.69896665116711e+16,0.0,0.0,17.36
CTI,1947.0,9.81,0.68,2.62661975947468e+16,7881501485708970.0,37.36,3.77,1.69
CTP,32.0,900.03,2.36,2525110808726930.0,2.62547621003404e+16,-57.17,-45.9,-20.12
CTR,4709.0,26.44,7.65,7622439268245890.0,2892457892816930.0,11.63,-1.05,2.19
CTS,1554.0,22.85,2.34,2656743385364100.0,1.02572622040936e+16,5.03,-2.06,2.85
CTT,2805.0,5.35,1.03,1.78509843060841e+16,1.92414879761852e+16,0.7,31.92,7.54
CTW,3198.0,9.85,1.55,1.28701474263312e+16,1.83238618214881e+16,50.83,71.67,12.12
CTX,145.0,52.47,0.58,5882736710090310.0,1.10830862735184e+16,-52.27,-56.36,-1.73
CVN,96.0,19.93,0.14,5.9147917004409e+16,6897325335894850.0,-9.99,-37.31,-0.37
CVT,1630.0,15.55,0.96,1.7943879901342e+16,6163529004551450.0,-6.55,-14.03,0.66
CX8,172.0,49.03,0.8,2.73412357287177e+16,1.62679752557247e+16,2.27,4.76,55.81
D11,533.0,19.02,0.39,1.06892384983077e+16,2.06097981812334e+16,204.77,-15.88,3.86
D2D,2915.0,10.87,1.28,5.81752959419846e+16,1.1811642945715e+16,77.75,241.65,-2.73
DAC,-1942.0,-2.32,-0.78,-1456264412969540.0,0.0,4.82,-28.09,-4.84
DAD,2461.0,8.69,1.02,6996815052778410.0,1.17384000628331e+16,13.69,-3.01,-1.9
DAE,1650.0,10.4,0.79,6234591997838340.0,7556044204931480.0,17.76,16.06,3.16
DAH,111.0,30.76,0.31,8545897874348150.0,1.00744203251564e+16,56.86,407.98,-2.99
DAN,3436.0,9.02,0.85,4.50696448254506e+16,9378905374283680.0,-1.98,12.0,23.29
DAT,898.0,8.69,0.61,3870573589520470.0,6537386395315430.0,-0.04,-32.53,-8.51
DBC,2808.0,9.88,1.37,5.44745228475197e+16,1.13665863035778e+16,22.17,73.41,8.5
DBD,3245.0,17.75,3.25,1.21535710285575e+16,1.65658411727158e+16,4.59,4.26,13.84
DBT,874.0,13.97,0.88,1.37843883276499e+16,479856092557685.0,7.0,11.75,16.1
DC2,714.0,10.68,0.7,1.72523495720073e+16,4648029742308670.0,19.17,-2.4,-18.58
DC4,2224.0,6.03,0.96,5048082565322030.0,1.51356708996925e+16,89.41,9.48,44.43
DCF,1313.0,52.56,4.27,3782908831764270.0,8125935601189560.0,117.01,62.49,43.35
DCL,733.0,36.47,1.3,2.23359093255223e+16,3602032456395860.0,14.24,-2.48,6.44
DCM,2518.0,14.14,1.86,8571565644328990.0,1.32584994250611e+16,7.04,17.37,2.7
DCT,-2946.0,-0.2,-0.03,-1.05830809642921e+16,0.0,-12.98,-50.28,3.02
DDG,198.0,15.18,0.29,8861608766677420.0,1897964494486150.0,-45.28,32.34,12.5
DDM,1400.0,1.36,-0.03,4059961069266630.0,0.0,25.71,-163.71,-19.99
DDN,478.0,16.33,0.59,6.905123245182e+16,3603153810098210.0,47.62,40.81,46.01
DDV,1160.0,16.98,1.62,7572025142931040.0,9531558091562710.0,5.87,39.81,16.22
DFF,-5029.0,-0.34,0.46,-1.20532248265737e+16,-1.34938280322413e+16,-60.77,-106.19,-15.59
DGC,7870.0,14.82,3.23,1965591387152980.0,2.26962710531553e+16,1.2,1.7,1.83
DGT,37.0,164.27,0.47,2065159967864750.0,3209908962720230.0,25.76,3.18,-3.02
DGW,2441.0,16.47,2.93,5.27678846221968e+16,1.48921197022698e+16,17.33,31.8,13.96
DHA,3511.0,12.29,1.49,1.09909743576373e+16,1.21034312382775e+16,-21.1,-17.16,0.29
DHB,23.0,391.26,3.96,1.00228892218769e+16,1.0133843372851e+16,0.59,1714.29,-7.39
DHC,3007.0,12.54,1.51,7474173773710880.0,1.20913016553059e+16,10.36,-15.39,11.16
DHD,1749.0,16.06,1.73,627255103025913.0,8926757750225620.0,8.17,11.76,11.64
DHG,5958.0,17.44,3.32,1.30707890893186e+16,1.90223859870482e+16,-2.6,-8.78,-2.47
DHM,81.0,105.33,0.82,2.59945428311781e+16,7171315677299070.0,25.4,-14.67,5.05
DHP,1376.0,7.88,0.59,6696180442882030.0,7464955697022890.0,3.87,-4.74,-8.38
DHT,875.0,108.99,7.4,3903538305658440.0,7115526755662660.0,4.35,8.11,4.79
DID,88.0,48.96,0.36,3504795655628340.0,7.43321452536562e+16,4.81,-0.86,16.42
DIG,172.0,109.79,1.43,5525544111454730.0,1.26958528850594e+16,28.15,36.43,10.15
DIH,2157.0,7.45,0.92,2180142034802570.0,1.13002456614596e+16,-23.65,-24.7,-19.81
DL1,13.0,388.21,0.39,1.27327732205346e+16,2.38658427686355e+16,94.81,39.72,7.22
DLG,705.0,2.95,0.82,5753603750814970.0,3300221025071630.0,-8.05,34.09,-13.92
DLR,2405.0,8.27,-15.21,2.01135870527337e+16,0.0,-27.66,-26.99,0.77
DM7,3549.0,6.2,1.18,1.01266114654838e+16,1909655854431900.0,39.97,50.7,8.7
DMC,5837.0,11.82,1.49,1.1096521213537e+16,1.25703102711328e+16,10.49,12.2,-1.21
DMN,283.0,19.46,0.44,6114034810164220.0,2.28044404107804e+16,11.88,127.08,-7.14
DNA,2797.0,8.22,1.53,1.01567638482514e+16,1.86270231395082e+16,12.78,21.24,1.98
DNC,6027.0,11.17,4.04,2.07606813661082e+16,3158758408874560.0,16.81,13.53,16.68
DND,-761.0,-22.35,1.33,-3.48753755284182e+16,-4304135087867540.0,-20.44,-26.59,9.37
DNH,2146.0,16.21,2.79,1.21736471255094e+16,1.72751074901864e+16,-12.32,-20.34,-6.76
DNN,1642.0,0.12,0.02,6109961917656000.0,1228455831806780.0,8.17,-24.5,-7.18
DNP,345.0,59.62,0.47,1090963878551540.0,3163194851836700.0,17.4,13.8,9.81
DNW,2796.0,12.03,1.64,98215577049396.0,1.41470324377127e+16,7.26,9.96,-0.18
DP1,6364.0,6.04,1.89,1052751738501690.0,3132945238030990.0,-6.14,-6.16,11.31
DP2,-262.0,-19.92,1.28,-1.17785931379048e+16,-6422961655670050.0,3.61,72.44,-1.78
DP3,5659.0,10.34,2.42,1.99368578084494e+16,2.33524930981012e+16,1.89,-1.94,6.51
DPC,-790.0,-10.8,0.77,-2.56543914493333e+16,-7132867974166230.0,5.2,36.9,-8.18
DPG,3545.0,12.97,1.11,4.73219722039851e+16,1.16106913581536e+16,3.68,-6.81,-4.21
DPM,1518.0,23.06,1.22,3692578873408840.0,5432701843301240.0,-0.54,14.91,24.21
DPR,3217.0,12.06,1.03,767905892394809.0,1.05762609093396e+16,17.62,41.44,5.29
DQC,-3732.0,-3.38,0.44,-7618525971323540.0,-1278353691339240.0,-4.63,-31.85,-7.61
DRC,1950.0,14.61,1.77,5521292204507100.0,1.20953470682146e+16,3.96,12.46,23.99
DRG,528.0,14.79,0.64,4706931733568250.0,661036299209255.0,22.98,64.36,6.31
DRH,-1594.0,-1.19,0.18,-5063593052263100.0,-1502999588425010.0,-69.77,-254.79,-1.61
DRI,1495.0,8.46,1.56,151352149018715.0,1.86816842607729e+16,6.07,19.02,13.53
DRL,4700.0,12.15,4.79,350988087351279.0,3.94132915398426e+16,-13.36,-19.66,-5.32
DS3,921.0,5.67,0.6,6211933328724080.0,1058285122218910.0,72.86,23378.63,15.56
DSC,863.0,19.46,1.43,3.05267603256049e+16,7362542751390830.0,14.75,17.6,40.5
DSD,289.0,57.07,1.32,1.55482664682391e+16,1.94113684099807e+16,-1.79,-14.77,15.08
DSE,551.0,48.11,2.17,1.70881185733828e+16,4.51066100492036e+16,13.0,1.95,42.86
DSG,-622.0,-7.4,-38.31,-1816326348318610.0,0.0,-1.43,-0.21,-14.04
DSN,7671.0,7.17,2.1,2474684945377310.0,292782474386287.0,-12.57,-15.19,7.98
DSP,-176.0,-85.63,1.94,-2.12905731912763e+16,-2264144278268280.0,-8.55,-273.29,-1.61
DST,69.0,81.49,0.45,5523295041387620.0,5545196343816890.0,-1.2,-49.92,-5.1
DTA,98.0,40.43,0.35,2.80284490481075e+16,8688280366042210.0,41.08,0.41,-10.52
DTC,-3710.0,-1.3,3.61,-1.87363784280133e+16,-2.77601177616731e+16,-21.96,-183.79,-24.71
DTD,2298.0,11.8,1.18,7939055127275060.0,1331637363588480.0,-37.0,-48.34,1.36
DTG,3120.0,7.05,0.98,6869149990560130.0,1.24355501818904e+16,-2.27,-11.14,9.87
DTI,13.0,168.8,0.22,6590700694827700.0,129524350551373.0,97.56,-63.97,-12.82
DTK,1018.0,13.61,1.11,4436937090716710.0,8097089280954560.0,8.53,0.8,-5.7
DTL,34.0,296.73,0.81,9551150722149080.0,2738670240255450.0,1.78,-105.56,4.76
DTP,14616.0,9.37,2.28,1849561293366870.0,243412511646453.0,16.14,11.38,18.5
DTT,1425.0,14.56,1.26,6396865714076540.0,8642631547822770.0,15.33,26.69,5.9
DVG,41.0,28.99,0.11,3.61991668369817e+16,3.69767985466826e+16,111.02,-9.6,-5.82
DVM,1305.0,6.0,0.45,3.03772794203751e+16,673482375067525.0,6.63,-10.86,6.78
DVN,1828.0,13.73,1.74,7691068452408450.0,1422746246322580.0,-1.1,2.6,4.12
DVP,8406.0,9.76,2.2,2.05121526243507e+16,2.25815238629289e+16,26.43,43.64,0.21
DWC,1560.0,8.97,1.22,6.10907104096111e+16,1.36255282130681e+16,26.19,40.82,4.48
DWS,1908.0,6.45,0.86,463365609540515.0,1.33685687819917e+16,7.87,10.88,-0.44
DXG,356.0,43.89,0.74,1.55893254633056e+16,2987716195607280.0,27.07,33.59,1.22
DXP,908.0,12.83,0.81,5374413381412770.0,6278910345266490.0,66.0,29.02,2.33
DXS,243.0,29.64,0.5,1665458224519700.0,3.03506625000645e+16,18.93,62.9,-1.9
DXV,-574.0,-6.62,0.39,-4.56387633755795e+16,-5871140041498070.0,4.71,-12.62,-5.0
DZM,-162.0,-17.94,-2.08,-1531134171286440.0,0.0,-14.24,13.06,-13.7
E12,119.0,50.53,0.61,1.81311867056118e+16,1.20027263904802e+16,113.28,119.1,9.7
EBS,1714.0,6.36,0.69,9443857414051990.0,1.09291758088068e+16,-8.87,1.07,-0.55
ECI,-487.0,-40.84,1.03,-9919029073821190.0,-1.38982833870728e+16,-79.4,-82.9,-6.73
ECO,698.0,22.21,1.38,4.05727827886413e+16,6222905182437370.0,64.19,25.32,30.24
EIB,1875.0,10.29,1.43,1.38750962732749e+16,1.3254512875723e+16,0.0,0.0,19.04
EIC,1393.0,15.65,2.04,1.20570219299374e+16,1.30502632857518e+16,37.16,37.65,-3.06
EID,5012.0,5.35,0.87,1.13321952328589e+16,1.64472076522388e+16,7.52,1.23,5.04
EIN,-458.0,-5.24,0.29,-1.72435755273356e+16,-5.44046491121778e+16,50.32,136.32,-1.67
ELC,1162.0,23.15,1.79,5078123622947000.0,8088358559036840.0,-18.36,27.0,9.37
EMS,3132.0,8.78,1.83,8779107956576510.0,2.07948564293907e+16,2.84,-6.72,10.84
EPH,2684.0,5.96,0.98,1.05580901998235e+16,1638380908430640.0,-5.58,-13.05,-1.68
EVE,-751.0,-13.78,0.46,-2.36873271423793e+16,-3.21286967347194e+16,-5.8,-7.17,-5.21
EVF,784.0,11.6,0.77,9409992298303980.0,6226382751198260.0,0.0,0.0,21.08
EVG,189.0,32.95,0.47,8779985405203220.0,150749184306057.0,9.4,21.89,36.09
EVS,104.0,54.69,0.48,6962842796178250.0,873010992984858.0,-34.31,-13.08,4.69
FCM,34.0,98.9,0.29,1.59124278108807e+16,1.87885181531132e+16,2.2,-11.99,-21.77
FCN,60.0,245.03,0.68,3.11023977967404e+16,8961106388755470.0,17.19,-8.86,13.08
FCS,-50.0,-147.25,3.58,-2062158936072430.0,-2.43388083386672e+16,0.29,1.27,-0.35
FDC,131.0,128.95,1.45,6165707437393680.0,1.12304540388136e+16,54.16,49.47,22.66
FGL,-1248.0,-8.09,6.15,-1554275232152250.0,-7665885393960430.0,39.46,3200.11,-21.55
FHS,4493.0,7.57,1.95,3.85334822313234e+16,2.60043848092768e+16,2.42,6.15,5.47
FIC,694.0,21.19,1.2,3250977560471470.0,5711015574032550.0,3.3,-16.12,-0.06
FID,508.0,2.95,0.13,5.30884353446833e+16,6.09401956748552e+16,-33.25,14.17,6.08
FIR,10.0,609.63,0.5,4555702560290480.0,8223277637378520.0,-26.7,-24.15,-4.53
FIT,351.0,12.03,0.24,2.27817449549044e+16,2.97106776113524e+16,11.91,12.79,0.34
FMC,4675.0,10.05,1.25,1.11954560625887e+16,1.7138385327417e+16,35.88,52.49,12.48
FOC,7211.0,11.3,1.85,1.35642901992435e+16,1.63248840353254e+16,13.64,19.24,8.16
FOX,5692.0,17.04,4.49,1.20373903704287e+16,268740850349159.0,11.42,14.47,18.01
FPC,-574.0,0.0,-0.15,-2.36356336198241e+16,0.0,-16.81,-5.32,5.82
FPT,5698.0,26.76,6.27,1308103725464240.0,2631554831902240.0,19.44,17.13,19.46
FRT,2331.0,79.64,11.93,2579582076057620.0,1.9266486933144e+16,25.92,46.91,20.87
FTM,-2546.0,-0.31,-0.05,-1.99064026347919e+16,0.0,4.46,-81.29,-18.27
FTS,2094.0,20.18,3.13,5812940648650990.0,1377663310664510.0,21.56,20.64,18.52
G36,259.0,25.53,0.61,5978702512506880.0,2.40936019594558e+16,4.15,4.72,-3.67
GAS,4502.0,15.13,2.59,1293156629548980.0,1.7199852852503e+16,15.13,4.31,-6.68
GCF,2283.0,10.47,1.71,9892573166603710.0,1.53853173364379e+16,21.89,50.24,-0.64
GDA,2981.0,9.19,0.82,2.64139617113851e+16,8958321363788240.0,9.76,28.34,12.1
GDT,2554.0,10.61,2.14,1.06669935495846e+16,1.8544116486214e+16,7.94,48.74,27.05
GDW,4199.0,7.12,1.51,1.35544414051623e+16,2118801736165880.0,2.9,0.19,-3.96
GEE,5295.0,6.48,1.48,1.34682724565697e+16,2.46601379964825e+16,27.23,51.24,-7.22
GEG,272.0,36.24,0.75,6068493463299120.0,1597582071003430.0,7.48,-4.26,-5.95
GEX,1901.0,10.05,0.71,4.95675214247685e+16,1.14678028282547e+16,12.54,22.81,-2.31
GGG,-620.0,-3.06,-1.12,-5184258508362070.0,0.0,846.34,-192.33,-25.01
GHC,3808.0,7.35,1.29,121522434664383.0,1.75738803381709e+16,-3.28,-6.04,-0.22
GIC,1340.0,11.72,0.79,6139814572034700.0,6700214183385860.0,-7.51,-6.53,-1.1
GIL,352.0,59.26,0.83,8466294610287270.0,1.07742518322382e+16,-24.08,139.33,-2.93
GKM,163.0,28.86,0.43,1.105439728181e+16,1.49914259749082e+16,-62.5,-95.52,6.97
GLW,687.0,20.09,1.25,5.97211366288326e+16,6247750160059250.0,22.35,86.35,6.28
GMA,873.0,74.09,2.69,1.262251432506e+16,3942798443277.0,1.79,9.04,12.27
GMC,-552.0,-11.77,0.57,-4711933683356990.0,-4822004367150110.0,-89.67,-83.39,-7.81
GMD,4656.0,14.0,1.96,1.0591871433965e+16,1.3851248571643e+16,25.65,21.58,32.77
GMH,371.0,20.81,0.71,3275653514285080.0,3433696611312440.0,-22.46,-32.72,-5.4
GMX,1846.0,9.75,1.39,1040666515999550.0,142395024788461.0,-14.77,-17.82,-4.48
GPC,104.0,28.86,0.27,6314392554422040.0,819215693141011.0,-9.92,-4.77,21.1
GSM,2444.0,9.82,1.35,9153549073863590.0,1371496476732770.0,26.0,68.52,4.48
GSP,1717.0,8.3,1.03,5954276398764380.0,1.18007784973868e+16,27.3,23.73,11.08
GTA,870.0,11.95,0.63,2.6760739952499e+16,5.31310693778433e+16,4.89,24.02,-5.44
GTS,1148.0,9.5,0.95,3.07586072346082e+16,9982947917991560.0,16.58,-4.89,-5.37
GVR,1053.0,28.81,2.07,6108670362183200.0,8708061340891410.0,18.59,39.2,7.02
HAC,95.0,107.86,1.12,9931760419446100.0,1.0384765964693e+16,-39.88,-55.04,1.86
HAD,1577.0,10.15,0.87,6631933723192350.0,8535183142655040.0,3.23,12.86,1.64
HAF,-769.0,-22.63,1.73,-5.97976739551542e+16,-1154302765805310.0,1.65,33.55,26.16
HAG,992.0,12.15,1.39,4726707967007610.0,1.1490823569106e+16,-11.62,68.29,6.94
HAH,5712.0,8.67,1.51,1.0977782441222e+16,2.01482397059624e+16,52.8,107.29,36.02
HAN,381.0,26.22,0.86,1.05128909439286e+16,4127607207286880.0,-12.39,-11.14,-4.9
HAP,104.0,42.75,0.38,931730544185763.0,1.01922816174695e+16,40.02,60.55,11.82
HAR,103.0,32.71,0.3,9127549149784750.0,915646960938613.0,-2.5,-5.47,0.78
HAS,-1269.0,-6.15,0.47,-576255080228724.0,-7701138156067940.0,-40.02,-54.87,-19.72
HAT,6124.0,6.84,1.69,8922717577357230.0,2.46931465918726e+16,9.33,12.45,9.06
HAX,1219.0,13.9,1.22,8456916919533700.0,1.36556164867698e+16,38.46,84.84,19.98
HBC,2730.0,2.31,1.32,5591104072749260.0,5140049146306060.0,-15.42,23.84,-0.1
HBH,10.0,551.02,0.51,5326973180304070.0,9230549118326490.0,0.77,-15.73,11.47
HBS,170.0,36.43,0.56,1.52500037696403e+16,1.54385174075336e+16,-35.43,-46.78,-13.18
HC3,1757.0,15.93,0.83,4.94182948897636e+16,522275828825332.0,27.0,24.2,-1.5
HCC,1926.0,6.54,0.96,865034475725919.0,1470158425690210.0,28.49,41.55,10.6
HCD,825.0,10.71,0.68,3721035836545600.0,6327484960811320.0,-4.79,-20.2,5.32
HCM,1579.0,18.62,2.03,3317380578221200.0,9954623233587870.0,47.3,42.52,74.98
HCT,115.0,115.18,0.69,5561195585148350.0,6.02051975804314e+16,-45.02,10.41,-3.39
HD6,3575.0,3.5,0.46,1.02691998159022e+16,2044373850447330.0,145.51,85.23,-35.77
HD8,187.0,43.36,0.73,1087925030178400.0,1.67484428275783e+16,55.24,2.72,-7.35
HDA,506.0,7.52,0.3,3126493297763140.0,4599909466669870.0,19.09,28.3,9.64
HDB,4352.0,5.86,1.57,1.89993584880063e+16,233824079180619.0,0.0,0.0,15.77
HDC,425.0,58.91,1.97,1.34802502711104e+16,2.89452039120623e+16,-17.89,-25.92,3.77
HDG,1793.0,15.89,1.25,5.40363405486497e+16,9800684329863920.0,-5.89,-7.78,-3.48
HDM,5438.0,5.99,1.59,9615339408209010.0,2644863263328800.0,6.03,8.37,-5.76
HDW,1447.0,9.26,0.93,5066252207122480.0,1006609861591250.0,4.82,-1.58,-4.48
HEV,33.0,671.7,1.7,1.53745601856931e+16,2527149553000500.0,58.76,36.74,54.59
HFT,526.0,0.0,0.44,1.51163360412982e+16,3291417474127340.0,25.47,32.88,32.68
HGM,15341.0,15.04,8.42,4.36592823773964e+16,5368479670801730.0,110.86,194.49,77.74
HGT,3151.0,3.24,1.0,2.48108561916498e+16,3078615850628070.0,12.51,-8.99,19.83
HHC,3065.0,42.61,3.31,5.29821030930911e+16,7776888761974870.0,-10.29,-0.52,-45.74
HHG,-947.0,-1.69,0.65,-1.88026753119769e+16,-3826246574766800.0,-33.58,-181.14,-14.64
HHP,232.0,35.58,0.69,8185411424162380.0,2.28853071304979e+16,68.61,-15.58,38.87
HHS,1032.0,7.19,0.56,6728853716399590.0,7604231968593790.0,55.83,57.45,17.19
HHV,974.0,11.97,0.73,1.21957895693045e+16,4.33857667853108e+16,23.19,24.4,5.5
HII,34.0,129.94,0.34,926875590584393.0,1.83992454129363e+16,-8.57,30.37,1.87
HIO,1004.0,9.46,0.79,4170027776239320.0,8302276762461320.0,-3.83,-3.36,-7.48
HJC,1093.0,5.3,0.41,4364798800198530.0,7690983666040960.0,40.05,32.42,23.84
HJS,2245.0,15.59,2.28,1.29665669299087e+16,1.46549055319136e+16,-6.07,-11.86,0.02
HKB,-1137.0,-0.53,0.35,-2.19517472678102e+16,-6742001244440450.0,-3.83,-43.98,-16.16
HKT,140.0,58.86,0.7,933625437508361.0,1195822248051480.0,-46.59,1621.64,-24.3
HLC,3176.0,3.89,0.75,5011233470937510.0,1918098678275540.0,-4.32,-14.54,-28.61
HLD,201.0,82.6,1.23,2024568491539460.0,9576292039537550.0,113.93,5.66,241.28
HLG,998.0,0.0,0.4,0.0,0.0,0.0,0.0,0.0
HLY,-10081.0,-1.64,-0.38,-3958615723444830.0,0.0,-85.55,-100.27,-17.77
HMC,939.0,13.58,0.86,1884974471052090.0,6338765916982000.0,35.77,11.19,6.23
HMH,1402.0,10.13,0.83,7302584077149390.0,8263585817051650.0,34.21,71.91,11.33
HMR,1075.0,10.51,0.82,6606561380751610.0,7773310899705880.0,-21.69,-0.38,-8.93
HNA,1119.0,22.35,1.82,657268998914597.0,8129808670724950.0,5.1,3.6,14.98
HND,844.0,15.29,1.1,5904561079606360.0,716538179470279.0,-3.55,-8.78,-8.67
HNF,5933.0,5.11,1.31,8618028762611400.0,2.56672285647039e+16,12.21,33.43,10.52
HNG,-1152.0,-5.3,4.12,-7643882457902940.0,-7780224456113270.0,-18.77,-204.55,18.48
HNI,3354.0,7.15,1.25,1.04269954718106e+16,1.74954627243175e+16,35.95,16.0,17.75
HNM,666.0,14.56,0.91,4.88467165815918e+16,621839510639328.0,2.23,-5.99,-11.38
HNR,-421.0,-28.5,0.69,-2.27358717060994e+16,-2.42403143304348e+16,11.24,31.8,-1.48
HOM,-930.0,-3.98,0.31,-5404404536451200.0,-7770474818161680.0,-1.63,-21.7,-14.83
HPD,2426.0,8.95,1.45,1.18807173992881e+16,1617249066250740.0,-14.97,-27.99,1.66
HPG,1951.0,13.66,1.49,5354375154410150.0,1.04843329910237e+16,16.73,42.97,19.55
HPI,1010.0,18.01,2.59,2533975381132990.0,1436046626192540.0,62.32,343.33,-2.38
HPW,1381.0,12.46,1.17,5.33317115800925e+16,1.01679182031246e+16,13.85,7.41,-0.56
HPX,200.0,23.37,0.39,8410044797923500.0,1.78224923918186e+16,-3.83,80.24,-7.12
HQC,59.0,53.37,0.33,3215880356836900.0,6009133969417930.0,-65.76,75.43,38.87
HRC,2171.0,18.89,2.04,7734218929865470.0,1.07972653843366e+16,16.98,380.2,3.54
HSG,834.0,22.12,1.05,2.63050162361673e+16,4714454006208270.0,24.08,39.31,12.67
HSL,196.0,20.79,0.35,1.5239445791059e+16,1601753130383160.0,-64.27,-40.34,-2.19
HSM,-3485.0,-1.55,0.29,-6565163640841290.0,-2.0869734238934e+16,-14.13,12.36,-18.14
HSP,2004.0,5.99,0.73,1.05352046079751e+16,1223709775494690.0,-0.5,20.88,2.67
HSV,259.0,15.09,0.35,1.0070516969985e+16,2.34925745552325e+16,34.41,-20.36,23.38
HT1,170.0,68.73,0.91,792694865181335.0,1.33558229261434e+16,-2.34,6.84,-4.65
HTC,1858.0,16.79,1.77,5093712102924000.0,1.01165944781756e+16,-2.63,1.4,0.84
HTE,71.0,53.42,0.37,4758680229993740.0,6946534347381540.0,135.34,66.18,-2.64
HTG,7802.0,6.15,1.87,966654737681134.0,3.05731072922891e+16,8.57,37.04,16.53
HTI,2556.0,6.42,0.81,4231414269050760.0,1.26412353617825e+16,11.24,-13.07,8.24
HTL,2234.0,13.1,1.91,1.00889127964625e+16,1.46007484511989e+16,-24.72,-25.83,-40.73
HTM,-110.0,-100.45,1.09,-788872700303323.0,-1.10483340195409e+16,63.48,262.3,-4.89
HTN,206.0,49.49,0.59,2.40630887591494e+16,1.19917569891549e+16,-57.47,-63.98,0.35
HTP,-1224.0,-2.29,0.13,-3.52056840033817e+16,-1.18229887675885e+16,-98.51,-100.77,1.63
HTT,-373.0,-4.02,0.26,-3729392114585330.0,-6415808977756520.0,-25.53,-51.64,-2.89
HTV,699.0,13.59,0.38,2339549756402890.0,2.80410835834303e+16,-7.16,26.68,-2.55
HU1,306.0,17.99,0.39,4.55520348396702e+16,2.20872154997072e+16,8.07,-1.7,8.29
HU4,926.0,14.8,1.01,1.97611436170333e+16,6818348767483390.0,441.26,935.96,-3.15
HUB,2433.0,7.48,0.78,6979780935171360.0,1102327343886830.0,-12.95,-19.79,3.24
HUG,3293.0,10.39,2.41,1.05794563944903e+16,2.3164866486534e+16,-5.29,0.86,-5.2
HUT,152.0,104.13,1.22,9735350018306050.0,2.45714960385164e+16,179.08,167.32,9.1
HVA,540.0,11.68,0.58,4868415628294850.0,4991082581215030.0,-55.34,1311.15,7.52
HVH,744.0,13.08,0.72,4.40921166001986e+16,5.54916901699819e+16,56.93,48.48,4.96
HVN,3108.0,9.22,-6.32,1251623104011010.0,0.0,15.56,255.83,0.6
HVT,7665.0,14.86,2.75,9969285866049910.0,184872634051858.0,15.28,29.47,11.96
HVX,-1063.0,-2.45,0.32,-7312518487083540.0,-132197315658878.0,-32.06,-140.56,-12.04
HWS,1544.0,10.95,1.32,677016093967551.0,1.20461890784661e+16,6.72,12.12,-1.98
ICF,22.0,156.28,0.51,1.4826659936063e+16,3267057615673340.0,-7.17,-8.78,-3.29
ICG,20.0,366.07,0.46,6855052368251040.0,1299032993000680.0,1174.39,609.75,-2.08
ICN,16074.0,3.89,3.11,1803658536913850.0,5910085295185140.0,177.1,339.07,8.45
ICT,995.0,13.72,0.67,2.166739870684e+16,4874288321977430.0,5.12,12.66,2.57
IDC,6074.0,9.21,2.55,1.27296684087846e+16,3.3198964774498e+16,22.24,37.73,6.09
IDI,243.0,33.89,0.65,7.74428332596651e+16,2079767742376790.0,-1.17,6.52,13.3
IDJ,527.0,11.2,0.48,2.15090639629294e+16,4258907168872260.0,-17.1,-11.61,-9.32
IDP,14190.0,16.88,4.32,1199553827699330.0,2.55690695741123e+16,15.08,15.46,39.14
IDV,3873.0,9.81,1.56,7135979748086630.0,1.53386364594317e+16,-28.97,-10.55,3.53
IFS,1984.0,13.35,1.89,1.1713054059146e+16,1.41807764150096e+16,5.61,0.86,0.73
IJC,1030.0,13.44,1.01,4524056196525550.0,6885003703826140.0,-31.7,-29.43,22.69
ILA,1.0,3511.65,0.44,2587668035922510.0,4.52219931244033e+16,133.19,263.96,-8.49
ILB,3974.0,8.66,1.47,6501885477451080.0,1.79439730247872e+16,-7.27,-8.9,0.06
ILS,129.0,114.2,1.55,8955035046808730.0,1.84696991682428e+16,2.93,-1.71,9.69
IMP,3373.0,13.93,3.32,1281002004361860.0,1.46974291507762e+16,10.59,5.55,4.69
INC,144.0,203.34,2.54,7871591770932290.0,1.25060216988892e+16,-12.76,-29.16,-1.62
ING,-1726.0,-4.75,-2.97,-1.311635951413e+16,0.0,0.0,-100.0,1.23
INN,6348.0,8.59,1.36,9445624305606670.0,1.5810485422543e+16,15.3,13.54,10.75
IPA,1955.0,6.09,0.56,5.5095272750274e+16,1060284666187220.0,61.31,106.01,-1.86
IRC,789.0,11.03,0.81,6800920789773240.0,7312263124193990.0,27.27,-104.26,3.6
ISH,1693.0,15.47,1.98,1.20316918432467e+16,1.27949375082515e+16,-15.21,-18.53,-5.18
IST,5126.0,7.08,2.29,1250459657876010.0,2.75439400371721e+16,9.16,13.69,13.84
ITA,121.0,19.37,0.21,9141784604854150.0,1080513671678220.0,-33.68,-35.39,4.53
ITC,373.0,29.2,0.45,8465414366922960.0,1.47506106205771e+16,8.81,-14.07,-2.41
ITQ,33.0,78.99,0.25,1.93399017930523e+16,3.15199286386735e+16,2.02,-7.76,4.9
ITS,140.0,27.91,0.36,1.60579208917223e+16,1.26089065198909e+16,22.18,-11.47,16.76
IVS,247.0,42.13,0.93,1.88470700451094e+16,2.21666526706891e+16,-7.17,-17.26,18.62
JOS,-2626.0,-0.38,-0.05,-1.90181701720727e+16,0.0,-57.77,-542.27,-5.45
JVC,461.0,8.25,0.78,6278451968870350.0,9412812757697220.0,6.29,9.31,20.35
KBC,555.0,48.99,1.01,1.02730849452336e+16,222359810303956.0,-50.6,-65.27,33.89
KDC,130.0,450.69,2.37,5134530051785230.0,9510437045249450.0,-3.68,-0.85,6.72
KDH,936.0,38.59,1.88,2.6113767742364e+16,4128812830658080.0,57.04,9.68,16.13
KDM,185.0,86.15,1.56,1716496811230470.0,1.73779315288136e+16,-52.25,-34.53,-0.35
KGM,206.0,34.01,0.67,5050382542611530.0,1.97428757253901e+16,1.86,-7.74,-1.97
KHG,126.0,43.98,0.48,8600580614484070.0,1.08600769769085e+16,-6.26,63.78,3.18
KHP,965.0,13.83,1.15,2.552236532042e+16,8135249894252440.0,14.72,0.51,-2.58
KHS,2123.0,6.36,0.73,3459052184693590.0,7615479776261140.0,-6.64,99.69,0.57
KHW,3063.0,10.09,2.23,1.42603474107299e+16,2.20566365787552e+16,12.84,36.16,13.32
KKC,1395.0,4.3,0.66,9261057669619010.0,1.52717413668669e+16,-14.16,-23.78,12.13
KLB,2455.0,4.64,0.62,9628226649401770.0,1.34367971182833e+16,0.0,0.0,5.98
KMR,129.0,25.29,0.29,8496041403628850.0,1.12912727646327e+16,-16.62,-15.14,-2.17
KMT,1089.0,8.91,0.69,1.35186521868076e+16,773189433653482.0,16.42,9.9,-0.98
KOS,120.0,319.59,3.57,5434340205698840.0,1.12877429683264e+16,9.36,16.22,1.88
KPF,-4549.0,-0.36,0.19,-520237066639645.0,-5368880721740300.0,-100.0,-100.0,-33.99
KSB,502.0,36.94,0.8,1070633731647660.0,1.99021233708615e+16,-24.09,-25.69,15.21
KSD,-84.0,-55.91,0.47,-8254364234342780.0,-8411880286670870.0,-11.4,181.89,-7.4
KSF,2268.0,17.85,1.76,3.77008947420567e+16,1.1271219965266e+16,345.31,319.32,12.89
KSH,-1.0,-443.37,0.05,-1034704520693040.0,-1034834571729340.0,0.0,0.0,-4.62
KSQ,-148.0,-20.23,0.34,-1.43057892357454e+16,-1.68002303100186e+16,123.23,59.02,-1.41
KST,1728.0,7.64,1.02,4748965775377080.0,1.33192167645317e+16,151.76,62.26,-12.72
KSV,6145.0,17.41,5.42,1.22570743877346e+16,2.96479380453617e+16,11.24,124.82,2.11
KTC,705.0,15.89,0.99,1.94709544367277e+16,6266100801594050.0,-9.79,-9.15,1.83
KTL,2164.0,6.93,0.67,4.78743366496023e+16,9644237379934840.0,11.77,6.04,-7.36
KTS,6097.0,6.89,0.93,6399224323092950.0,1356972635140110.0,-49.06,-6.03,0.32
KVC,72.0,22.24,0.17,6400673248051560.0,7623050968721970.0,-25.27,-193.51,-0.96
L10,2816.0,7.25,0.71,1998058649962290.0,9748848098915780.0,2.39,21.79,8.86
L14,556.0,65.07,2.62,2.75549179105027e+16,4030502649564440.0,1.06,230.61,-6.46
L18,5366.0,7.32,1.91,4455992003907740.0,2.87102832804552e+16,59.79,207.69,-8.36
L35,-457.0,-13.56,3.35,-8229505458588980.0,-2.47292180577492e+16,79.6,57.08,6.42
L40,11878.0,2.86,1.13,2.3120090193979e+16,3.94249720548757e+16,208.29,890.97,-0.87
LAF,3007.0,6.15,1.14,1.2281907342052e+16,1.81842297668454e+16,7.99,33.41,10.2
LAS,1502.0,14.24,1.65,6415573268689930.0,1.1600184840652e+16,0.74,11.83,11.96
LAW,1675.0,16.72,1.83,5975401903965540.0,1.09210047338818e+16,17.18,38.63,8.86
LBE,1698.0,13.89,1.73,8025908803768330.0,1.24774436454974e+16,16.89,26.04,59.98
LBM,2863.0,9.88,1.84,1.01564554678802e+16,1344582459081680.0,-3.18,-26.3,5.67
LCD,58.0,376.14,1.07,6999858674295310.0,2832872414145030.0,6.02,-14.78,1.69
LCG,689.0,15.03,0.77,2172841422776020.0,503688348111502.0,25.18,16.51,0.96
LCM,66.0,16.63,0.22,9285991677323280.0,1.35284339391921e+16,-34.64,-48.63,29.0
LDG,-3036.0,-0.62,0.31,-1.16465610678172e+16,-5030050683654340.0,-574.49,-264.05,-8.07
LDP,536.0,19.03,1.31,3.28920248490819e+16,6866838895701580.0,17.18,73.25,6.3
LDW,1271.0,12.2,1.26,8358551463611850.0,1033190367541700.0,7.62,19.68,1.82
LEC,-1529.0,-3.77,0.48,-5.71824624020972e+16,-1532104035892310.0,21.31,29.13,-13.77
LGC,2759.0,24.79,2.32,3375621037482340.0,1.39201211404787e+16,56.76,57.93,2.41
LGL,-1024.0,-2.49,0.21,-3786867490891610.0,-83377121593987.0,12.34,14.9,1.3
LHC,4647.0,15.49,1.39,9776857725050350.0,1.56413850086888e+16,9.81,-10.59,8.89
LHG,3676.0,9.66,1.07,5996938777224070.0,1.10790518468501e+16,7.24,8.99,0.34
LIC,707.0,46.14,5.91,1.63821598811608e+16,1542586494516580.0,12.7,44.38,8.38
LIG,7.0,441.15,0.25,2479898335959230.0,1304851088229920.0,13.4,65.54,-8.82
LIX,4113.0,8.14,2.32,1443024887003750.0,2.15071114574746e+16,2.73,0.59,6.92
LKW,5623.0,5.69,0.9,1.39651335484584e+16,1.57944074329639e+16,12.15,9.02,8.69
LLM,1100.0,15.18,1.37,1.20622110363927e+16,7655676709290360.0,20.14,20.29,-3.0
LM8,1746.0,7.73,0.42,1.38213721759421e+16,540598217796339.0,16.31,-10.74,-2.78
LMH,-232.0,-3.88,-0.46,-5.77991891070354e+16,0.0,-100.0,-100.0,-0.54
LO5,-1154.0,-0.69,-0.04,-2039984591207180.0,0.0,4.08,-56.83,-5.08
LPB,3801.0,8.22,1.84,1912319239267680.0,2.24302752992157e+16,0.0,0.0,32.77
LPT,1275.0,4.71,0.46,8405380503111270.0,9761637890818330.0,7.3,169.96,-35.72
LSG,30.0,365.68,0.96,1.15984188350667e+16,2619214143214840.0,260.53,553.2,1.15
M10,3080.0,8.28,1.42,3.733098111475e+16,171811252267684.0,12.26,26.96,14.41
MAC,3014.0,6.8,1.16,1.40964582490199e+16,1.64144400481604e+16,63.28,-37.6,47.86
MAS,1714.0,22.12,4.7,1.01695325999411e+16,2.12577631647616e+16,22.08,27.41,0.76
MBB,4284.0,5.86,1.14,0.0,1960648056650740.0,0.0,0.0,19.46
MBG,233.0,14.15,0.31,2.03242702879911e+16,2173363486758470.0,-38.8,48.44,5.42
MBS,1584.0,18.05,2.37,3.35964753419899e+16,1.07628139321147e+16,71.83,37.46,44.42
MCC,311.0,40.18,0.89,1.88840869196663e+16,2.2265388677562e+16,29.81,109.94,-7.79
MCF,896.0,9.71,0.79,4.9477166853336e+16,8160945320620180.0,8.17,-17.56,15.23
MCG,-72.0,-26.38,0.43,-5277790519115710.0,-3.02579220686326e+16,17.01,377.16,0.72
MCH,10841.0,23.52,16.31,2838906365561130.0,6992106859251840.0,9.41,11.02,-31.2
MCM,1999.0,17.16,1.64,8185616829506010.0,9540271329737010.0,-6.97,-15.87,3.09
MCO,66.0,154.44,0.79,2132948332052390.0,5096326217480290.0,-32.01,136.16,-14.62
MCP,1953.0,16.02,2.05,9312652517301420.0,1.0748516015056e+16,-5.32,-9.09,-0.06
MDC,2498.0,3.96,0.63,4.51200407152779e+16,1.58064513292991e+16,-3.16,3.93,7.95
MDF,62.0,99.17,0.52,3.2744250666004e+16,5.25601870401261e+16,30.54,12.37,-15.19
MDG,390.0,31.76,0.98,1.23635036957241e+16,3.09360647448305e+16,-17.45,-4.68,-8.16
MED,1223.0,21.25,0.98,3012544208265720.0,4589678737833000.0,10.03,11.32,-15.84
MEL,540.0,12.4,0.39,1.11140366943062e+16,3.12528877156867e+16,31.16,-17.8,12.44
MES,-41.0,-245.92,1.14,-4.49392324089246e+16,-4.64099463072173e+16,-43.44,-0.48,-1.44
MGR,-789.0,-5.07,0.48,-8766585209559410.0,-9677492778751500.0,-78.26,-93.82,-9.27
MH3,2012.0,16.8,1.45,3989943838690030.0,8124314605332040.0,-39.49,9.75,-6.28
MHC,284.0,23.33,0.5,1.25419424141743e+16,2.13221176114926e+16,-89.14,-103.31,30.73
MIE,48.0,136.38,0.64,2.48178851512325e+16,4407274332472940.0,19.21,0.93,2.74
MIG,1381.0,12.67,1.42,2.42499171728297e+16,1.1195709455866e+16,1.31,-3.23,11.52
MKP,1673.0,17.04,0.56,2.59022109411987e+16,3285980521253070.0,1.64,-7.23,5.34
MKV,1476.0,6.64,0.56,6769396464233740.0,846495587611834.0,-0.83,20.63,10.9
MML,83.0,287.06,1.74,2.25733136186502e+16,5.67144248670574e+16,9.53,86.37,-11.81
MNB,4381.0,5.82,1.0,4049313278516550.0,2.49673383176602e+16,24.2,31.45,16.57
MPC,-601.0,-24.95,1.23,-2472809151825220.0,-4817273791110640.0,36.81,3.23,-6.94
MPT,-1020.0,-0.69,0.07,-9830060286841780.0,-1.04626731601677e+16,0.0,0.0,-9.65
MSB,2526.0,4.62,0.82,17238510370492.0,1499115489927800.0,0.0,0.0,19.91
MSH,5465.0,9.52,1.9,9731024998271980.0,2142780006588160.0,16.26,47.08,30.91
MSN,1393.0,50.25,2.47,2.89486883052485e+16,1.04837656107446e+16,6.3,11.46,0.14
MSR,-1491.0,-7.85,1.06,-588358541683918.0,-1.30437243252882e+16,1.72,13.82,-33.21
MST,226.0,31.04,0.63,9790816457574390.0,2.01959989180621e+16,5.52,353.37,43.61
MTA,334.0,28.75,0.87,3.68065316197843e+16,6280899115676040.0,11.06,290.74,2.27
MTS,1000.0,9.5,0.81,2.59556079525667e+16,8504123524837230.0,-5.96,5.41,-7.65
MVB,2098.0,9.06,0.96,8286253784584550.0,1.26816078889192e+16,7.88,-9.81,1.75
MVC,853.0,11.13,0.78,5578631664212580.0,6987719945698280.0,7.74,6.72,3.85
MVN,1678.0,32.84,3.8,856994455706374.0,1.49557700346113e+16,32.68,16.74,10.35
MWG,2546.0,23.96,3.17,5316657402381320.0,1.32755295057036e+16,13.58,22.11,16.81
MZG,727.0,11.42,0.7,1.63848100036432e+16,5.76467622462536e+16,38.73,3.29,15.88
NAB,3044.0,5.24,1.09,1.47150816515238e+16,187007119722376.0,0.0,0.0,16.79
NAF,1806.0,8.77,1.12,5783503931147370.0,1.19906989572858e+16,-17.05,-13.9,-0.05
NAG,870.0,12.41,0.86,162091452538902.0,6468520743315350.0,28.53,-7.73,7.82
NAP,788.0,11.55,0.81,5376077392273730.0,6985378667774080.0,-12.31,-5.93,1.9
NAV,2396.0,8.06,1.38,1626236770053430.0,1.71842144782306e+16,-17.88,15.86,-2.33
NAW,92.0,85.56,0.77,4651732879833570.0,9041511543824700.0,7.72,13.87,-13.42
NBB,12.0,1942.31,1.24,1.06055298859669e+16,4523522298755090.0,-77.26,-78.63,12.23
NBC,982.0,9.37,0.65,1409163156945010.0,6926647165320560.0,-13.5,-37.74,-1.85
NBP,-661.0,-19.96,0.73,-1.7885715177019e+16,-3660224515822920.0,23.16,-46.37,6.98
NBT,2026.0,9.13,1.18,1.0867697175316e+16,1295563727925260.0,7.34,7.78,-0.74
NBW,2789.0,10.9,1.83,9397608168811720.0,1.67559894303482e+16,1.93,2.65,6.88
NCG,710.0,10.71,0.45,2.67382708690292e+16,504760842569647.0,2.6,42.6,-2.26
NCS,3052.0,8.45,2.54,1.16499901095422e+16,3001380014281880.0,19.28,13.2,1.5
NCT,10187.0,11.31,5.4,3596001961438310.0,4.77280318444285e+16,31.19,21.44,33.64
ND2,3246.0,11.68,2.26,1.09464414788421e+16,1932595874291900.0,12.13,17.74,-4.71
NDN,505.0,17.83,0.59,2830754912907800.0,3.32222777774407e+16,-87.24,-89.56,-3.58
NDT,-5684.0,-0.88,1.2,-9464391347617400.0,-1.37085206934191e+16,-4.22,4.78,-14.85
NDW,974.0,7.08,0.64,7028901268799750.0,9058829312473790.0,2.8,0.52,-1.54
NDX,16.0,319.7,0.41,2791878245015790.0,49586894451188.0,-56.97,-103.83,-8.11
NED,587.0,11.92,0.59,327273174620697.0,4931345936667700.0,19.68,32.98,-0.45
NET,9225.0,8.37,3.27,2094933320188330.0,3.90648230355809e+16,-8.68,-10.47,10.35
NFC,2807.0,6.02,1.2,1.26543015856572e+16,1.9968532952366e+16,25.85,44.84,20.27
NHA,1470.0,18.85,2.37,7879086010160910.0,1.22251556519882e+16,119.4,288.38,16.96
NHC,16.0,1834.42,1.66,2552141262532810.0,4.41534691875935e+16,264.26,36.55,44.91
NHH,1180.0,11.14,0.71,4550550444416730.0,6475391507069710.0,2.83,29.13,-7.04
NHT,861.0,12.32,0.7,1.25432282983469e+16,1.91640630929354e+16,12.47,70.53,-7.56
NKG,1715.0,8.42,0.78,3350878598042510.0,7715496085887400.0,10.83,64.69,10.49
NLG,1331.0,27.46,0.97,4558854148840490.0,9485629773765090.0,126.19,96.4,5.93
NNC,2890.0,8.13,1.22,1302660672894490.0,1.50216868129716e+16,59.18,81.14,12.7
NO1,817.0,13.28,0.82,3.63686876090538e+16,6203918856346590.0,31.21,57.11,23.0
NOS,-14810.0,-0.05,0.0,-79993492597643.0,0.0,-1.15,-180.56,-29.55
NQB,852.0,9.39,0.71,5765169681610190.0,7560720900458820.0,3.5,6.84,2.6
NQN,1101.0,12.54,1.07,4942917559985430.0,8521714669535520.0,3.85,2.07,6.99
NQT,1064.0,7.99,0.7,630423369547438.0,8739457552472480.0,33.9,34.06,3.23
NRC,-681.0,-7.34,0.38,-3.14762177423415e+16,-5133733831053980.0,11.24,1.53,-3.69
NS2,342.0,52.02,1.72,1248628985791280.0,3306920774645000.0,33.96,48.55,8.29
NSC,12395.0,6.45,0.92,1.04673288872464e+16,1.48269002893447e+16,20.3,14.52,-3.02
NSH,91.0,48.58,0.38,2053085410236460.0,7871828622173710.0,-5.2,-28.22,1.13
NST,1635.0,6.36,0.62,6195428306759630.0,974947663868195.0,23.07,8.31,-20.4
NT2,251.0,83.36,1.44,722412678150049.0,1.73141388918877e+16,-6.8,-92.83,18.5
NTC,13192.0,16.15,4.51,4.30589822770682e+16,2790256200778080.0,56.36,36.13,61.16
NTH,4748.0,11.58,3.18,251526545887463.0,2.74856164732597e+16,-7.08,-9.63,-13.09
NTL,6731.0,2.73,1.28,2.78935468094704e+16,3.48091605575793e+16,57.69,71.51,7.02
NTP,5677.0,11.27,2.26,1.14680318753174e+16,2.00650416296703e+16,9.29,13.73,17.62
NTT,1392.0,6.25,1.07,264847028192187.0,1713190866029630.0,53.89,173.39,18.66
NTW,1049.0,17.16,1.08,5408079300241200.0,6305084238474290.0,13.23,42.25,4.46
NVB,-8358.0,-1.06,1.72,-4.32826462018373e+16,-8417967563926610.0,0.0,0.0,23.12
NVL,-3288.0,-3.12,0.42,-1826920801635960.0,-9120914716260580.0,90.74,-91.73,-1.37
NVT,-105.0,-73.32,1.32,2.16960257046878e+16,4.38746842434953e+16,8.91,16.06,-0.66
OCB,1453.0,7.85,0.89,1.13072040341185e+16,1.00217943332096e+16,0.0,0.0,16.91
OCH,882.0,6.23,0.57,4.57317137255502e+16,920775966603169.0,0.87,3.75,-6.77
OGC,409.0,10.39,0.74,4.33676923414595e+16,1.12801393822788e+16,2.2,4.75,-5.46
OIL,395.0,30.35,1.08,1.22997321471031e+16,4.11773600921955e+16,21.26,7.67,-0.95
ONE,168.0,30.29,0.39,3925820138896350.0,1.30050526437643e+16,10.84,17.1,-7.74
OPC,1671.0,14.96,1.83,8956093301558860.0,1.24804443205798e+16,-3.61,-5.68,-3.09
ORS,1283.0,10.95,1.2,3385488514231150.0,9670166205206300.0,-26.38,40.48,61.55
PAC,2725.0,15.67,2.05,4995577771809510.0,1.30693438894401e+16,0.64,-4.08,4.16
PAN,2846.0,8.35,0.56,4.81140475304283e+16,1.2983937156933e+16,22.56,26.49,18.15
PAP,-82.0,-318.12,2.46,-2.43064891433241e+16,-704796506149948.0,0.0,0.0,60.5
PAS,406.0,7.39,0.19,1.11583620065384e+16,2485479809119740.0,56.34,1266.38,36.73
PAT,10598.0,8.24,3.84,2840835297562790.0,4.65854948304797e+16,0.63,-0.82,-22.59
PBC,350.0,19.72,0.61,1.23523810474648e+16,3078676808652260.0,-20.52,-8.4,1.33
PBP,1696.0,7.67,0.91,5.3438245134946e+16,1.18400555562864e+16,2.92,-1.87,21.78
PBT,1036.0,7.72,0.73,6294350508172960.0,9437118054703200.0,11.79,1.55,-2.09
PC1,1451.0,15.79,1.06,3.35770358489556e+16,9138147760271950.0,29.62,31.76,3.56
PCE,2772.0,6.39,0.91,854815967707555.0,1422548891530050.0,-0.74,-0.3,42.16
PCF,20.0,262.27,0.75,2474159457727140.0,2.84845020211286e+16,-86.96,-68.26,-29.73
PCH,544.0,23.34,1.17,4533210975118590.0,4902826976174610.0,56.39,60.46,4.91
PCT,1754.0,7.3,0.97,4623411302110890.0,1.32939237406539e+16,31.9,64.02,53.31
PDB,1056.0,9.65,0.68,4574143447807720.0,7072114179795720.0,30.97,64.59,-6.83
PDC,286.0,18.2,0.55,168159577984676.0,3002970168033260.0,-2.62,-21.33,-4.76
PDN,9377.0,11.2,3.14,2.24264047783819e+16,2.80154391316973e+16,14.57,16.27,13.94
PDR,633.0,32.69,1.57,2016593469425830.0,449037888039752.0,227.67,58.44,21.31
PDV,4538.0,3.81,1.14,1.03643225833765e+16,2245406253275360.0,26.54,54.66,65.07
PEG,-151.0,-52.23,2.82,-2.98507310729778e+16,-5.54556801012246e+16,-5.12,1.28,-28.12
PEN,202.0,29.69,0.52,3.70894082568446e+16,1.75052879678672e+16,100.37,202.86,6.68
PET,1619.0,15.53,1.14,2.14848164066874e+16,9342785052419350.0,10.71,25.35,8.17
PFL,7.0,289.48,0.47,1.11949665811838e+16,1.63231497132231e+16,286.68,285.52,4.53
PGB,841.0,18.19,1.24,4599053226010480.0,6521451124997230.0,0.0,0.0,31.93
PGC,1800.0,8.75,1.08,3.89151959364194e+16,1.31175332472767e+16,21.03,12.11,17.51
PGD,2517.0,12.59,2.12,6612351336714780.0,1.68638066393552e+16,10.59,0.35,12.05
PGI,2094.0,10.89,1.33,2.75662581900564e+16,1.21758838380361e+16,5.96,11.62,13.1
PGN,81.0,184.06,1.31,3929409090200060.0,7008121079779660.0,2.94,-25.95,-8.52
PGS,2319.0,14.14,1.62,4081289332115750.0,1142817883688910.0,13.41,6.6,3.79
PGT,143.0,48.25,1.5,4385833640937350.0,7626068732293450.0,59.06,160.12,18.34
PGV,-802.0,-25.26,1.55,-1.62769384397582e+16,-6.12450697586336e+16,-11.3,-33.8,-6.3
PHC,97.0,58.34,0.43,1493779231977630.0,7298236875012030.0,-13.67,-30.42,1.84
PHH,-134.0,-46.44,0.49,-5361013728975020.0,-1.06551631940814e+16,-83.18,-54.38,-1.25
PHN,8032.0,9.84,3.75,2.79590137615235e+16,3807934949668450.0,5.66,9.88,20.2
PHP,2469.0,16.93,2.15,1.14797519858934e+16,1.53277502770355e+16,20.35,29.48,19.97
PHR,3465.0,15.36,1.83,8327386650738040.0,1.2589381677226e+16,20.88,29.19,-3.52
PHS,1.0,14536.84,0.99,275000000000.0,52300000000.0,-13.57,-20.25,-2.71
PIA,3579.0,7.49,1.44,1.38055402719318e+16,1.92011846728281e+16,34.12,8.01,7.08
PIC,961.0,20.5,1.78,7393979989022560.0,8671254107157030.0,-15.32,-21.6,-3.2
PIS,2039.0,5.44,0.67,8369791432068960.0,1.38459080872075e+16,-18.16,-3.81,21.3
PIT,200.0,26.35,0.67,8231305559778990.0,2.5323293543556e+16,3.82,2.03,20.75
PIV,-58.0,-50.07,28.44,-8438660287768090.0,-5679367606760230.0,-75.36,-88.46,3699.2
PJC,3612.0,7.48,1.28,1.05090770991902e+16,1.71638225153946e+16,-1.02,7.66,8.66
PJT,1207.0,8.9,0.82,648847659760957.0,8829258866851120.0,-1.06,10.41,3.23
PLC,534.0,41.93,1.45,1061817964354820.0,3.45451782979558e+16,-12.92,-15.26,-4.1
PLP,50.0,92.93,0.41,1376378652110030.0,4434055913160690.0,12.9,-11.58,46.91
PLX,2275.0,16.49,1.63,3885624582936890.0,1.07951360518738e+16,3.67,13.44,2.17
PMB,825.0,11.27,0.78,5134949110440990.0,6952867256938330.0,0.32,-2.01,4.28
PMC,8586.0,12.11,3.35,2.13211389421772e+16,2766917568875.0,2.68,10.09,-11.85
PMG,535.0,15.35,0.57,1.77588515336743e+16,4707282176446180.0,10.5,18.24,-0.28
PMP,1762.0,7.66,0.8,3.054772021766e+16,1.04827133492171e+16,13.51,10.62,1.64
PMS,4373.0,7.3,1.32,9604274665429290.0,1.80974171926907e+16,-2.54,8.94,-22.2
PMW,1976.0,18.22,2.89,1.40026530656233e+16,1.58844548311249e+16,6.46,16.67,7.02
PNC,1020.0,17.31,1.01,1.91501990716792e+16,5862787201299640.0,-5.95,-1.57,8.98
PND,234.0,28.25,1.01,1.12805510913579e+16,3574293271886890.0,-1.5,-13.4,-17.12
PNJ,6307.0,15.52,2.94,1.22887538721222e+16,1.87845151841305e+16,14.14,10.12,19.27
PNP,2606.0,8.79,1.6,1.22507160139748e+16,1824076004769830.0,3.27,2.92,-1.86
POB,128.0,395.82,4.93,7.75001350986162e+16,1.24539175252113e+16,8.76,3.41,2.26
POS,2166.0,8.91,0.97,3.89281898518039e+16,1.08555382785602e+16,27.37,156.18,42.22
POT,208.0,73.7,0.97,1.60529144111377e+16,1.31057250571575e+16,39.75,18.66,10.13
POV,804.0,10.58,0.58,2.19165464953772e+16,5476444796301820.0,15.01,27.45,23.51
POW,535.0,22.45,0.81,1.65589985319849e+16,3889249780395270.0,6.53,-27.97,15.52
PPC,1300.0,8.43,0.79,7666879629321390.0,9384102290730290.0,32.12,531.19,-4.27
PPE,1535.0,8.41,1.81,1.82935060208602e+16,2.15705400728961e+16,13.2,9.33,4.15
PPH,4898.0,6.29,1.24,1.04296345760763e+16,2.01578657368785e+16,27.63,23.41,0.91
PPP,1973.0,8.97,1.15,1.03856524480269e+16,1.28243921174763e+16,-9.61,-5.66,4.45
PPS,1225.0,9.31,0.9,6302370635676110.0,9712930244438260.0,22.72,-1.83,9.64
PPT,545.0,24.38,1.23,1.82654179034748e+16,4594764823269390.0,22.23,-3.64,2.11
PPY,1231.0,7.72,0.56,3.26511367325318e+16,7281004647106240.0,1.0,16.19,-11.23
PQN,959.0,4.17,0.68,2.86654403315225e+16,1.63361645560494e+16,48.9,31.64,4.48
PRC,1646.0,11.91,0.66,3740898423351370.0,5534560768992520.0,29.18,53.94,-7.2
PRE,1821.0,10.88,1.28,2836412367050940.0,1180886891018590.0,-3.28,-32.61,13.89
PRT,136.0,69.74,0.71,1.54819993986245e+16,2156300024517590.0,-14.66,-16.84,-4.51
PSB,15.0,413.27,0.55,9301693045650660.0,1.34067746959993e+16,-28.96,38.86,0.51
PSC,140.0,79.39,0.7,4545276764297380.0,8855230845989390.0,-2.47,7.63,-6.19
PSD,1583.0,8.34,1.19,2.92705915137964e+16,1.42489663138835e+16,-15.33,8.93,-10.09
PSE,1141.0,8.68,0.72,7798583544472300.0,1109751751356290.0,0.26,6.03,-13.26
PSH,-6106.0,-0.53,0.51,-7372389048230310.0,-98527235305753.0,-88.88,-110.59,-2.54
PSI,444.0,17.12,0.64,1.0223083435753e+16,3751076143639420.0,14.26,48.75,15.3
PSN,919.0,10.88,0.74,3798022995194650.0,6841788609390320.0,14.59,30.62,-12.36
PSP,211.0,62.2,1.14,1.58052577256194e+16,1837244778705270.0,0.21,-0.46,-7.0
PSW,556.0,15.1,0.71,3763723933352680.0,4703010585212020.0,-16.85,41.69,-11.79
PTB,5541.0,12.15,1.49,6911623745947690.0,1250487471248650.0,15.09,7.0,4.26
PTC,604.0,7.54,0.39,4.79395154446916e+16,5136630657093270.0,-99.96,-99.93,-64.95
PTD,-8609.0,-0.99,1.97,-1.63087876683593e+16,-1.53778823329464e+16,-45.98,-63.71,-15.09
PTE,-3129.0,-0.86,-0.1,-1.19485755123483e+16,0.0,-14.53,-134.68,-7.6
PTI,4029.0,8.93,1.21,383642267937765.0,1.35668084950087e+16,-20.24,40.2,2.76
PTL,-487.0,-5.69,0.56,-3727697647573700.0,-8562212293576180.0,1234.81,396.51,73.46
PTS,693.0,10.82,0.43,1711377037574940.0,3955016913888970.0,-3.01,13.88,-12.58
PTT,1594.0,6.9,0.83,7755653949048300.0,1.11623505954718e+16,11.21,54.9,27.62
PTV,12.0,343.94,0.35,6729228831991520.0,96798631454533.0,352.75,10.94,-63.89
PTX,3041.0,5.85,1.12,1.00732691988302e+16,1.91170958755426e+16,-9.11,13.82,-11.06
PV2,-461.0,-5.43,0.4,-664356701230235.0,-7453517573594510.0,0.0,-523.64,-36.16
PVA,-2.0,-239.5,-0.32,-1.01115452661468e+16,0.0,0.0,0.0,-0.03
PVB,615.0,48.61,1.7,3.04458995117418e+16,3491703566551770.0,8.47,85.88,-12.36
PVC,40.0,258.38,0.81,7.48091753541182e+16,1.48876334423922e+16,-8.03,-8.28,-16.45
PVD,1252.0,18.69,0.81,2927597609666420.0,4326599486942660.0,60.02,33.35,9.64
PVG,325.0,23.68,0.62,7119238962153510.0,2.47955488316663e+16,19.16,4.72,-4.08
PVH,-964.0,-0.62,0.22,-3624560092382740.0,-3.60992999273955e+16,-30.67,-2130.73,-6.91
PVI,3631.0,16.8,1.74,2.79477177882027e+16,1.08346758702157e+16,15.26,-8.52,17.85
PVL,-107.0,-37.36,1.26,-2513460255280230.0,-3.36819914899367e+16,-82.03,-64.38,-2.35
PVM,1351.0,11.84,0.9,4.78724755881444e+16,8035924926638820.0,32.5,48.85,4.32
PVP,2124.0,8.33,0.99,6526080733224200.0,1.1240781298422e+16,8.28,38.68,17.61
PVR,-35.0,-28.23,0.11,-1.88348290013128e+16,-4009491705313110.0,0.0,0.0,0.01
PVS,2473.0,13.71,1.09,4142758764630710.0,948002717534721.0,23.25,9.04,28.99
PVT,3164.0,8.76,0.95,7402224287488760.0,1416692443758390.0,23.61,32.97,13.71
PVV,-1075.0,-1.21,-0.29,-3817273604990900.0,0.0,-17.91,-47.94,-2.04
PVX,15.0,113.64,1.3,1.6745728452346e+16,1978572046709270.0,0.52,-47.95,-0.33
PVY,6.0,405.37,-0.33,3.13243231715988e+16,0.0,7.02,9.14,12.11
PWS,902.0,12.75,1.0,7038278596621410.0,7829710370361720.0,6.69,5.7,-4.73
PXI,12.0,154.16,0.42,1.17185691423367e+16,2709523509346050.0,-84.83,-10.46,-4.32
PXL,10.0,1412.07,1.36,9083315352088530.0,9635418164044330.0,-16.56,-21.47,0.13
PXM,-1221.0,-0.49,-0.02,-449916949778536.0,0.0,-52.83,-79.77,-0.69
PXS,166.0,15.07,1.18,1.18786829679121e+16,7860474844716970.0,38.21,-67.58,2.1
PXT,61.0,45.87,1.0,4329801167751160.0,2.18911547056624e+16,0.53,-36.4,-4.88
QBS,-2026.0,-0.35,0.16,-4.19650860208905e+16,-462006476971099.0,-87.75,-97.14,-29.38
QCG,266.0,44.06,0.7,8097978408343180.0,157127353296665.0,68.67,123.36,-7.14
QHD,2440.0,13.19,1.55,8000856093196230.0,1.17607848859353e+16,14.28,-13.01,2.61
QNC,673.0,9.36,0.55,2194999772654240.0,5.90736977655799e+16,13.52,3.51,8.76
QNP,3173.0,11.3,1.65,9683801953338940.0,1.45680911936797e+16,23.33,27.48,4.5
QNS,6589.0,7.59,1.84,1.72170997078377e+16,2.37690516614391e+16,2.22,4.02,14.57
QNW,1932.0,9.16,1.36,1335616760434610.0,1481852557545030.0,42.53,160.66,9.2
QPH,3993.0,7.46,1.16,1.1979482171399e+16,1.55219021016131e+16,-0.12,4.12,17.34
QST,3119.0,6.57,1.34,9040995179151890.0,2032956912220340.0,9.17,6.73,19.03
QTC,806.0,21.72,1.18,3418633922137830.0,5368924830564990.0,-8.24,-2.19,22.14
QTP,1444.0,9.7,1.24,87147559971453.0,1.2776488214858e+16,-1.24,4.97,1.03
RAL,25111.0,4.85,0.87,7139930313891850.0,1790835709035200.0,0.48,-4.74,6.83
RCC,39.0,329.43,1.0,2758367749230840.0,6.9586351460349e+16,-7.54,-28.92,-13.73
RCL,129.0,92.26,0.57,3623915654428390.0,6215657072679320.0,9.98,17.5,4.7
REE,4472.0,15.19,1.42,6591720372397440.0,1.06737393861194e+16,-2.17,-15.79,4.15
RTB,4188.0,6.52,0.9,1604164286661970.0,1822502565075620.0,24.13,91.08,10.9
RYG,1524.0,9.74,0.88,2770089641476490.0,899669423336101.0,17.32,-7.16,47.24
S4A,2087.0,17.08,2.72,8467602865251890.0,1.59018106579193e+16,-13.51,-21.25,3.98
S55,10632.0,6.59,0.74,6610060694071970.0,1.46117450607674e+16,-6.87,31.79,-6.58
S72,490.0,14.28,0.7,2.6976319976098e+16,4912950717859680.0,15.55,24.73,-4.59
S99,351.0,22.78,0.47,9649695162668930.0,2.53897580634786e+16,-14.01,4.24,10.02
SAB,3376.0,16.44,2.91,1344154671257390.0,1.83932409362795e+16,4.63,2.5,-1.81
SAF,3951.0,17.18,4.57,1.83715825239703e+16,2660972943187400.0,-8.71,-4.34,0.44
SAM,221.0,33.94,0.61,1488779876592220.0,2027928657520350.0,83.55,29.56,-3.29
SAS,3221.0,11.27,2.96,1.81378495212622e+16,2.62336686591659e+16,12.6,23.11,5.36
SAV,2299.0,9.0,1.36,7201417586298920.0,1.43133834520043e+16,35.5,35.75,21.81
SBA,1878.0,15.84,1.84,1.03459541267773e+16,1.16053457291614e+16,-29.76,-34.11,-10.97
SBG,1423.0,7.24,0.9,4115444177651330.0,7354988292962730.0,-14.07,-0.49,-14.12
SBH,2188.0,22.77,3.76,1.52570283271767e+16,1650703910547310.0,-34.74,-43.02,-20.13
SBL,161.0,39.1,0.41,7523246046886060.0,1051641396471390.0,-5.0,-31.71,4.39
SBM,3348.0,9.26,2.23,2.26594434993765e+16,2.41337527599612e+16,34.31,61.65,0.26
SBR,576.0,17.03,0.98,4.49806056148241e+16,5756158214379360.0,9.04,46.33,0.93
SBS,-488.0,-9.64,2.53,-1.40983218312358e+16,-2.62341110352687e+16,-14.7,-32.77,-22.67
SBV,-1104.0,-9.15,0.6,-3502944496807870.0,-658677144286152.0,17.9,-16.77,4.21
SC5,2472.0,9.08,0.88,1.72938729904462e+16,9642023162402610.0,5.72,21.02,-15.69
SCD,-7726.0,-1.85,-1.57,-1.01346566656586e+16,0.0,45.14,89.74,-5.89
SCG,1854.0,35.22,4.21,1.86501494086641e+16,1.19866608434411e+16,240.86,299.4,24.72
SCI,1.0,9020.11,0.49,145000000000.0,469000000000.0,-31.91,-102.33,-5.37
SCJ,219.0,15.99,0.29,764014346045498.0,1.82447742373079e+16,8.51,-22.62,-7.57
SCL,1541.0,17.85,1.88,44191410997066.0,1.04124700899636e+16,-13.75,-23.49,35.87
SCR,7.0,779.63,0.45,3585651620829310.0,7772607822259160.0,115.28,-146.04,11.44
SCS,6787.0,10.94,5.4,3.65111659001149e+16,4.92825204397362e+16,47.11,49.59,11.42
SCY,1305.0,9.81,0.85,46999895056797.0,8696444913368400.0,2.32,7.8,16.73
SD2,42.0,101.56,0.34,1.55547354213377e+16,3.37263382255221e+16,-2.62,-44.5,-13.16
SD3,40.0,126.4,1.47,1.01234256761768e+16,1.82821454716401e+16,-15.41,-8.5,-2.24
SD4,-4048.0,-0.72,-4.46,-6187751494523350.0,0.0,-45.81,-91.79,-16.5
SD5,909.0,8.8,0.43,1.48083449317774e+16,4921786009161590.0,3.31,28.68,6.8
SD6,8.0,377.66,0.6,3682168224423860.0,1.77825510873524e+16,-23.28,-78.47,-6.4
SD9,739.0,16.23,0.48,2.80764150909932e+16,5.71643884128881e+16,-15.47,15.42,-7.95
SDA,2.0,2759.07,0.67,1.78432790198018e+16,2444530262019030.0,-7.49,-50.9,-0.98
SDC,743.0,10.1,0.37,2.24696533006307e+16,356631655000465.0,38.93,15.64,-7.06
SDD,-1003.0,-1.5,0.26,-7597966635203580.0,-1.75550116171002e+16,-78.1,-192.76,-11.77
SDG,-2699.0,-5.56,0.48,-6625804608354040.0,-169346452982718.0,-17.55,-80.24,-14.96
SDN,2915.0,10.81,1.43,8094507531657430.0,1.32215929508783e+16,8.24,14.41,3.97
SDT,-1.0,-2842.28,0.21,-1.96852407627387e+16,-5192592367299370.0,45.47,14.5,-7.93
SDU,64.0,299.21,1.09,1.07368083412501e+16,3.62659996284692e+16,1.08,5.43,-0.73
SEA,1404.0,34.55,2.5,6741301140534680.0,7217556497651730.0,-14.24,-8.9,0.79
SEB,3654.0,13.0,2.31,1.9158303204701e+16,2031478434385790.0,-17.83,-23.41,-1.68
SED,6578.0,3.51,0.64,1.00467457801198e+16,1.82663335679455e+16,27.86,18.94,13.83
SFC,1674.0,13.32,1.4,6713395980755730.0,1.05299770250941e+16,1.24,-8.88,-4.15
SFG,507.0,19.73,0.74,1.75788642278312e+16,3747575183822510.0,2.64,59.85,11.04
SFI,3440.0,8.87,0.92,8511347090196210.0,1026430022365020.0,6.9,-11.93,3.38
SFN,2951.0,7.25,0.79,1013535760459130.0,1.08416125504657e+16,-1.93,-2.31,2.93
SGB,248.0,50.82,1.04,2380247982585890.0,1.93572743330288e+16,0.0,0.0,5.59
SGC,14033.0,8.76,2.54,2.22310905276884e+16,2896756601462980.0,55.6,85.57,51.82
SGD,-24.0,-531.97,0.86,5962602201017360.0,8878576708579400.0,-6.67,2.76,1.19
SGH,1152.0,31.25,3.12,859380944056678.0,9977494995812020.0,7.32,10.58,-21.11
SGI,90.0,144.19,0.35,81100000000.0,1.53519801479058e+16,21.91,9.29,15.3
SGN,8059.0,10.42,2.36,1975336913514220.0,2.46249428255874e+16,4.3,8.61,15.51
SGP,831.0,33.83,2.1,3011663817222230.0,5.95958116871989e+16,17.31,1.62,6.58
SGR,1377.0,27.23,2.25,3661377514036980.0,836892978314131.0,52.74,56.08,11.41
SGS,1840.0,9.57,0.81,7799389904943260.0,868810056835489.0,-21.45,-42.84,5.05
SGT,905.0,19.05,1.22,1468644865785220.0,6272935010835530.0,40.9,97.04,25.21
SHA,417.0,9.96,0.33,1.31171025289369e+16,3265580159246390.0,5.24,-4.73,4.95
SHB,2520.0,4.07,0.65,1233338491132010.0,1593106736235660.0,0.0,0.0,18.52
SHE,1220.0,7.37,0.68,5500628132884060.0,9212309973757790.0,6.31,-23.08,15.11
SHI,485.0,32.49,1.21,1172284176069170.0,5262564581464660.0,17.14,13.78,24.62
SHN,67.0,101.24,0.55,1.57702952861324e+16,553844697246598.0,-33.24,-44.38,-1.88
SHP,2924.0,11.83,2.62,2.04872892513152e+16,2.21060826531292e+16,-5.04,4.68,-6.56
SHS,1244.0,10.29,0.93,7213280009201210.0,9029038015889430.0,36.38,66.72,22.44
SID,703.0,17.06,0.5,2.73824666102099e+16,2.92291299447212e+16,12.75,-1.39,3.46
SII,10228.0,1.63,0.73,2457248362522490.0,4516403659775730.0,8.98,647.01,25.2
SIP,5992.0,13.87,3.59,5.10708930051496e+16,26220324821756.0,16.83,17.66,18.83
SJ1,1138.0,10.28,1.4,2.33829802230173e+16,8652763199867040.0,10.11,22.26,16.04
SJD,2065.0,6.9,0.96,1.05228853750598e+16,1.39175179113744e+16,-1.92,-1.51,0.56
SJE,6395.0,2.85,0.49,6361332368592870.0,1.87451011921606e+16,238.96,55.84,39.16
SJF,64.0,26.65,0.27,6366955020096880.0,1011662584903120.0,4.39,-57.18,6.72
SJG,1661.0,11.08,0.88,4.19827328209476e+16,1.00205457689086e+16,-3.37,10.3,-1.08
SJS,2333.0,31.72,2.82,3382945638849000.0,8910795329216880.0,54.56,111.18,5.41
SKG,524.0,21.77,0.86,3.78032419411425e+16,3841822127443020.0,-6.91,-27.5,0.15
SKH,1705.0,15.95,2.2,6874616267309840.0,1.37788267487775e+16,-38.04,-28.34,-14.19
SKV,2729.0,11.76,1.95,7616245502641180.0,1.65626817006288e+16,-26.71,-16.92,-7.58
SLS,53754.0,3.43,1.16,3.10411554224123e+16,3385480219654450.0,-17.73,-5.27,26.36
SMA,639.0,21.59,1.17,3.02494986878241e+16,541057982219588.0,-13.41,-23.26,-5.69
SMB,5981.0,7.19,2.14,1.71675285125731e+16,2978124501816320.0,9.58,18.35,2.28
SMC,-3663.0,-2.28,1.2,-6355241534211600.0,-5610194328817680.0,-34.87,-64.75,-26.98
SMN,2116.0,6.62,0.77,9208435785242650.0,1.16872968488925e+16,3.63,-4.22,3.4
SMT,280.0,20.34,0.45,1.30929321376085e+16,2197883813179900.0,-45.64,10.81,-25.98
SNZ,2575.0,13.2,1.17,7714603127362930.0,1.48470959039056e+16,8.13,15.8,-9.43
SP2,2617.0,7.45,3.39,8917945380508150.0,4.54855300855592e+16,18.06,40.35,-7.89
SPB,1140.0,17.55,1.12,1.65484717370753e+16,6392997108347290.0,7.78,59.27,4.35
SPC,-4563.0,-1.86,0.75,-9900172985511230.0,-4.01661373773759e+16,-18.49,-6.51,-9.36
SPD,696.0,11.5,0.73,2.0321969859814e+16,6316009448263040.0,-3.52,4.53,4.81
SPM,458.0,24.46,0.19,6239338629766880.0,7828073566569980.0,-26.68,-12.95,-1.54
SPV,1975.0,8.81,1.05,5302967968953280.0,1.19069415689229e+16,27.36,37.35,18.2
SQC,-718.0,-26.88,3.45,-1227785259074070.0,-1.2817102164579e+16,18.1,36.51,-10.99
SRA,646.0,3.41,0.14,3.77934622606805e+16,4.18985749148632e+16,257.54,387.29,12.25
SRC,4458.0,5.5,1.25,1.05786964788526e+16,2.2807124407784e+16,-14.19,-11.6,-12.2
SRF,62.0,141.58,0.69,1.02076266944258e+16,3.74773081823191e+16,-34.49,-34.54,-9.09
SSB,1844.0,9.09,1.36,1.47867455766991e+16,1.37589519483482e+16,0.0,0.0,22.39
SSC,3204.0,10.77,1.2,8073353133103680.0,1.11007632665407e+16,28.51,12.53,-3.55
SSH,2188.0,30.62,3.83,5.8104717649776e+16,1275405949649270.0,1.12,-23.39,9.11
SSI,1772.0,14.7,1.91,3870512090088530.0,1060553206528110.0,19.16,10.97,6.16
SSM,920.0,5.0,0.35,3825140596282000.0,7090724401461200.0,168.67,79.21,-17.21
ST8,864.0,8.0,0.58,4661886320211890.0,785636302340116.0,3479.98,735.72,86.99
STB,5351.0,6.9,1.27,1.34842514945965e+16,1.83502185746325e+16,0.0,0.0,10.93
STC,2527.0,6.73,0.69,6927771581875260.0,1.07225779976968e+16,-2.58,-3.79,2.8
STG,1910.0,20.0,1.57,651072994928219.0,8292214507055500.0,36.67,36.53,6.31
STH,61.0,103.52,0.62,5556375068276170.0,5.96086000095384e+16,6.22,-24.27,0.89
STK,476.0,51.53,1.36,118861518198261.0,2.62133009684732e+16,-15.07,-16.06,29.08
STP,769.0,13.14,0.57,3498247757076560.0,436920181191377.0,-8.57,-3.94,-2.71
STW,2586.0,12.68,1.91,1.33501890073884e+16,1503335735708960.0,4.33,1.05,12.48
SVC,1113.0,18.16,0.57,2.06976045215649e+16,7913565309457910.0,19.74,23.53,24.97
SVD,492.0,6.7,0.35,3840754920897950.0,5234034207908710.0,49.34,54.76,-11.19
SVG,4.0,1263.24,0.47,2914214717090880.0,3755991665654470.0,0.55,-12.29,-6.53
SVH,1998.0,3.0,0.4,5.832871526043e+16,1.34099410009373e+16,6.29,9.91,24.59
SVI,5918.0,10.14,0.88,5609837010857460.0,870509666834132.0,0.03,-16.24,10.56
SVN,22.0,154.34,0.32,2.00573320335607e+16,2.08460399714128e+16,6.62,-33.43,-1.18
SVT,1593.0,7.75,0.91,1.1654114271504e+16,1.17188546658028e+16,-96.16,-39.36,0.64
SWC,4004.0,6.87,0.97,1.24075682992195e+16,1420201365180440.0,39.71,28.36,11.32
SZB,6555.0,6.06,1.76,1.24613017134943e+16,2.89779270870792e+16,37.7,72.09,6.11
SZE,1019.0,11.68,0.99,4950571551512500.0,8456900199367740.0,-6.92,5.08,-1.42
SZG,3411.0,10.03,2.06,4778333762690260.0,2.05776885385938e+16,3.42,1.63,6.21
SZL,3824.0,11.06,1.83,5.54491002477774e+16,1.65571559936688e+16,10.68,6.14,-1.55
TA9,2182.0,5.68,0.93,1387345017853380.0,1642016759575370.0,21.51,21.96,-12.29
TAL,2213.0,9.17,1.43,7260382572508010.0,1608613938052650.0,-47.97,-53.59,-5.97
TBC,2804.0,14.98,1.95,1.50426650663695e+16,1675077778856470.0,25.0,27.54,-1.05
TBD,4449.0,21.62,5.1,7616805120396340.0,2.28857970917318e+16,23.68,41.71,27.55
TBX,67.0,330.61,1.67,4192857746357490.0,5038654808516550.0,-2.39,8.45,1.08
TCB,4116.0,5.99,1.18,2223144284616220.0,1.47087736557064e+16,0.0,0.0,15.22
TCD,228.0,20.33,0.4,1.20267416524997e+16,2.8804738245991e+16,-35.01,-27.12,0.92
TCI,527.0,16.89,0.82,2.64615174232952e+16,4689358043237280.0,35.29,45.86,17.64
TCK,1642.0,2.25,-2.18,4343427356702650.0,0.0,-3.08,66.56,-3.86
TCL,4733.0,7.43,1.64,1288575089338700.0,2.20766058425033e+16,6.63,4.79,17.84
TCM,2824.0,16.94,2.15,713815105671192.0,1.22403605187561e+16,14.61,23.66,18.79
TCO,1039.0,13.1,1.27,1.05650283570559e+16,6123353575907660.0,15253.92,1520.81,67.12
TCR,-1346.0,-2.56,0.43,-6193448486632940.0,-1.67672371707637e+16,1.86,-46.54,6.75
TCT,901.0,18.64,0.64,3360693836851470.0,3427345615407180.0,-37.12,-114.72,-5.15
TCW,4822.0,6.49,1.68,1566602266665920.0,2.75270572256916e+16,14.05,14.27,6.06
TDC,4186.0,2.75,0.95,9559132504976430.0,3.47953668427382e+16,289.25,485.5,22.0
TDF,500.0,20.98,0.41,9488162798247300.0,1.95988042629585e+16,-7.51,-42.24,-7.24
TDG,282.0,12.8,0.34,6570490519293290.0,2.31656741739443e+16,8.55,-10.79,31.62
TDH,-2557.0,-1.12,3.7,-4.10035244848643e+16,-3306763808732600.0,-59.51,24.19,-47.32
TDM,1887.0,26.39,2.18,6760282857905200.0,8117175846585100.0,2.22,6.98,16.14
TDP,1203.0,27.27,2.82,2.49277062195256e+16,9603566462424960.0,14.88,13.56,7.5
TDS,43.0,239.83,0.59,1.43061757620026e+16,2444774517801190.0,7.18,-17.1,-14.17
TDT,613.0,11.91,0.62,2.38124810193601e+16,5241703972376850.0,15.64,17.66,5.1
TDW,6655.0,7.68,1.79,1.0017812984876e+16,232885263902522.0,2.77,0.98,21.07
TED,5114.0,11.15,1.98,677244608542625.0,2.42518256096114e+16,-7.96,-7.3,3.91
TEG,69.0,102.89,0.58,3.32832979218004e+16,3.90261911767912e+16,-8.22,-44.68,48.67
TET,862.0,35.94,1.54,4134163386421090.0,4.27607920293212e+16,-1.86,-27.44,-1.46
TFC,9072.0,5.21,2.1,1.62024441678807e+16,4032940071323300.0,16.04,96.31,37.99
TGG,-499.0,-4.61,0.35,-5612937665693060.0,-9313691349326390.0,6816.38,3388.47,-35.93
TH1,1665.0,1.92,1.4,2.90340323076318e+16,7269333940606570.0,79.75,170.8,36.55
THB,334.0,34.47,0.89,1.37588187706541e+16,2.58277061634624e+16,8.03,2.5,-12.79
THD,217.0,163.53,3.17,1874145482243280.0,1937880875078420.0,-47.94,-27.2,-33.99
THG,5725.0,8.65,1.7,6573378622423810.0,1.89285539317547e+16,11.83,15.82,17.53
THM,566.0,12.55,0.67,3698569239938770.0,5015755233116970.0,69.18,22.86,0.1
THN,1895.0,2.69,0.39,9021865618675890.0,1.46215230786569e+16,6.44,-1.33,0.1
THP,742.0,11.19,0.5,1.20764100748227e+16,4.45842320705402e+16,7.56,14.33,-13.12
THS,460.0,18.68,0.59,1.03983573875701e+16,3149720941043610.0,18.41,-0.2,57.85
THT,2154.0,5.71,0.76,3.07706359418344e+16,1.32619767219182e+16,-1.43,-13.66,6.71
TID,1603.0,14.85,1.12,2439209215326240.0,1039196326851700.0,36.88,16.63,16.16
TIG,735.0,18.1,1.42,3424213653168450.0,7733797860343920.0,21.64,73.49,-1.0
TIN,-2002.0,-7.14,1.4,-1.86231363117828e+16,-163494446793277.0,0.0,0.0,19.18
TIP,2808.0,7.59,0.76,8763751120255150.0,1.02958604781079e+16,6.41,12.08,7.55
TIS,-29.0,-208.13,0.71,-4.50768606402115e+16,-2959266047683090.0,11.23,101.48,1.33
TIX,3505.0,10.83,1.35,867561432577985.0,1.24688441625612e+16,4.19,-3.56,-0.15
TJC,251.0,72.24,0.89,1.20869017906506e+16,1.22588912286018e+16,-94.89,-79.14,-9.74
TKU,1280.0,12.03,1.31,5840347278225270.0,1086612162236420.0,5.99,248.95,28.56
TL4,132.0,53.19,0.56,3.19304698441544e+16,9430996724727090.0,-56.05,-44.59,-10.78
TLD,243.0,24.37,0.56,1798176362340910.0,2.310072892983e+16,72.64,105.54,4.42
TLG,5807.0,11.35,2.43,1369815305296490.0,1.9606015282048e+16,8.57,10.77,19.62
TLH,-5217.0,-0.88,0.41,-1.52023142907383e+16,-4750756378307620.0,2.4,-291.29,-4.75
TLT,1791.0,7.54,1.02,3.70735926549442e+16,1.34840809532156e+16,9.33,24.24,1.74
TMB,9583.0,7.92,1.44,3.61703396248615e+16,181784926200398.0,12.41,0.54,0.78
TMC,808.0,10.76,0.56,2972856405318690.0,5169565905836760.0,-2.0,7.09,-1.71
TMG,3065.0,16.38,3.59,9841251522975980.0,2.19482498551217e+16,19.83,16.29,17.21
TMP,5004.0,13.89,3.16,1.75349690325155e+16,2305816995835230.0,-10.59,-18.04,-5.61
TMS,1193.0,35.2,1.36,2.16212986914362e+16,3518222339352330.0,38.96,33.44,12.92
TMT,-8554.0,-1.15,2.96,-2.15236379455147e+16,-2573040658907450.0,-11.77,-143.61,-32.45
TMX,214.0,46.32,0.66,938883810326928.0,1.43206051245618e+16,-3.94,11.16,-2.38
TN1,1011.0,10.73,0.65,2.47202392185017e+16,5.77866961281822e+16,-1.39,-4.13,26.98
TNA,-1243.0,-2.98,0.36,-2.96297359448932e+16,-1.23045519172936e+16,-73.41,-75.82,-10.54
TNB,134.0,79.4,0.84,3997391870221830.0,1.06365781159128e+16,-3.88,-7.02,18.43
TNC,2132.0,15.27,1.84,1.09805981769265e+16,1.20391574309027e+16,10.54,80.86,1.92
TNG,2702.0,9.33,1.63,5431963760819320.0,1.66759055954462e+16,9.03,20.13,11.13
TNH,434.0,42.36,1.43,1926133613496930.0,2.64677153601957e+16,-16.69,-43.23,19.52
TNI,-528.0,-4.22,0.23,-2.97874244846152e+16,-5509028891781900.0,30.38,-48.73,2.91
TNS,2395.0,2.34,1.43,1.06332655146606e+16,6112699029283840.0,130.72,270.55,13.0
TNT,7.0,604.62,0.35,-1.1319770755108e+16,-1.20487548404073e+16,44.03,-44.59,-58.56
TNV,189.0,47.09,0.97,1.50680152089615e+16,2062556267204540.0,3.49,12.69,5.14
TNW,-326.0,-32.82,0.85,-6302620692931100.0,-2.57961659069571e+16,3.83,2.19,-4.11
TOS,14230.0,5.17,1.47,8848014120460640.0,3.1576579081939e+16,151.55,89.03,56.36
TOT,2800.0,6.25,1.19,1.01034492948873e+16,1.70755632541287e+16,2.7,-3.02,24.58
TPB,2616.0,6.36,1.17,1.45290969005021e+16,1.61546669973365e+16,0.0,0.0,17.21
TPC,529.0,14.57,0.58,2457623735559720.0,398037270362202.0,-23.01,157.45,4.86
TPH,677.0,22.76,1.28,2780483196609490.0,5621774695975560.0,-4.43,-2.65,2.15
TPP,924.0,11.25,0.84,1726986758155540.0,748696557106315.0,26.62,23.46,22.32
TRA,5767.0,13.61,2.01,1.18663756104772e+16,1.59302370136314e+16,1.64,-0.68,2.12
TRC,7602.0,7.08,0.83,1.00926373475373e+16,1.17964078339545e+16,33.75,135.9,9.89
TS4,-268.0,-4.48,-0.04,-1.49002046989654e+16,0.0,-90.31,-99.82,-2.58
TSA,678.0,17.27,1.03,3.68628672656094e+16,5982586936145310.0,76.77,37.32,9.93
TSB,773.0,55.62,3.61,4.47363757897816e+16,6485391743978090.0,15.56,21.86,7.02
TSC,5.0,464.29,0.19,102113243630216.0,1.21871768594106e+16,32.1,56.28,-1.16
TSJ,1092.0,32.77,3.12,9161757216932150.0,9512649405125100.0,2.52,-9.59,1.03
TT6,715.0,12.59,0.8,3136173639514810.0,6389669898336010.0,17.6,34.18,22.11
TTA,1345.0,9.29,0.98,5.38687152442855e+16,1.05148768333602e+16,12.0,15.14,-2.96
TTC,525.0,19.82,0.53,1936353279058060.0,2678436795090690.0,-24.2,-22.82,-13.88
TTD,5419.0,13.01,3.38,214601669642012.0,2600312286318930.0,5.0,3.59,2.31
TTE,-818.0,-46.27,3.81,-2.54449005288909e+16,-8170130103927630.0,-14.47,-24.38,-27.26
TTF,30.0,100.11,3.07,4041813742492880.0,2795606823048670.0,-21.54,-44.56,-1.41
TTH,-339.0,-8.26,0.25,-1.96039017424379e+16,-3.07753181991804e+16,1.72,-78.43,-1.67
TTL,-187.0,-62.57,0.78,814625745638338.0,3556648910522580.0,14.01,-23.65,-2.39
TTN,1651.0,14.11,1.8,1.05114952581064e+16,1.27887816341793e+16,-0.71,50.19,9.1
TTS,221.0,19.01,0.7,8709049508349920.0,3668043696298250.0,27.96,-5.87,7.97
TTT,4742.0,6.75,0.33,5809977529260020.0,6.11951172177254e+16,-12.12,-31.93,-2.5
TUG,2957.0,6.16,0.83,9776702072983910.0,1.34922618030853e+16,5.58,7.91,7.8
TV1,3446.0,6.41,1.44,871774416424846.0,2.24834141607606e+16,5.42,25.67,-9.05
TV2,958.0,34.86,1.72,2.9321090048602e+16,4.94184144512284e+16,25.9,-7.58,-10.35
TV3,1278.0,8.76,0.69,4578968291073830.0,7843103639787050.0,-7.88,-23.07,-6.42
TV4,1551.0,8.77,1.02,8192896877632300.0,1.15906063797101e+16,2.5,-14.49,0.17
TVA,-259.0,-30.52,0.55,-1.18361950710696e+16,-1.81253392359457e+16,6.94,6.84,-19.13
TVB,1125.0,7.45,0.82,1071860546803320.0,1.09817986221005e+16,29.32,18.13,16.9
TVC,2772.0,3.75,0.62,1.8215209674825e+16,2.06599250226571e+16,278.02,350.6,14.78
TVD,2098.0,5.15,0.72,3776023768395690.0,1394086332219130.0,-0.59,-16.85,17.55
TVN,423.0,18.46,0.56,1.23864924564633e+16,331955879736499.0,19.41,18.02,7.71
TVS,1752.0,11.24,1.41,3813344852429760.0,1206570536431980.0,-13.73,-18.03,-45.41
TVT,1148.0,14.33,0.61,1.65782474644342e+16,3.91185244185057e+16,1.51,44.06,-8.29
TXM,-170.0,-27.22,0.29,-7092721915799650.0,-1.07833971788177e+16,112.69,43.12,23.18
TYA,2528.0,5.38,0.76,6243484996394600.0,1.41142968531935e+16,26.78,78.39,30.06
UDC,-1104.0,-3.26,0.61,-5.42201743129432e+16,-2.26845879310248e+16,256.18,313.8,-1.71
UDJ,411.0,20.69,0.61,1.53896992415815e+16,2.93036045536544e+16,-48.99,-41.6,-15.44
UIC,7178.0,5.55,0.69,7955195518051350.0,1.23920137877642e+16,21.12,25.46,26.48
UNI,21.0,350.2,0.7,6563760252272720.0,2009549160376830.0,-37.6,-42.64,1.17
UPH,231.0,44.17,0.87,7931706354391060.0,1978905438373700.0,-6.82,-6.64,4.0
UXC,-1062.0,-4.42,-1.88,-4329150501347560.0,0.0,72.22,332.94,-8.72
V12,785.0,15.6,0.88,1.44635165667109e+16,5612977972725480.0,24.01,8.32,5.19
V21,-98.0,-67.34,0.66,-3.21400797124931e+16,-974133366440137.0,10.8,6.6,13.13
VAB,1624.0,5.79,0.57,7316617554474330.0,9888606646889990.0,0.0,0.0,6.81
VAF,1514.0,9.24,1.02,5.32112635706707e+16,1.10263127823302e+16,21.83,12.35,62.29
VAV,7011.0,7.13,2.26,2052634964665230.0,3.17114463736368e+16,27.82,88.01,25.25
VBB,1835.0,5.01,0.75,5532041093236070.0,1.03542065540802e+16,0.0,0.0,17.79
VBC,3721.0,5.37,0.9,697525504347835.0,1677245484556980.0,-6.01,-12.87,3.07
VC1,291.0,29.2,0.41,4932030493778550.0,1.39004840104558e+16,128.34,84.49,-0.18
VC2,817.0,11.75,0.71,1984040300409560.0,595179643217993.0,13.31,17.29,0.62
VC3,560.0,49.07,2.45,2142131854257160.0,4.65520160579876e+16,-24.18,-33.08,-9.32
VC6,2644.0,7.3,1.16,2.40107912222315e+16,1502451306926130.0,28.35,59.59,15.31
VC7,93.0,131.5,1.12,6545697998859590.0,9261095575532730.0,-21.29,-40.37,-0.18
VC9,47.0,99.41,1.24,9446854759790890.0,1244360154662630.0,-12.95,-36.72,-16.14
VCA,68.0,177.95,0.96,324092250228484.0,5390945997391460.0,-21.29,-47.47,13.2
VCB,6053.0,15.07,2.56,0.0,1701537439589060.0,0.0,0.0,13.36
VCC,307.0,29.01,0.79,5973905087076720.0,2.71699951508949e+16,-11.76,1.6,-4.1
VCF,16797.0,12.5,2.95,1794010274207800.0,2.35618839970206e+16,8.66,-2.52,-6.39
VCG,1661.0,10.93,0.98,3935857354608940.0,1.03956380676398e+16,1.33,69.03,-4.18
VCI,1822.0,18.22,1.84,3.42466851042293e+16,7035465262784630.0,49.47,40.41,54.11
VCM,1067.0,7.69,0.69,3.78032906474156e+16,4980432103542380.0,135.64,105.91,9.46
VCP,3748.0,7.15,1.09,7093308058962920.0,1.65910966188256e+16,131.33,59.19,6.52
VCR,-104.0,-227.01,3.13,-4212146936216310.0,-1.37935479563356e+16,-90.58,-92.4,4.59
VCS,5045.0,12.59,1.99,1.2477775886857e+16,1.57961228214423e+16,-0.73,-3.51,0.0
VCW,-1247.0,-24.85,1.93,-2.41896729369706e+16,-7758925197108730.0,3.64,-21.41,5.16
VCX,847.0,11.33,1.06,3.80015680010655e+16,9398292958068400.0,4.48,110.15,-0.21
VDP,3564.0,10.38,1.08,6444963313990950.0,9529805455884690.0,-6.98,-9.35,2.44
VDS,1276.0,16.39,1.81,4.55370878511914e+16,1.03721337565722e+16,27.86,-9.17,20.25
VE1,93.0,36.56,0.75,1.88615795818461e+16,2.04305522497861e+16,-21.06,388.63,4.03
VE2,-654.0,-15.29,9.44,-2.53826336037561e+16,-6171077087081670.0,-65.25,68.78,-2.24
VE3,263.0,33.49,0.6,1.79180784998629e+16,1.79008505215294e+16,91.36,41.6,55.28
VE4,491.0,528.82,26.83,8130302811768420.0,5072681234559250.0,-20.59,66.94,-22.82
VE9,-71.0,-25.41,2.67,-4791769258153610.0,-1.04907025956311e+16,-92.47,-100.71,-2.49
VEA,5536.0,7.19,2.02,2.6927807207361e+16,2828610821042010.0,8.21,38.22,1.57
VEC,-175.0,-48.6,0.68,-1277495265650020.0,-1.76363008255741e+16,-29.53,-14.86,-10.66
VEF,4194.0,40.98,7.59,7103007575805630.0,1.85117164588566e+16,-48.48,-186.58,903.97
VES,118.0,11.85,0.91,5.51044676108472e+16,7695706442113730.0,-5.26,-6.78,9.99
VET,-2381.0,-7.94,1.09,-4.42658151129568e+16,-1269189295103220.0,-10.03,-7.66,-4.16
VFC,749.0,137.56,4.86,2.39804523114228e+16,3.54097888358929e+16,-8.57,-15.91,-1.54
VFG,11255.0,7.21,2.11,1.8866438601175e+16,2.93178704144817e+16,7.21,16.95,-15.32
VFR,1787.0,6.16,0.53,711900799245561.0,8582577032638250.0,25.51,96.99,17.33
VFS,1043.0,15.43,1.21,3.36343126281537e+16,7868097721319590.0,39.46,143.57,96.26
VGC,2464.0,18.24,2.03,4.78920877730422e+16,1.19510925607096e+16,-9.71,-0.14,3.08
VGG,7929.0,5.6,0.9,6848952148960290.0,1.66345642570716e+16,13.33,28.61,6.65
VGI,1851.0,49.54,7.78,1.13324470212313e+16,2.0038690417951e+16,25.35,26.6,20.88
VGP,2185.0,14.65,1.07,3571548551606040.0,7283388449496080.0,-15.38,66.16,-25.4
VGR,5387.0,11.14,3.8,2856499729430510.0,3.41048808679366e+16,22.05,21.8,-5.7
VGS,2025.0,15.46,1.61,4.70717027062202e+16,1.01302212080523e+16,-3.09,16.28,-4.63
VGT,745.0,19.61,0.79,3580594474447730.0,7374538086982090.0,5.44,55.63,0.32
VGV,1228.0,26.47,2.41,461645618594105.0,1.10122043115382e+16,18.38,20.47,3.26
VHC,5522.0,12.78,1.76,1070084285929940.0,1.45608869171007e+16,24.94,26.68,2.57
VHD,-4687.0,-1.92,5.04,-4281434755169370.0,-2.62284431567983e+16,-37.29,-24.36,-16.39
VHE,56.0,53.57,0.28,3856589181082020.0,5316055261724000.0,38.7,23.48,19.8
VHF,232.0,78.55,1.71,1.40282693891769e+16,2.17773447644651e+16,-13.6,-21.49,6.81
VHG,-18.0,-101.98,1.98,-1793502653665490.0,-1.9418531536659e+16,0.0,0.0,-1.76
VHL,-2661.0,-3.76,0.53,-912773713763062.0,-1.41007576637702e+16,-6.59,10.43,-12.98
VHM,7282.0,5.49,0.75,6251285146089380.0,1.59009184413352e+16,-1.46,-9.19,26.11
VIB,2681.0,7.35,1.4,1.46088305434932e+16,1.72101198882819e+16,0.0,0.0,20.32
VIC,3026.0,13.21,1.01,625703126321918.0,3.42045713991657e+16,19.04,19.58,25.7
VID,363.0,13.4,0.3,1.35405350273841e+16,2266716077685940.0,-9.41,-30.0,-9.96
VIF,1027.0,16.94,1.22,6561620662064600.0,7178930524240120.0,-5.04,-15.46,-0.14
VIG,453.0,12.82,0.73,5476166145424810.0,5.72967134822093e+16,2.38,0.28,7.23
VIH,949.0,11.07,0.74,1.51575854632912e+16,670843904353589.0,0.02,8.88,-9.72
VIM,796.0,25.27,1.08,2.17768790471624e+16,4274232136791010.0,-14.17,-22.15,-6.66
VIN,1237.0,11.32,0.62,5286041258742240.0,5.49793698501379e+16,16.32,-3.53,0.45
VIP,1446.0,9.75,0.75,7100147645365220.0,7685097077922510.0,3.67,25.69,-2.32
VIT,1115.0,18.39,1.62,2.63527680594258e+16,8794006749172230.0,7.25,16.2,-6.39
VIW,-40.0,-227.76,0.75,5035194197833220.0,1.40334332525394e+16,-35.06,-18.18,-3.98
VIX,737.0,13.36,0.9,3383193664693670.0,4134189282883550.0,13.17,-23.74,115.77
VJC,2632.0,37.99,3.2,1.43344494462787e+16,8426487049609730.0,23.17,176.37,14.49
VKC,-8210.0,-0.11,-0.07,-6506483827889670.0,0.0,-17.01,-319.79,-32.17
VLA,128.0,86.09,1.0,1.01922604204466e+16,1.15870306495321e+16,34.36,22.43,10.41
VLB,4666.0,9.22,3.06,2183052628339590.0,3.31693645906093e+16,29.96,65.74,21.16
VLC,255.0,69.08,0.62,1712767465912470.0,1.94834406452905e+16,-6.18,-18.64,15.55
VLG,2014.0,5.06,0.81,1.24144567584693e+16,1.60859782569675e+16,27.23,310.81,22.36
VLW,2529.0,11.03,1.69,1.19314106800187e+16,1.53415286830385e+16,4.39,3.3,10.05
VMC,142.0,53.7,0.56,2481242048154840.0,9771011335892640.0,-4.63,-2.48,-3.28
VMD,1597.0,10.33,0.61,1765402597666460.0,5881968592158610.0,-64.74,-58.88,-25.01
VMS,1708.0,13.87,1.41,642057809522489.0,1.01383818597304e+16,31.23,8.21,2.19
VNA,2613.0,8.5,1.31,8125199408568120.0,1.13869578204252e+16,4.51,49.98,30.89
VNB,1106.0,10.22,0.7,6642210982164140.0,6813335929158880.0,-7.2,-5.88,7.09
VNC,3315.0,12.22,1.52,8966366285295290.0,1.29821126655612e+16,15.73,18.22,-3.61
VND,1261.0,9.99,0.97,3879520700417010.0,8716302524493610.0,-18.85,-26.66,6.12
VNE,-2671.0,-1.31,0.38,-7162382880217530.0,-3003744387104590.0,-33.72,-101.65,-14.47
VNF,2363.0,7.36,0.89,7581779323246820.0,1.19897346795749e+16,57.63,125.44,14.52
VNG,25.0,355.13,0.75,3.5712564497804e+16,1.44947263322597e+16,-4.45,-28.8,16.63
VNL,3213.0,5.24,0.8,9955392469029440.0,1.52763641501171e+16,58.09,92.45,16.87
VNM,4494.0,14.11,3.66,1.71717604733079e+16,2613144171158680.0,2.34,4.26,4.51
VNP,777.0,12.87,0.66,4.10602415527951e+16,5082684372995160.0,-4.44,-49.35,-6.29
VNR,2437.0,8.99,1.01,4613098643027820.0,1.02644776501959e+16,16.77,18.55,9.69
VNS,1239.0,8.4,0.61,4531683618790110.0,7313254234807600.0,-17.78,-27.07,12.23
VNT,14.0,1963.73,2.14,3518734581487900.0,1.09075134236768e+16,61.97,37.44,3.12
VNY,211.0,30.39,1.03,2196186664915890.0,3.38656216021385e+16,16.82,16.73,3.06
VNZ,-31944.0,-10.96,7.92,-1.07619202600703e+16,-8015088932799890.0,25.18,50.51,-1.41
VOC,442.0,38.91,0.97,2.4225653623326e+16,2.48573313249036e+16,-50.36,-97.59,-4.31
VOS,2395.0,7.1,1.2,1.15957466094262e+16,1.68561087592342e+16,74.94,-30.07,6.48
VPA,-3326.0,-1.14,-0.94,-1724280408302310.0,0.0,-28.21,-379.34,-7.87
VPB,1989.0,9.65,1.03,1.73046131848254e+16,108550653944856.0,0.0,0.0,13.0
VPD,1988.0,13.53,2.04,1.22238377206744e+16,1.51062540017855e+16,8.18,12.44,-4.56
VPG,1183.0,10.06,0.66,1.32868427061063e+16,6991381863828960.0,156.51,64.76,18.04
VPH,1407.0,5.01,0.61,6950760011510120.0,1.22310319471081e+16,-36.82,-86.0,-18.41
VPI,1237.0,48.35,3.77,2.75342177307199e+16,6.04373695724273e+16,1.78,-75.59,-11.07
VPS,973.0,9.05,0.63,4383339950271570.0,7188044888330590.0,8.06,14.05,6.16
VRC,15.0,778.14,0.46,886127938525815.0,1.22205878647589e+16,286.19,218.01,1.18
VRE,1802.0,9.51,0.93,741637725820311.0,9769852047250550.0,-8.7,-11.05,15.89
VRG,2256.0,10.95,1.57,5646620494004000.0,1.43512188560057e+16,-79.3,-67.27,-11.58
VSA,1559.0,14.75,0.95,3.56098566546563e+16,641439339376996.0,1.62,2.05,-2.47
VSC,1984.0,8.01,0.91,7086699893551960.0,1.11767862302668e+16,27.83,48.27,52.61
VSF,8.0,4212.99,7.31,4699341271051410.0,1.22359947618615e+16,-6.82,-10.28,1.49
VSH,1898.0,25.87,2.48,5208359639058570.0,9572938475371940.0,-29.04,-43.98,-9.71
VSI,1794.0,10.03,1.24,4557201379941450.0,1.25582193875264e+16,-45.87,-3.44,2.58
VSM,3651.0,5.34,0.74,991474769034935.0,1.40255408210784e+16,11.55,24.22,-4.35
VSN,1373.0,13.4,1.15,5275500601533720.0,857922925186268.0,-5.89,-5.34,-3.3
VST,3239.0,0.86,-0.29,5764165139261090.0,0.0,13.33,754.13,-17.62
VTB,1075.0,10.27,0.62,4768123653516540.0,5899580505046310.0,1.44,-11.37,3.02
VTC,760.0,10.65,0.46,1.36229627141784e+16,4365749791129760.0,32.11,24.19,-4.91
VTD,-442.0,-17.89,0.66,-2.30596918493568e+16,-3712326220357200.0,-5.75,-18.7,4.36
VTE,26.0,210.16,0.51,1.31037174339182e+16,2.40926719311751e+16,-10.93,-19.12,12.02
VTG,300.0,31.0,1.03,3009831137577160.0,3660511095909200.0,-27.68,-80.71,0.5
VTH,1314.0,6.32,0.66,2.0342357854214e+16,1.05011773668879e+16,48.77,10.18,45.41
VTJ,4.0,1110.04,0.57,4.71890966258248e+16,5092251975660460.0,-100.0,-100.0,0.12
VTO,1370.0,10.73,1.0,6769466193486760.0,9358832720078910.0,3.91,29.03,-1.71
VTP,3144.0,43.55,10.46,6.02980724915802e+16,2.40199116861393e+16,5.97,15.09,-1.33
VTQ,163.0,200.07,4.37,1.40083044881609e+16,2170894124775870.0,95.25,115.45,2.02
VTR,1668.0,12.29,1.22,1775126822435480.0,9754200770744700.0,13.34,-8.05,12.82
VTV,-224.0,-28.57,0.5,-7327216196016490.0,-1.7623571774082e+16,-52.25,-59.62,-10.5
VTX,-4984.0,-1.6,1.97,-4718538698189930.0,-1.2277385115834e+16,38.06,-151.63,-27.73
VTZ,1323.0,13.0,1.6,2.54122485101847e+16,7478839197293010.0,33.37,45.69,43.03
VUA,-843.0,-14.7,1.57,-1.06090576333908e+16,-1.06733758375614e+16,-8.65,-134.81,-10.29
VVN,-8062.0,-0.36,-0.08,-8706975727907670.0,0.0,56.25,-13.7,5.39
VVS,3198.0,5.0,0.98,2969452748066770.0,1950626591750090.0,71.79,29.56,23.93
VW3,899.0,12.02,0.48,1.47679309601444e+16,4015029446566070.0,-26.44,-26.69,-22.96
WCS,30188.0,8.94,2.54,2453382795397010.0,2841592000277500.0,12.85,12.01,8.24
WSB,5692.0,12.53,1.35,8937124219349010.0,1074934958413150.0,12.72,1.92,0.85
WSS,-635.0,-7.56,0.5,-6550773720866230.0,-6614048306416240.0,-45.43,-416.8,-5.98
X20,2633.0,3.95,0.62,6560733042754050.0,1564992019236740.0,25.83,40.43,17.39
XDH,769.0,18.21,0.69,242335367867374.0,377909627680579.0,-9.1,48.15,-0.65
XHC,2525.0,10.5,1.53,78594913972453.0,1456357357513580.0,-30.94,-7.97,-8.01
XMC,117.0,57.28,0.54,2.96223907000727e+16,9815716675902660.0,-27.03,-15.89,-17.8
XMP,1217.0,13.15,1.38,4752009476466560.0,1.05307127805665e+16,9.46,16.53,-4.98
XPH,-556.0,-14.21,0.71,-4876205310060070.0,-4991573528684190.0,4.91,38.03,-5.1
YBM,941.0,11.16,0.8,2.15689177664126e+16,7180223870724430.0,39.26,44.23,10.42
YEG,946.0,19.66,1.69,5.08645359244104e+16,8412663244737260.0,144.59,24.84,33.97
